[2026-04-10T05:37:32.669+0000] {processor.py:161} INFO - Started process (PID=25) to work on /opt/airflow/dags/flight-pipeline.py
[2026-04-10T05:37:32.686+0000] {processor.py:830} INFO - Processing file /opt/airflow/dags/flight-pipeline.py for tasks to queue
[2026-04-10T05:37:32.726+0000] {logging_mixin.py:188} INFO - [2026-04-10T05:37:32.722+0000] {dagbag.py:545} INFO - Filling up the DagBag from /opt/airflow/dags/flight-pipeline.py
[2026-04-10T05:37:32.958+0000] {logging_mixin.py:188} INFO - [2026-04-10T05:37:32.937+0000] {dagbag.py:355} ERROR - Failed to import: /opt/airflow/dags/flight-pipeline.py
Traceback (most recent call last):
  File "/home/airflow/.local/lib/python3.12/site-packages/airflow/models/dagbag.py", line 351, in parse
    loader.exec_module(new_module)
  File "<frozen importlib._bootstrap_external>", line 991, in exec_module
  File "<frozen importlib._bootstrap_external>", line 1129, in get_code
  File "<frozen importlib._bootstrap_external>", line 1059, in source_to_code
  File "<frozen importlib._bootstrap>", line 488, in _call_with_frames_removed
  File "/opt/airflow/dags/flight-pipeline.py", line 27
    )
     ^
SyntaxError: expected ':'
[2026-04-10T05:37:32.965+0000] {processor.py:842} WARNING - No viable dags retrieved from /opt/airflow/dags/flight-pipeline.py
[2026-04-10T05:37:33.275+0000] {processor.py:183} INFO - Processing /opt/airflow/dags/flight-pipeline.py took 0.697 seconds
[2026-04-10T05:38:03.748+0000] {processor.py:161} INFO - Started process (PID=26) to work on /opt/airflow/dags/flight-pipeline.py
[2026-04-10T05:38:03.749+0000] {processor.py:830} INFO - Processing file /opt/airflow/dags/flight-pipeline.py for tasks to queue
[2026-04-10T05:38:03.753+0000] {logging_mixin.py:188} INFO - [2026-04-10T05:38:03.752+0000] {dagbag.py:545} INFO - Filling up the DagBag from /opt/airflow/dags/flight-pipeline.py
[2026-04-10T05:38:03.774+0000] {logging_mixin.py:188} INFO - [2026-04-10T05:38:03.773+0000] {dagbag.py:355} ERROR - Failed to import: /opt/airflow/dags/flight-pipeline.py
Traceback (most recent call last):
  File "/home/airflow/.local/lib/python3.12/site-packages/airflow/models/dagbag.py", line 351, in parse
    loader.exec_module(new_module)
  File "<frozen importlib._bootstrap_external>", line 991, in exec_module
  File "<frozen importlib._bootstrap_external>", line 1129, in get_code
  File "<frozen importlib._bootstrap_external>", line 1059, in source_to_code
  File "<frozen importlib._bootstrap>", line 488, in _call_with_frames_removed
  File "/opt/airflow/dags/flight-pipeline.py", line 27
    )
     ^
SyntaxError: expected ':'
[2026-04-10T05:38:03.775+0000] {processor.py:842} WARNING - No viable dags retrieved from /opt/airflow/dags/flight-pipeline.py
[2026-04-10T05:38:03.809+0000] {processor.py:183} INFO - Processing /opt/airflow/dags/flight-pipeline.py took 0.070 seconds
[2026-04-10T05:38:33.957+0000] {processor.py:161} INFO - Started process (PID=27) to work on /opt/airflow/dags/flight-pipeline.py
[2026-04-10T05:38:33.958+0000] {processor.py:830} INFO - Processing file /opt/airflow/dags/flight-pipeline.py for tasks to queue
[2026-04-10T05:38:33.961+0000] {logging_mixin.py:188} INFO - [2026-04-10T05:38:33.961+0000] {dagbag.py:545} INFO - Filling up the DagBag from /opt/airflow/dags/flight-pipeline.py
[2026-04-10T05:38:33.983+0000] {logging_mixin.py:188} INFO - [2026-04-10T05:38:33.981+0000] {dagbag.py:355} ERROR - Failed to import: /opt/airflow/dags/flight-pipeline.py
Traceback (most recent call last):
  File "/home/airflow/.local/lib/python3.12/site-packages/airflow/models/dagbag.py", line 351, in parse
    loader.exec_module(new_module)
  File "<frozen importlib._bootstrap_external>", line 991, in exec_module
  File "<frozen importlib._bootstrap_external>", line 1129, in get_code
  File "<frozen importlib._bootstrap_external>", line 1059, in source_to_code
  File "<frozen importlib._bootstrap>", line 488, in _call_with_frames_removed
  File "/opt/airflow/dags/flight-pipeline.py", line 27
    )
     ^
SyntaxError: expected ':'
[2026-04-10T05:38:33.983+0000] {processor.py:842} WARNING - No viable dags retrieved from /opt/airflow/dags/flight-pipeline.py
[2026-04-10T05:38:34.014+0000] {processor.py:183} INFO - Processing /opt/airflow/dags/flight-pipeline.py took 0.065 seconds
[2026-04-10T05:39:04.287+0000] {processor.py:161} INFO - Started process (PID=28) to work on /opt/airflow/dags/flight-pipeline.py
[2026-04-10T05:39:04.289+0000] {processor.py:830} INFO - Processing file /opt/airflow/dags/flight-pipeline.py for tasks to queue
[2026-04-10T05:39:04.293+0000] {logging_mixin.py:188} INFO - [2026-04-10T05:39:04.292+0000] {dagbag.py:545} INFO - Filling up the DagBag from /opt/airflow/dags/flight-pipeline.py
[2026-04-10T05:39:04.319+0000] {logging_mixin.py:188} INFO - [2026-04-10T05:39:04.316+0000] {dagbag.py:355} ERROR - Failed to import: /opt/airflow/dags/flight-pipeline.py
Traceback (most recent call last):
  File "/home/airflow/.local/lib/python3.12/site-packages/airflow/models/dagbag.py", line 351, in parse
    loader.exec_module(new_module)
  File "<frozen importlib._bootstrap_external>", line 991, in exec_module
  File "<frozen importlib._bootstrap_external>", line 1129, in get_code
  File "<frozen importlib._bootstrap_external>", line 1059, in source_to_code
  File "<frozen importlib._bootstrap>", line 488, in _call_with_frames_removed
  File "/opt/airflow/dags/flight-pipeline.py", line 27
    )
     ^
SyntaxError: expected ':'
[2026-04-10T05:39:04.320+0000] {processor.py:842} WARNING - No viable dags retrieved from /opt/airflow/dags/flight-pipeline.py
[2026-04-10T05:39:04.357+0000] {processor.py:183} INFO - Processing /opt/airflow/dags/flight-pipeline.py took 0.080 seconds
[2026-04-10T05:39:34.710+0000] {processor.py:161} INFO - Started process (PID=29) to work on /opt/airflow/dags/flight-pipeline.py
[2026-04-10T05:39:34.711+0000] {processor.py:830} INFO - Processing file /opt/airflow/dags/flight-pipeline.py for tasks to queue
[2026-04-10T05:39:34.715+0000] {logging_mixin.py:188} INFO - [2026-04-10T05:39:34.714+0000] {dagbag.py:545} INFO - Filling up the DagBag from /opt/airflow/dags/flight-pipeline.py
[2026-04-10T05:39:34.735+0000] {logging_mixin.py:188} INFO - [2026-04-10T05:39:34.733+0000] {dagbag.py:355} ERROR - Failed to import: /opt/airflow/dags/flight-pipeline.py
Traceback (most recent call last):
  File "/home/airflow/.local/lib/python3.12/site-packages/airflow/models/dagbag.py", line 351, in parse
    loader.exec_module(new_module)
  File "<frozen importlib._bootstrap_external>", line 991, in exec_module
  File "<frozen importlib._bootstrap_external>", line 1129, in get_code
  File "<frozen importlib._bootstrap_external>", line 1059, in source_to_code
  File "<frozen importlib._bootstrap>", line 488, in _call_with_frames_removed
  File "/opt/airflow/dags/flight-pipeline.py", line 27
    )
     ^
SyntaxError: expected ':'
[2026-04-10T05:39:34.736+0000] {processor.py:842} WARNING - No viable dags retrieved from /opt/airflow/dags/flight-pipeline.py
[2026-04-10T05:39:34.770+0000] {processor.py:183} INFO - Processing /opt/airflow/dags/flight-pipeline.py took 0.069 seconds
[2026-04-10T05:40:05.234+0000] {processor.py:161} INFO - Started process (PID=30) to work on /opt/airflow/dags/flight-pipeline.py
[2026-04-10T05:40:05.236+0000] {processor.py:830} INFO - Processing file /opt/airflow/dags/flight-pipeline.py for tasks to queue
[2026-04-10T05:40:05.241+0000] {logging_mixin.py:188} INFO - [2026-04-10T05:40:05.240+0000] {dagbag.py:545} INFO - Filling up the DagBag from /opt/airflow/dags/flight-pipeline.py
[2026-04-10T05:40:05.262+0000] {logging_mixin.py:188} INFO - [2026-04-10T05:40:05.260+0000] {dagbag.py:355} ERROR - Failed to import: /opt/airflow/dags/flight-pipeline.py
Traceback (most recent call last):
  File "/home/airflow/.local/lib/python3.12/site-packages/airflow/models/dagbag.py", line 351, in parse
    loader.exec_module(new_module)
  File "<frozen importlib._bootstrap_external>", line 991, in exec_module
  File "<frozen importlib._bootstrap_external>", line 1129, in get_code
  File "<frozen importlib._bootstrap_external>", line 1059, in source_to_code
  File "<frozen importlib._bootstrap>", line 488, in _call_with_frames_removed
  File "/opt/airflow/dags/flight-pipeline.py", line 27
    )
     ^
SyntaxError: expected ':'
[2026-04-10T05:40:05.263+0000] {processor.py:842} WARNING - No viable dags retrieved from /opt/airflow/dags/flight-pipeline.py
[2026-04-10T05:40:05.294+0000] {processor.py:183} INFO - Processing /opt/airflow/dags/flight-pipeline.py took 0.068 seconds
[2026-04-10T05:40:35.620+0000] {processor.py:161} INFO - Started process (PID=31) to work on /opt/airflow/dags/flight-pipeline.py
[2026-04-10T05:40:35.622+0000] {processor.py:830} INFO - Processing file /opt/airflow/dags/flight-pipeline.py for tasks to queue
[2026-04-10T05:40:35.626+0000] {logging_mixin.py:188} INFO - [2026-04-10T05:40:35.625+0000] {dagbag.py:545} INFO - Filling up the DagBag from /opt/airflow/dags/flight-pipeline.py
[2026-04-10T05:40:35.646+0000] {logging_mixin.py:188} INFO - [2026-04-10T05:40:35.644+0000] {dagbag.py:355} ERROR - Failed to import: /opt/airflow/dags/flight-pipeline.py
Traceback (most recent call last):
  File "/home/airflow/.local/lib/python3.12/site-packages/airflow/models/dagbag.py", line 351, in parse
    loader.exec_module(new_module)
  File "<frozen importlib._bootstrap_external>", line 991, in exec_module
  File "<frozen importlib._bootstrap_external>", line 1129, in get_code
  File "<frozen importlib._bootstrap_external>", line 1059, in source_to_code
  File "<frozen importlib._bootstrap>", line 488, in _call_with_frames_removed
  File "/opt/airflow/dags/flight-pipeline.py", line 27
    )
     ^
SyntaxError: expected ':'
[2026-04-10T05:40:35.647+0000] {processor.py:842} WARNING - No viable dags retrieved from /opt/airflow/dags/flight-pipeline.py
[2026-04-10T05:40:35.700+0000] {processor.py:183} INFO - Processing /opt/airflow/dags/flight-pipeline.py took 0.089 seconds
[2026-04-10T05:41:05.955+0000] {processor.py:161} INFO - Started process (PID=32) to work on /opt/airflow/dags/flight-pipeline.py
[2026-04-10T05:41:05.956+0000] {processor.py:830} INFO - Processing file /opt/airflow/dags/flight-pipeline.py for tasks to queue
[2026-04-10T05:41:05.960+0000] {logging_mixin.py:188} INFO - [2026-04-10T05:41:05.959+0000] {dagbag.py:545} INFO - Filling up the DagBag from /opt/airflow/dags/flight-pipeline.py
[2026-04-10T05:41:05.984+0000] {logging_mixin.py:188} INFO - [2026-04-10T05:41:05.983+0000] {dagbag.py:355} ERROR - Failed to import: /opt/airflow/dags/flight-pipeline.py
Traceback (most recent call last):
  File "/home/airflow/.local/lib/python3.12/site-packages/airflow/models/dagbag.py", line 351, in parse
    loader.exec_module(new_module)
  File "<frozen importlib._bootstrap_external>", line 991, in exec_module
  File "<frozen importlib._bootstrap_external>", line 1129, in get_code
  File "<frozen importlib._bootstrap_external>", line 1059, in source_to_code
  File "<frozen importlib._bootstrap>", line 488, in _call_with_frames_removed
  File "/opt/airflow/dags/flight-pipeline.py", line 27
    )
     ^
SyntaxError: expected ':'
[2026-04-10T05:41:05.985+0000] {processor.py:842} WARNING - No viable dags retrieved from /opt/airflow/dags/flight-pipeline.py
[2026-04-10T05:41:06.017+0000] {processor.py:183} INFO - Processing /opt/airflow/dags/flight-pipeline.py took 0.070 seconds
[2026-04-10T05:41:36.283+0000] {processor.py:161} INFO - Started process (PID=33) to work on /opt/airflow/dags/flight-pipeline.py
[2026-04-10T05:41:36.285+0000] {processor.py:830} INFO - Processing file /opt/airflow/dags/flight-pipeline.py for tasks to queue
[2026-04-10T05:41:36.288+0000] {logging_mixin.py:188} INFO - [2026-04-10T05:41:36.287+0000] {dagbag.py:545} INFO - Filling up the DagBag from /opt/airflow/dags/flight-pipeline.py
[2026-04-10T05:41:36.308+0000] {logging_mixin.py:188} INFO - [2026-04-10T05:41:36.306+0000] {dagbag.py:355} ERROR - Failed to import: /opt/airflow/dags/flight-pipeline.py
Traceback (most recent call last):
  File "/home/airflow/.local/lib/python3.12/site-packages/airflow/models/dagbag.py", line 351, in parse
    loader.exec_module(new_module)
  File "<frozen importlib._bootstrap_external>", line 991, in exec_module
  File "<frozen importlib._bootstrap_external>", line 1129, in get_code
  File "<frozen importlib._bootstrap_external>", line 1059, in source_to_code
  File "<frozen importlib._bootstrap>", line 488, in _call_with_frames_removed
  File "/opt/airflow/dags/flight-pipeline.py", line 27
    )
     ^
SyntaxError: expected ':'
[2026-04-10T05:41:36.309+0000] {processor.py:842} WARNING - No viable dags retrieved from /opt/airflow/dags/flight-pipeline.py
[2026-04-10T05:41:36.342+0000] {processor.py:183} INFO - Processing /opt/airflow/dags/flight-pipeline.py took 0.067 seconds
[2026-04-10T05:42:06.681+0000] {processor.py:161} INFO - Started process (PID=34) to work on /opt/airflow/dags/flight-pipeline.py
[2026-04-10T05:42:06.683+0000] {processor.py:830} INFO - Processing file /opt/airflow/dags/flight-pipeline.py for tasks to queue
[2026-04-10T05:42:06.686+0000] {logging_mixin.py:188} INFO - [2026-04-10T05:42:06.685+0000] {dagbag.py:545} INFO - Filling up the DagBag from /opt/airflow/dags/flight-pipeline.py
[2026-04-10T05:42:06.704+0000] {logging_mixin.py:188} INFO - [2026-04-10T05:42:06.703+0000] {dagbag.py:355} ERROR - Failed to import: /opt/airflow/dags/flight-pipeline.py
Traceback (most recent call last):
  File "/home/airflow/.local/lib/python3.12/site-packages/airflow/models/dagbag.py", line 351, in parse
    loader.exec_module(new_module)
  File "<frozen importlib._bootstrap_external>", line 991, in exec_module
  File "<frozen importlib._bootstrap_external>", line 1129, in get_code
  File "<frozen importlib._bootstrap_external>", line 1059, in source_to_code
  File "<frozen importlib._bootstrap>", line 488, in _call_with_frames_removed
  File "/opt/airflow/dags/flight-pipeline.py", line 27
    )
     ^
SyntaxError: expected ':'
[2026-04-10T05:42:06.705+0000] {processor.py:842} WARNING - No viable dags retrieved from /opt/airflow/dags/flight-pipeline.py
[2026-04-10T05:42:06.733+0000] {processor.py:183} INFO - Processing /opt/airflow/dags/flight-pipeline.py took 0.059 seconds
[2026-04-10T05:42:37.131+0000] {processor.py:161} INFO - Started process (PID=35) to work on /opt/airflow/dags/flight-pipeline.py
[2026-04-10T05:42:37.133+0000] {processor.py:830} INFO - Processing file /opt/airflow/dags/flight-pipeline.py for tasks to queue
[2026-04-10T05:42:37.136+0000] {logging_mixin.py:188} INFO - [2026-04-10T05:42:37.136+0000] {dagbag.py:545} INFO - Filling up the DagBag from /opt/airflow/dags/flight-pipeline.py
[2026-04-10T05:42:37.158+0000] {logging_mixin.py:188} INFO - [2026-04-10T05:42:37.157+0000] {dagbag.py:355} ERROR - Failed to import: /opt/airflow/dags/flight-pipeline.py
Traceback (most recent call last):
  File "/home/airflow/.local/lib/python3.12/site-packages/airflow/models/dagbag.py", line 351, in parse
    loader.exec_module(new_module)
  File "<frozen importlib._bootstrap_external>", line 991, in exec_module
  File "<frozen importlib._bootstrap_external>", line 1129, in get_code
  File "<frozen importlib._bootstrap_external>", line 1059, in source_to_code
  File "<frozen importlib._bootstrap>", line 488, in _call_with_frames_removed
  File "/opt/airflow/dags/flight-pipeline.py", line 27
    )
     ^
SyntaxError: expected ':'
[2026-04-10T05:42:37.159+0000] {processor.py:842} WARNING - No viable dags retrieved from /opt/airflow/dags/flight-pipeline.py
[2026-04-10T05:42:37.195+0000] {processor.py:183} INFO - Processing /opt/airflow/dags/flight-pipeline.py took 0.075 seconds
[2026-04-10T05:43:07.548+0000] {processor.py:161} INFO - Started process (PID=36) to work on /opt/airflow/dags/flight-pipeline.py
[2026-04-10T05:43:07.550+0000] {processor.py:830} INFO - Processing file /opt/airflow/dags/flight-pipeline.py for tasks to queue
[2026-04-10T05:43:07.553+0000] {logging_mixin.py:188} INFO - [2026-04-10T05:43:07.552+0000] {dagbag.py:545} INFO - Filling up the DagBag from /opt/airflow/dags/flight-pipeline.py
[2026-04-10T05:43:07.572+0000] {logging_mixin.py:188} INFO - [2026-04-10T05:43:07.571+0000] {dagbag.py:355} ERROR - Failed to import: /opt/airflow/dags/flight-pipeline.py
Traceback (most recent call last):
  File "/home/airflow/.local/lib/python3.12/site-packages/airflow/models/dagbag.py", line 351, in parse
    loader.exec_module(new_module)
  File "<frozen importlib._bootstrap_external>", line 991, in exec_module
  File "<frozen importlib._bootstrap_external>", line 1129, in get_code
  File "<frozen importlib._bootstrap_external>", line 1059, in source_to_code
  File "<frozen importlib._bootstrap>", line 488, in _call_with_frames_removed
  File "/opt/airflow/dags/flight-pipeline.py", line 27
    )
     ^
SyntaxError: expected ':'
[2026-04-10T05:43:07.573+0000] {processor.py:842} WARNING - No viable dags retrieved from /opt/airflow/dags/flight-pipeline.py
[2026-04-10T05:43:07.603+0000] {processor.py:183} INFO - Processing /opt/airflow/dags/flight-pipeline.py took 0.062 seconds
[2026-04-10T05:43:37.928+0000] {processor.py:161} INFO - Started process (PID=37) to work on /opt/airflow/dags/flight-pipeline.py
[2026-04-10T05:43:37.929+0000] {processor.py:830} INFO - Processing file /opt/airflow/dags/flight-pipeline.py for tasks to queue
[2026-04-10T05:43:37.933+0000] {logging_mixin.py:188} INFO - [2026-04-10T05:43:37.932+0000] {dagbag.py:545} INFO - Filling up the DagBag from /opt/airflow/dags/flight-pipeline.py
[2026-04-10T05:43:37.956+0000] {logging_mixin.py:188} INFO - [2026-04-10T05:43:37.955+0000] {dagbag.py:355} ERROR - Failed to import: /opt/airflow/dags/flight-pipeline.py
Traceback (most recent call last):
  File "/home/airflow/.local/lib/python3.12/site-packages/airflow/models/dagbag.py", line 351, in parse
    loader.exec_module(new_module)
  File "<frozen importlib._bootstrap_external>", line 991, in exec_module
  File "<frozen importlib._bootstrap_external>", line 1129, in get_code
  File "<frozen importlib._bootstrap_external>", line 1059, in source_to_code
  File "<frozen importlib._bootstrap>", line 488, in _call_with_frames_removed
  File "/opt/airflow/dags/flight-pipeline.py", line 27
    )
     ^
SyntaxError: expected ':'
[2026-04-10T05:43:37.957+0000] {processor.py:842} WARNING - No viable dags retrieved from /opt/airflow/dags/flight-pipeline.py
[2026-04-10T05:43:37.989+0000] {processor.py:183} INFO - Processing /opt/airflow/dags/flight-pipeline.py took 0.072 seconds
[2026-04-10T05:44:08.435+0000] {processor.py:161} INFO - Started process (PID=38) to work on /opt/airflow/dags/flight-pipeline.py
[2026-04-10T05:44:08.436+0000] {processor.py:830} INFO - Processing file /opt/airflow/dags/flight-pipeline.py for tasks to queue
[2026-04-10T05:44:08.439+0000] {logging_mixin.py:188} INFO - [2026-04-10T05:44:08.439+0000] {dagbag.py:545} INFO - Filling up the DagBag from /opt/airflow/dags/flight-pipeline.py
[2026-04-10T05:44:08.459+0000] {logging_mixin.py:188} INFO - [2026-04-10T05:44:08.458+0000] {dagbag.py:355} ERROR - Failed to import: /opt/airflow/dags/flight-pipeline.py
Traceback (most recent call last):
  File "/home/airflow/.local/lib/python3.12/site-packages/airflow/models/dagbag.py", line 351, in parse
    loader.exec_module(new_module)
  File "<frozen importlib._bootstrap_external>", line 991, in exec_module
  File "<frozen importlib._bootstrap_external>", line 1129, in get_code
  File "<frozen importlib._bootstrap_external>", line 1059, in source_to_code
  File "<frozen importlib._bootstrap>", line 488, in _call_with_frames_removed
  File "/opt/airflow/dags/flight-pipeline.py", line 27
    )
     ^
SyntaxError: expected ':'
[2026-04-10T05:44:08.460+0000] {processor.py:842} WARNING - No viable dags retrieved from /opt/airflow/dags/flight-pipeline.py
[2026-04-10T05:44:08.489+0000] {processor.py:183} INFO - Processing /opt/airflow/dags/flight-pipeline.py took 0.061 seconds
[2026-04-10T05:44:38.975+0000] {processor.py:161} INFO - Started process (PID=39) to work on /opt/airflow/dags/flight-pipeline.py
[2026-04-10T05:44:38.976+0000] {processor.py:830} INFO - Processing file /opt/airflow/dags/flight-pipeline.py for tasks to queue
[2026-04-10T05:44:38.980+0000] {logging_mixin.py:188} INFO - [2026-04-10T05:44:38.979+0000] {dagbag.py:545} INFO - Filling up the DagBag from /opt/airflow/dags/flight-pipeline.py
[2026-04-10T05:44:39.002+0000] {logging_mixin.py:188} INFO - [2026-04-10T05:44:39.000+0000] {dagbag.py:355} ERROR - Failed to import: /opt/airflow/dags/flight-pipeline.py
Traceback (most recent call last):
  File "/home/airflow/.local/lib/python3.12/site-packages/airflow/models/dagbag.py", line 351, in parse
    loader.exec_module(new_module)
  File "<frozen importlib._bootstrap_external>", line 991, in exec_module
  File "<frozen importlib._bootstrap_external>", line 1129, in get_code
  File "<frozen importlib._bootstrap_external>", line 1059, in source_to_code
  File "<frozen importlib._bootstrap>", line 488, in _call_with_frames_removed
  File "/opt/airflow/dags/flight-pipeline.py", line 27
    )
     ^
SyntaxError: expected ':'
[2026-04-10T05:44:39.002+0000] {processor.py:842} WARNING - No viable dags retrieved from /opt/airflow/dags/flight-pipeline.py
[2026-04-10T05:44:39.036+0000] {processor.py:183} INFO - Processing /opt/airflow/dags/flight-pipeline.py took 0.079 seconds
[2026-04-10T05:45:09.589+0000] {processor.py:161} INFO - Started process (PID=40) to work on /opt/airflow/dags/flight-pipeline.py
[2026-04-10T05:45:09.591+0000] {processor.py:830} INFO - Processing file /opt/airflow/dags/flight-pipeline.py for tasks to queue
[2026-04-10T05:45:09.594+0000] {logging_mixin.py:188} INFO - [2026-04-10T05:45:09.593+0000] {dagbag.py:545} INFO - Filling up the DagBag from /opt/airflow/dags/flight-pipeline.py
[2026-04-10T05:45:09.613+0000] {logging_mixin.py:188} INFO - [2026-04-10T05:45:09.611+0000] {dagbag.py:355} ERROR - Failed to import: /opt/airflow/dags/flight-pipeline.py
Traceback (most recent call last):
  File "/home/airflow/.local/lib/python3.12/site-packages/airflow/models/dagbag.py", line 351, in parse
    loader.exec_module(new_module)
  File "<frozen importlib._bootstrap_external>", line 991, in exec_module
  File "<frozen importlib._bootstrap_external>", line 1129, in get_code
  File "<frozen importlib._bootstrap_external>", line 1059, in source_to_code
  File "<frozen importlib._bootstrap>", line 488, in _call_with_frames_removed
  File "/opt/airflow/dags/flight-pipeline.py", line 27
    )
     ^
SyntaxError: expected ':'
[2026-04-10T05:45:09.614+0000] {processor.py:842} WARNING - No viable dags retrieved from /opt/airflow/dags/flight-pipeline.py
[2026-04-10T05:45:09.645+0000] {processor.py:183} INFO - Processing /opt/airflow/dags/flight-pipeline.py took 0.064 seconds
[2026-04-10T05:45:40.262+0000] {processor.py:161} INFO - Started process (PID=41) to work on /opt/airflow/dags/flight-pipeline.py
[2026-04-10T05:45:40.264+0000] {processor.py:830} INFO - Processing file /opt/airflow/dags/flight-pipeline.py for tasks to queue
[2026-04-10T05:45:40.267+0000] {logging_mixin.py:188} INFO - [2026-04-10T05:45:40.266+0000] {dagbag.py:545} INFO - Filling up the DagBag from /opt/airflow/dags/flight-pipeline.py
[2026-04-10T05:45:40.292+0000] {logging_mixin.py:188} INFO - [2026-04-10T05:45:40.290+0000] {dagbag.py:355} ERROR - Failed to import: /opt/airflow/dags/flight-pipeline.py
Traceback (most recent call last):
  File "/home/airflow/.local/lib/python3.12/site-packages/airflow/models/dagbag.py", line 351, in parse
    loader.exec_module(new_module)
  File "<frozen importlib._bootstrap_external>", line 991, in exec_module
  File "<frozen importlib._bootstrap_external>", line 1129, in get_code
  File "<frozen importlib._bootstrap_external>", line 1059, in source_to_code
  File "<frozen importlib._bootstrap>", line 488, in _call_with_frames_removed
  File "/opt/airflow/dags/flight-pipeline.py", line 27
    )
     ^
SyntaxError: expected ':'
[2026-04-10T05:45:40.293+0000] {processor.py:842} WARNING - No viable dags retrieved from /opt/airflow/dags/flight-pipeline.py
[2026-04-10T05:45:40.331+0000] {processor.py:183} INFO - Processing /opt/airflow/dags/flight-pipeline.py took 0.078 seconds
[2026-04-10T05:46:10.747+0000] {processor.py:161} INFO - Started process (PID=42) to work on /opt/airflow/dags/flight-pipeline.py
[2026-04-10T05:46:10.749+0000] {processor.py:830} INFO - Processing file /opt/airflow/dags/flight-pipeline.py for tasks to queue
[2026-04-10T05:46:10.752+0000] {logging_mixin.py:188} INFO - [2026-04-10T05:46:10.751+0000] {dagbag.py:545} INFO - Filling up the DagBag from /opt/airflow/dags/flight-pipeline.py
[2026-04-10T05:46:10.770+0000] {logging_mixin.py:188} INFO - [2026-04-10T05:46:10.768+0000] {dagbag.py:355} ERROR - Failed to import: /opt/airflow/dags/flight-pipeline.py
Traceback (most recent call last):
  File "/home/airflow/.local/lib/python3.12/site-packages/airflow/models/dagbag.py", line 351, in parse
    loader.exec_module(new_module)
  File "<frozen importlib._bootstrap_external>", line 991, in exec_module
  File "<frozen importlib._bootstrap_external>", line 1129, in get_code
  File "<frozen importlib._bootstrap_external>", line 1059, in source_to_code
  File "<frozen importlib._bootstrap>", line 488, in _call_with_frames_removed
  File "/opt/airflow/dags/flight-pipeline.py", line 27
    )
     ^
SyntaxError: expected ':'
[2026-04-10T05:46:10.771+0000] {processor.py:842} WARNING - No viable dags retrieved from /opt/airflow/dags/flight-pipeline.py
[2026-04-10T05:46:10.817+0000] {processor.py:183} INFO - Processing /opt/airflow/dags/flight-pipeline.py took 0.079 seconds
[2026-04-10T05:46:41.328+0000] {processor.py:161} INFO - Started process (PID=43) to work on /opt/airflow/dags/flight-pipeline.py
[2026-04-10T05:46:41.329+0000] {processor.py:830} INFO - Processing file /opt/airflow/dags/flight-pipeline.py for tasks to queue
[2026-04-10T05:46:41.333+0000] {logging_mixin.py:188} INFO - [2026-04-10T05:46:41.333+0000] {dagbag.py:545} INFO - Filling up the DagBag from /opt/airflow/dags/flight-pipeline.py
[2026-04-10T05:46:41.358+0000] {logging_mixin.py:188} INFO - [2026-04-10T05:46:41.356+0000] {dagbag.py:355} ERROR - Failed to import: /opt/airflow/dags/flight-pipeline.py
Traceback (most recent call last):
  File "/home/airflow/.local/lib/python3.12/site-packages/airflow/models/dagbag.py", line 351, in parse
    loader.exec_module(new_module)
  File "<frozen importlib._bootstrap_external>", line 991, in exec_module
  File "<frozen importlib._bootstrap_external>", line 1129, in get_code
  File "<frozen importlib._bootstrap_external>", line 1059, in source_to_code
  File "<frozen importlib._bootstrap>", line 488, in _call_with_frames_removed
  File "/opt/airflow/dags/flight-pipeline.py", line 27
    )
     ^
SyntaxError: expected ':'
[2026-04-10T05:46:41.359+0000] {processor.py:842} WARNING - No viable dags retrieved from /opt/airflow/dags/flight-pipeline.py
[2026-04-10T05:46:41.398+0000] {processor.py:183} INFO - Processing /opt/airflow/dags/flight-pipeline.py took 0.079 seconds
[2026-04-10T05:47:11.792+0000] {processor.py:161} INFO - Started process (PID=44) to work on /opt/airflow/dags/flight-pipeline.py
[2026-04-10T05:47:11.794+0000] {processor.py:830} INFO - Processing file /opt/airflow/dags/flight-pipeline.py for tasks to queue
[2026-04-10T05:47:11.796+0000] {logging_mixin.py:188} INFO - [2026-04-10T05:47:11.796+0000] {dagbag.py:545} INFO - Filling up the DagBag from /opt/airflow/dags/flight-pipeline.py
[2026-04-10T05:47:11.817+0000] {logging_mixin.py:188} INFO - [2026-04-10T05:47:11.816+0000] {dagbag.py:355} ERROR - Failed to import: /opt/airflow/dags/flight-pipeline.py
Traceback (most recent call last):
  File "/home/airflow/.local/lib/python3.12/site-packages/airflow/models/dagbag.py", line 351, in parse
    loader.exec_module(new_module)
  File "<frozen importlib._bootstrap_external>", line 991, in exec_module
  File "<frozen importlib._bootstrap_external>", line 1129, in get_code
  File "<frozen importlib._bootstrap_external>", line 1059, in source_to_code
  File "<frozen importlib._bootstrap>", line 488, in _call_with_frames_removed
  File "/opt/airflow/dags/flight-pipeline.py", line 27
    )
     ^
SyntaxError: expected ':'
[2026-04-10T05:47:11.818+0000] {processor.py:842} WARNING - No viable dags retrieved from /opt/airflow/dags/flight-pipeline.py
[2026-04-10T05:47:11.850+0000] {processor.py:183} INFO - Processing /opt/airflow/dags/flight-pipeline.py took 0.066 seconds
[2026-04-10T05:47:42.112+0000] {processor.py:161} INFO - Started process (PID=45) to work on /opt/airflow/dags/flight-pipeline.py
[2026-04-10T05:47:42.114+0000] {processor.py:830} INFO - Processing file /opt/airflow/dags/flight-pipeline.py for tasks to queue
[2026-04-10T05:47:42.116+0000] {logging_mixin.py:188} INFO - [2026-04-10T05:47:42.116+0000] {dagbag.py:545} INFO - Filling up the DagBag from /opt/airflow/dags/flight-pipeline.py
[2026-04-10T05:47:42.135+0000] {logging_mixin.py:188} INFO - [2026-04-10T05:47:42.133+0000] {dagbag.py:355} ERROR - Failed to import: /opt/airflow/dags/flight-pipeline.py
Traceback (most recent call last):
  File "/home/airflow/.local/lib/python3.12/site-packages/airflow/models/dagbag.py", line 351, in parse
    loader.exec_module(new_module)
  File "<frozen importlib._bootstrap_external>", line 991, in exec_module
  File "<frozen importlib._bootstrap_external>", line 1129, in get_code
  File "<frozen importlib._bootstrap_external>", line 1059, in source_to_code
  File "<frozen importlib._bootstrap>", line 488, in _call_with_frames_removed
  File "/opt/airflow/dags/flight-pipeline.py", line 27
    )
     ^
SyntaxError: expected ':'
[2026-04-10T05:47:42.136+0000] {processor.py:842} WARNING - No viable dags retrieved from /opt/airflow/dags/flight-pipeline.py
[2026-04-10T05:47:42.166+0000] {processor.py:183} INFO - Processing /opt/airflow/dags/flight-pipeline.py took 0.060 seconds
[2026-04-10T05:48:12.562+0000] {processor.py:161} INFO - Started process (PID=46) to work on /opt/airflow/dags/flight-pipeline.py
[2026-04-10T05:48:12.564+0000] {processor.py:830} INFO - Processing file /opt/airflow/dags/flight-pipeline.py for tasks to queue
[2026-04-10T05:48:12.567+0000] {logging_mixin.py:188} INFO - [2026-04-10T05:48:12.566+0000] {dagbag.py:545} INFO - Filling up the DagBag from /opt/airflow/dags/flight-pipeline.py
[2026-04-10T05:48:12.587+0000] {logging_mixin.py:188} INFO - [2026-04-10T05:48:12.586+0000] {dagbag.py:355} ERROR - Failed to import: /opt/airflow/dags/flight-pipeline.py
Traceback (most recent call last):
  File "/home/airflow/.local/lib/python3.12/site-packages/airflow/models/dagbag.py", line 351, in parse
    loader.exec_module(new_module)
  File "<frozen importlib._bootstrap_external>", line 991, in exec_module
  File "<frozen importlib._bootstrap_external>", line 1129, in get_code
  File "<frozen importlib._bootstrap_external>", line 1059, in source_to_code
  File "<frozen importlib._bootstrap>", line 488, in _call_with_frames_removed
  File "/opt/airflow/dags/flight-pipeline.py", line 27
    )
     ^
SyntaxError: expected ':'
[2026-04-10T05:48:12.588+0000] {processor.py:842} WARNING - No viable dags retrieved from /opt/airflow/dags/flight-pipeline.py
[2026-04-10T05:48:12.620+0000] {processor.py:183} INFO - Processing /opt/airflow/dags/flight-pipeline.py took 0.066 seconds
[2026-04-10T05:48:43.034+0000] {processor.py:161} INFO - Started process (PID=47) to work on /opt/airflow/dags/flight-pipeline.py
[2026-04-10T05:48:43.036+0000] {processor.py:830} INFO - Processing file /opt/airflow/dags/flight-pipeline.py for tasks to queue
[2026-04-10T05:48:43.042+0000] {logging_mixin.py:188} INFO - [2026-04-10T05:48:43.042+0000] {dagbag.py:545} INFO - Filling up the DagBag from /opt/airflow/dags/flight-pipeline.py
[2026-04-10T05:48:43.064+0000] {logging_mixin.py:188} INFO - [2026-04-10T05:48:43.063+0000] {dagbag.py:355} ERROR - Failed to import: /opt/airflow/dags/flight-pipeline.py
Traceback (most recent call last):
  File "/home/airflow/.local/lib/python3.12/site-packages/airflow/models/dagbag.py", line 351, in parse
    loader.exec_module(new_module)
  File "<frozen importlib._bootstrap_external>", line 991, in exec_module
  File "<frozen importlib._bootstrap_external>", line 1129, in get_code
  File "<frozen importlib._bootstrap_external>", line 1059, in source_to_code
  File "<frozen importlib._bootstrap>", line 488, in _call_with_frames_removed
  File "/opt/airflow/dags/flight-pipeline.py", line 27
    )
     ^
SyntaxError: expected ':'
[2026-04-10T05:48:43.065+0000] {processor.py:842} WARNING - No viable dags retrieved from /opt/airflow/dags/flight-pipeline.py
[2026-04-10T05:48:43.096+0000] {processor.py:183} INFO - Processing /opt/airflow/dags/flight-pipeline.py took 0.080 seconds
[2026-04-10T05:49:13.470+0000] {processor.py:161} INFO - Started process (PID=48) to work on /opt/airflow/dags/flight-pipeline.py
[2026-04-10T05:49:13.472+0000] {processor.py:830} INFO - Processing file /opt/airflow/dags/flight-pipeline.py for tasks to queue
[2026-04-10T05:49:13.475+0000] {logging_mixin.py:188} INFO - [2026-04-10T05:49:13.475+0000] {dagbag.py:545} INFO - Filling up the DagBag from /opt/airflow/dags/flight-pipeline.py
[2026-04-10T05:49:13.496+0000] {logging_mixin.py:188} INFO - [2026-04-10T05:49:13.494+0000] {dagbag.py:355} ERROR - Failed to import: /opt/airflow/dags/flight-pipeline.py
Traceback (most recent call last):
  File "/home/airflow/.local/lib/python3.12/site-packages/airflow/models/dagbag.py", line 351, in parse
    loader.exec_module(new_module)
  File "<frozen importlib._bootstrap_external>", line 991, in exec_module
  File "<frozen importlib._bootstrap_external>", line 1129, in get_code
  File "<frozen importlib._bootstrap_external>", line 1059, in source_to_code
  File "<frozen importlib._bootstrap>", line 488, in _call_with_frames_removed
  File "/opt/airflow/dags/flight-pipeline.py", line 27
    )
     ^
SyntaxError: expected ':'
[2026-04-10T05:49:13.497+0000] {processor.py:842} WARNING - No viable dags retrieved from /opt/airflow/dags/flight-pipeline.py
[2026-04-10T05:49:13.533+0000] {processor.py:183} INFO - Processing /opt/airflow/dags/flight-pipeline.py took 0.072 seconds
[2026-04-10T05:49:44.052+0000] {processor.py:161} INFO - Started process (PID=49) to work on /opt/airflow/dags/flight-pipeline.py
[2026-04-10T05:49:44.054+0000] {processor.py:830} INFO - Processing file /opt/airflow/dags/flight-pipeline.py for tasks to queue
[2026-04-10T05:49:44.057+0000] {logging_mixin.py:188} INFO - [2026-04-10T05:49:44.057+0000] {dagbag.py:545} INFO - Filling up the DagBag from /opt/airflow/dags/flight-pipeline.py
[2026-04-10T05:49:44.081+0000] {logging_mixin.py:188} INFO - [2026-04-10T05:49:44.079+0000] {dagbag.py:355} ERROR - Failed to import: /opt/airflow/dags/flight-pipeline.py
Traceback (most recent call last):
  File "/home/airflow/.local/lib/python3.12/site-packages/airflow/models/dagbag.py", line 351, in parse
    loader.exec_module(new_module)
  File "<frozen importlib._bootstrap_external>", line 991, in exec_module
  File "<frozen importlib._bootstrap_external>", line 1129, in get_code
  File "<frozen importlib._bootstrap_external>", line 1059, in source_to_code
  File "<frozen importlib._bootstrap>", line 488, in _call_with_frames_removed
  File "/opt/airflow/dags/flight-pipeline.py", line 27
    )
     ^
SyntaxError: expected ':'
[2026-04-10T05:49:44.082+0000] {processor.py:842} WARNING - No viable dags retrieved from /opt/airflow/dags/flight-pipeline.py
[2026-04-10T05:49:44.114+0000] {processor.py:183} INFO - Processing /opt/airflow/dags/flight-pipeline.py took 0.071 seconds
[2026-04-10T05:50:14.545+0000] {processor.py:161} INFO - Started process (PID=50) to work on /opt/airflow/dags/flight-pipeline.py
[2026-04-10T05:50:14.546+0000] {processor.py:830} INFO - Processing file /opt/airflow/dags/flight-pipeline.py for tasks to queue
[2026-04-10T05:50:14.549+0000] {logging_mixin.py:188} INFO - [2026-04-10T05:50:14.549+0000] {dagbag.py:545} INFO - Filling up the DagBag from /opt/airflow/dags/flight-pipeline.py
[2026-04-10T05:50:14.570+0000] {logging_mixin.py:188} INFO - [2026-04-10T05:50:14.569+0000] {dagbag.py:355} ERROR - Failed to import: /opt/airflow/dags/flight-pipeline.py
Traceback (most recent call last):
  File "/home/airflow/.local/lib/python3.12/site-packages/airflow/models/dagbag.py", line 351, in parse
    loader.exec_module(new_module)
  File "<frozen importlib._bootstrap_external>", line 991, in exec_module
  File "<frozen importlib._bootstrap_external>", line 1129, in get_code
  File "<frozen importlib._bootstrap_external>", line 1059, in source_to_code
  File "<frozen importlib._bootstrap>", line 488, in _call_with_frames_removed
  File "/opt/airflow/dags/flight-pipeline.py", line 27
    )
     ^
SyntaxError: expected ':'
[2026-04-10T05:50:14.571+0000] {processor.py:842} WARNING - No viable dags retrieved from /opt/airflow/dags/flight-pipeline.py
[2026-04-10T05:50:14.604+0000] {processor.py:183} INFO - Processing /opt/airflow/dags/flight-pipeline.py took 0.068 seconds
[2026-04-10T05:50:45.259+0000] {processor.py:161} INFO - Started process (PID=51) to work on /opt/airflow/dags/flight-pipeline.py
[2026-04-10T05:50:45.261+0000] {processor.py:830} INFO - Processing file /opt/airflow/dags/flight-pipeline.py for tasks to queue
[2026-04-10T05:50:45.264+0000] {logging_mixin.py:188} INFO - [2026-04-10T05:50:45.263+0000] {dagbag.py:545} INFO - Filling up the DagBag from /opt/airflow/dags/flight-pipeline.py
[2026-04-10T05:50:45.281+0000] {logging_mixin.py:188} INFO - [2026-04-10T05:50:45.279+0000] {dagbag.py:355} ERROR - Failed to import: /opt/airflow/dags/flight-pipeline.py
Traceback (most recent call last):
  File "/home/airflow/.local/lib/python3.12/site-packages/airflow/models/dagbag.py", line 351, in parse
    loader.exec_module(new_module)
  File "<frozen importlib._bootstrap_external>", line 991, in exec_module
  File "<frozen importlib._bootstrap_external>", line 1129, in get_code
  File "<frozen importlib._bootstrap_external>", line 1059, in source_to_code
  File "<frozen importlib._bootstrap>", line 488, in _call_with_frames_removed
  File "/opt/airflow/dags/flight-pipeline.py", line 27
    )
     ^
SyntaxError: expected ':'
[2026-04-10T05:50:45.282+0000] {processor.py:842} WARNING - No viable dags retrieved from /opt/airflow/dags/flight-pipeline.py
[2026-04-10T05:50:45.314+0000] {processor.py:183} INFO - Processing /opt/airflow/dags/flight-pipeline.py took 0.062 seconds
[2026-04-10T05:51:15.946+0000] {processor.py:161} INFO - Started process (PID=52) to work on /opt/airflow/dags/flight-pipeline.py
[2026-04-10T05:51:15.948+0000] {processor.py:830} INFO - Processing file /opt/airflow/dags/flight-pipeline.py for tasks to queue
[2026-04-10T05:51:15.951+0000] {logging_mixin.py:188} INFO - [2026-04-10T05:51:15.950+0000] {dagbag.py:545} INFO - Filling up the DagBag from /opt/airflow/dags/flight-pipeline.py
[2026-04-10T05:51:15.970+0000] {logging_mixin.py:188} INFO - [2026-04-10T05:51:15.969+0000] {dagbag.py:355} ERROR - Failed to import: /opt/airflow/dags/flight-pipeline.py
Traceback (most recent call last):
  File "/home/airflow/.local/lib/python3.12/site-packages/airflow/models/dagbag.py", line 351, in parse
    loader.exec_module(new_module)
  File "<frozen importlib._bootstrap_external>", line 991, in exec_module
  File "<frozen importlib._bootstrap_external>", line 1129, in get_code
  File "<frozen importlib._bootstrap_external>", line 1059, in source_to_code
  File "<frozen importlib._bootstrap>", line 488, in _call_with_frames_removed
  File "/opt/airflow/dags/flight-pipeline.py", line 27
    )
     ^
SyntaxError: expected ':'
[2026-04-10T05:51:15.971+0000] {processor.py:842} WARNING - No viable dags retrieved from /opt/airflow/dags/flight-pipeline.py
[2026-04-10T05:51:16.006+0000] {processor.py:183} INFO - Processing /opt/airflow/dags/flight-pipeline.py took 0.067 seconds
[2026-04-10T05:51:46.392+0000] {processor.py:161} INFO - Started process (PID=53) to work on /opt/airflow/dags/flight-pipeline.py
[2026-04-10T05:51:46.393+0000] {processor.py:830} INFO - Processing file /opt/airflow/dags/flight-pipeline.py for tasks to queue
[2026-04-10T05:51:46.396+0000] {logging_mixin.py:188} INFO - [2026-04-10T05:51:46.396+0000] {dagbag.py:545} INFO - Filling up the DagBag from /opt/airflow/dags/flight-pipeline.py
[2026-04-10T05:51:46.416+0000] {logging_mixin.py:188} INFO - [2026-04-10T05:51:46.414+0000] {dagbag.py:355} ERROR - Failed to import: /opt/airflow/dags/flight-pipeline.py
Traceback (most recent call last):
  File "/home/airflow/.local/lib/python3.12/site-packages/airflow/models/dagbag.py", line 351, in parse
    loader.exec_module(new_module)
  File "<frozen importlib._bootstrap_external>", line 991, in exec_module
  File "<frozen importlib._bootstrap_external>", line 1129, in get_code
  File "<frozen importlib._bootstrap_external>", line 1059, in source_to_code
  File "<frozen importlib._bootstrap>", line 488, in _call_with_frames_removed
  File "/opt/airflow/dags/flight-pipeline.py", line 27
    )
     ^
SyntaxError: expected ':'
[2026-04-10T05:51:46.416+0000] {processor.py:842} WARNING - No viable dags retrieved from /opt/airflow/dags/flight-pipeline.py
[2026-04-10T05:51:46.447+0000] {processor.py:183} INFO - Processing /opt/airflow/dags/flight-pipeline.py took 0.062 seconds
[2026-04-10T05:52:16.802+0000] {processor.py:161} INFO - Started process (PID=54) to work on /opt/airflow/dags/flight-pipeline.py
[2026-04-10T05:52:16.804+0000] {processor.py:830} INFO - Processing file /opt/airflow/dags/flight-pipeline.py for tasks to queue
[2026-04-10T05:52:16.806+0000] {logging_mixin.py:188} INFO - [2026-04-10T05:52:16.806+0000] {dagbag.py:545} INFO - Filling up the DagBag from /opt/airflow/dags/flight-pipeline.py
[2026-04-10T05:52:16.825+0000] {logging_mixin.py:188} INFO - [2026-04-10T05:52:16.824+0000] {dagbag.py:355} ERROR - Failed to import: /opt/airflow/dags/flight-pipeline.py
Traceback (most recent call last):
  File "/home/airflow/.local/lib/python3.12/site-packages/airflow/models/dagbag.py", line 351, in parse
    loader.exec_module(new_module)
  File "<frozen importlib._bootstrap_external>", line 991, in exec_module
  File "<frozen importlib._bootstrap_external>", line 1129, in get_code
  File "<frozen importlib._bootstrap_external>", line 1059, in source_to_code
  File "<frozen importlib._bootstrap>", line 488, in _call_with_frames_removed
  File "/opt/airflow/dags/flight-pipeline.py", line 27
    )
     ^
SyntaxError: expected ':'
[2026-04-10T05:52:16.826+0000] {processor.py:842} WARNING - No viable dags retrieved from /opt/airflow/dags/flight-pipeline.py
[2026-04-10T05:52:16.857+0000] {processor.py:183} INFO - Processing /opt/airflow/dags/flight-pipeline.py took 0.063 seconds
[2026-04-10T05:52:47.247+0000] {processor.py:161} INFO - Started process (PID=55) to work on /opt/airflow/dags/flight-pipeline.py
[2026-04-10T05:52:47.249+0000] {processor.py:830} INFO - Processing file /opt/airflow/dags/flight-pipeline.py for tasks to queue
[2026-04-10T05:52:47.251+0000] {logging_mixin.py:188} INFO - [2026-04-10T05:52:47.250+0000] {dagbag.py:545} INFO - Filling up the DagBag from /opt/airflow/dags/flight-pipeline.py
[2026-04-10T05:52:47.267+0000] {logging_mixin.py:188} INFO - [2026-04-10T05:52:47.266+0000] {dagbag.py:355} ERROR - Failed to import: /opt/airflow/dags/flight-pipeline.py
Traceback (most recent call last):
  File "/home/airflow/.local/lib/python3.12/site-packages/airflow/models/dagbag.py", line 351, in parse
    loader.exec_module(new_module)
  File "<frozen importlib._bootstrap_external>", line 991, in exec_module
  File "<frozen importlib._bootstrap_external>", line 1129, in get_code
  File "<frozen importlib._bootstrap_external>", line 1059, in source_to_code
  File "<frozen importlib._bootstrap>", line 488, in _call_with_frames_removed
  File "/opt/airflow/dags/flight-pipeline.py", line 27
    )
     ^
SyntaxError: expected ':'
[2026-04-10T05:52:47.268+0000] {processor.py:842} WARNING - No viable dags retrieved from /opt/airflow/dags/flight-pipeline.py
[2026-04-10T05:52:47.296+0000] {processor.py:183} INFO - Processing /opt/airflow/dags/flight-pipeline.py took 0.056 seconds
[2026-04-10T05:53:17.605+0000] {processor.py:161} INFO - Started process (PID=56) to work on /opt/airflow/dags/flight-pipeline.py
[2026-04-10T05:53:17.606+0000] {processor.py:830} INFO - Processing file /opt/airflow/dags/flight-pipeline.py for tasks to queue
[2026-04-10T05:53:17.608+0000] {logging_mixin.py:188} INFO - [2026-04-10T05:53:17.608+0000] {dagbag.py:545} INFO - Filling up the DagBag from /opt/airflow/dags/flight-pipeline.py
[2026-04-10T05:53:17.626+0000] {logging_mixin.py:188} INFO - [2026-04-10T05:53:17.625+0000] {dagbag.py:355} ERROR - Failed to import: /opt/airflow/dags/flight-pipeline.py
Traceback (most recent call last):
  File "/home/airflow/.local/lib/python3.12/site-packages/airflow/models/dagbag.py", line 351, in parse
    loader.exec_module(new_module)
  File "<frozen importlib._bootstrap_external>", line 991, in exec_module
  File "<frozen importlib._bootstrap_external>", line 1129, in get_code
  File "<frozen importlib._bootstrap_external>", line 1059, in source_to_code
  File "<frozen importlib._bootstrap>", line 488, in _call_with_frames_removed
  File "/opt/airflow/dags/flight-pipeline.py", line 27
    )
     ^
SyntaxError: expected ':'
[2026-04-10T05:53:17.627+0000] {processor.py:842} WARNING - No viable dags retrieved from /opt/airflow/dags/flight-pipeline.py
[2026-04-10T05:53:17.660+0000] {processor.py:183} INFO - Processing /opt/airflow/dags/flight-pipeline.py took 0.061 seconds
[2026-04-10T05:53:48.023+0000] {processor.py:161} INFO - Started process (PID=57) to work on /opt/airflow/dags/flight-pipeline.py
[2026-04-10T05:53:48.025+0000] {processor.py:830} INFO - Processing file /opt/airflow/dags/flight-pipeline.py for tasks to queue
[2026-04-10T05:53:48.027+0000] {logging_mixin.py:188} INFO - [2026-04-10T05:53:48.027+0000] {dagbag.py:545} INFO - Filling up the DagBag from /opt/airflow/dags/flight-pipeline.py
[2026-04-10T05:53:48.048+0000] {logging_mixin.py:188} INFO - [2026-04-10T05:53:48.047+0000] {dagbag.py:355} ERROR - Failed to import: /opt/airflow/dags/flight-pipeline.py
Traceback (most recent call last):
  File "/home/airflow/.local/lib/python3.12/site-packages/airflow/models/dagbag.py", line 351, in parse
    loader.exec_module(new_module)
  File "<frozen importlib._bootstrap_external>", line 991, in exec_module
  File "<frozen importlib._bootstrap_external>", line 1129, in get_code
  File "<frozen importlib._bootstrap_external>", line 1059, in source_to_code
  File "<frozen importlib._bootstrap>", line 488, in _call_with_frames_removed
  File "/opt/airflow/dags/flight-pipeline.py", line 27
    )
     ^
SyntaxError: expected ':'
[2026-04-10T05:53:48.049+0000] {processor.py:842} WARNING - No viable dags retrieved from /opt/airflow/dags/flight-pipeline.py
[2026-04-10T05:53:48.091+0000] {processor.py:183} INFO - Processing /opt/airflow/dags/flight-pipeline.py took 0.074 seconds
[2026-04-10T05:54:18.364+0000] {processor.py:161} INFO - Started process (PID=58) to work on /opt/airflow/dags/flight-pipeline.py
[2026-04-10T05:54:18.366+0000] {processor.py:830} INFO - Processing file /opt/airflow/dags/flight-pipeline.py for tasks to queue
[2026-04-10T05:54:18.368+0000] {logging_mixin.py:188} INFO - [2026-04-10T05:54:18.368+0000] {dagbag.py:545} INFO - Filling up the DagBag from /opt/airflow/dags/flight-pipeline.py
[2026-04-10T05:54:18.387+0000] {logging_mixin.py:188} INFO - [2026-04-10T05:54:18.386+0000] {dagbag.py:355} ERROR - Failed to import: /opt/airflow/dags/flight-pipeline.py
Traceback (most recent call last):
  File "/home/airflow/.local/lib/python3.12/site-packages/airflow/models/dagbag.py", line 351, in parse
    loader.exec_module(new_module)
  File "<frozen importlib._bootstrap_external>", line 991, in exec_module
  File "<frozen importlib._bootstrap_external>", line 1129, in get_code
  File "<frozen importlib._bootstrap_external>", line 1059, in source_to_code
  File "<frozen importlib._bootstrap>", line 488, in _call_with_frames_removed
  File "/opt/airflow/dags/flight-pipeline.py", line 27
    )
     ^
SyntaxError: expected ':'
[2026-04-10T05:54:18.388+0000] {processor.py:842} WARNING - No viable dags retrieved from /opt/airflow/dags/flight-pipeline.py
[2026-04-10T05:54:18.420+0000] {processor.py:183} INFO - Processing /opt/airflow/dags/flight-pipeline.py took 0.064 seconds
[2026-04-10T05:54:48.812+0000] {processor.py:161} INFO - Started process (PID=59) to work on /opt/airflow/dags/flight-pipeline.py
[2026-04-10T05:54:48.814+0000] {processor.py:830} INFO - Processing file /opt/airflow/dags/flight-pipeline.py for tasks to queue
[2026-04-10T05:54:48.816+0000] {logging_mixin.py:188} INFO - [2026-04-10T05:54:48.816+0000] {dagbag.py:545} INFO - Filling up the DagBag from /opt/airflow/dags/flight-pipeline.py
[2026-04-10T05:54:48.839+0000] {logging_mixin.py:188} INFO - [2026-04-10T05:54:48.837+0000] {dagbag.py:355} ERROR - Failed to import: /opt/airflow/dags/flight-pipeline.py
Traceback (most recent call last):
  File "/home/airflow/.local/lib/python3.12/site-packages/airflow/models/dagbag.py", line 351, in parse
    loader.exec_module(new_module)
  File "<frozen importlib._bootstrap_external>", line 991, in exec_module
  File "<frozen importlib._bootstrap_external>", line 1129, in get_code
  File "<frozen importlib._bootstrap_external>", line 1059, in source_to_code
  File "<frozen importlib._bootstrap>", line 488, in _call_with_frames_removed
  File "/opt/airflow/dags/flight-pipeline.py", line 27
    )
     ^
SyntaxError: expected ':'
[2026-04-10T05:54:48.840+0000] {processor.py:842} WARNING - No viable dags retrieved from /opt/airflow/dags/flight-pipeline.py
[2026-04-10T05:54:48.871+0000] {processor.py:183} INFO - Processing /opt/airflow/dags/flight-pipeline.py took 0.066 seconds
[2026-04-10T05:55:19.164+0000] {processor.py:161} INFO - Started process (PID=60) to work on /opt/airflow/dags/flight-pipeline.py
[2026-04-10T05:55:19.166+0000] {processor.py:830} INFO - Processing file /opt/airflow/dags/flight-pipeline.py for tasks to queue
[2026-04-10T05:55:19.169+0000] {logging_mixin.py:188} INFO - [2026-04-10T05:55:19.168+0000] {dagbag.py:545} INFO - Filling up the DagBag from /opt/airflow/dags/flight-pipeline.py
[2026-04-10T05:55:19.187+0000] {logging_mixin.py:188} INFO - [2026-04-10T05:55:19.186+0000] {dagbag.py:355} ERROR - Failed to import: /opt/airflow/dags/flight-pipeline.py
Traceback (most recent call last):
  File "/home/airflow/.local/lib/python3.12/site-packages/airflow/models/dagbag.py", line 351, in parse
    loader.exec_module(new_module)
  File "<frozen importlib._bootstrap_external>", line 991, in exec_module
  File "<frozen importlib._bootstrap_external>", line 1129, in get_code
  File "<frozen importlib._bootstrap_external>", line 1059, in source_to_code
  File "<frozen importlib._bootstrap>", line 488, in _call_with_frames_removed
  File "/opt/airflow/dags/flight-pipeline.py", line 27
    )
     ^
SyntaxError: expected ':'
[2026-04-10T05:55:19.188+0000] {processor.py:842} WARNING - No viable dags retrieved from /opt/airflow/dags/flight-pipeline.py
[2026-04-10T05:55:19.218+0000] {processor.py:183} INFO - Processing /opt/airflow/dags/flight-pipeline.py took 0.064 seconds
[2026-04-10T05:55:49.522+0000] {processor.py:161} INFO - Started process (PID=61) to work on /opt/airflow/dags/flight-pipeline.py
[2026-04-10T05:55:49.523+0000] {processor.py:830} INFO - Processing file /opt/airflow/dags/flight-pipeline.py for tasks to queue
[2026-04-10T05:55:49.526+0000] {logging_mixin.py:188} INFO - [2026-04-10T05:55:49.525+0000] {dagbag.py:545} INFO - Filling up the DagBag from /opt/airflow/dags/flight-pipeline.py
[2026-04-10T05:55:49.546+0000] {logging_mixin.py:188} INFO - [2026-04-10T05:55:49.545+0000] {dagbag.py:355} ERROR - Failed to import: /opt/airflow/dags/flight-pipeline.py
Traceback (most recent call last):
  File "/home/airflow/.local/lib/python3.12/site-packages/airflow/models/dagbag.py", line 351, in parse
    loader.exec_module(new_module)
  File "<frozen importlib._bootstrap_external>", line 991, in exec_module
  File "<frozen importlib._bootstrap_external>", line 1129, in get_code
  File "<frozen importlib._bootstrap_external>", line 1059, in source_to_code
  File "<frozen importlib._bootstrap>", line 488, in _call_with_frames_removed
  File "/opt/airflow/dags/flight-pipeline.py", line 27
    )
     ^
SyntaxError: expected ':'
[2026-04-10T05:55:49.547+0000] {processor.py:842} WARNING - No viable dags retrieved from /opt/airflow/dags/flight-pipeline.py
[2026-04-10T05:55:49.578+0000] {processor.py:183} INFO - Processing /opt/airflow/dags/flight-pipeline.py took 0.063 seconds
[2026-04-10T05:56:19.955+0000] {processor.py:161} INFO - Started process (PID=62) to work on /opt/airflow/dags/flight-pipeline.py
[2026-04-10T05:56:19.957+0000] {processor.py:830} INFO - Processing file /opt/airflow/dags/flight-pipeline.py for tasks to queue
[2026-04-10T05:56:19.960+0000] {logging_mixin.py:188} INFO - [2026-04-10T05:56:19.959+0000] {dagbag.py:545} INFO - Filling up the DagBag from /opt/airflow/dags/flight-pipeline.py
[2026-04-10T05:56:19.983+0000] {logging_mixin.py:188} INFO - [2026-04-10T05:56:19.980+0000] {dagbag.py:355} ERROR - Failed to import: /opt/airflow/dags/flight-pipeline.py
Traceback (most recent call last):
  File "/home/airflow/.local/lib/python3.12/site-packages/airflow/models/dagbag.py", line 351, in parse
    loader.exec_module(new_module)
  File "<frozen importlib._bootstrap_external>", line 991, in exec_module
  File "<frozen importlib._bootstrap_external>", line 1129, in get_code
  File "<frozen importlib._bootstrap_external>", line 1059, in source_to_code
  File "<frozen importlib._bootstrap>", line 488, in _call_with_frames_removed
  File "/opt/airflow/dags/flight-pipeline.py", line 27
    )
     ^
SyntaxError: expected ':'
[2026-04-10T05:56:19.984+0000] {processor.py:842} WARNING - No viable dags retrieved from /opt/airflow/dags/flight-pipeline.py
[2026-04-10T05:56:20.021+0000] {processor.py:183} INFO - Processing /opt/airflow/dags/flight-pipeline.py took 0.075 seconds
[2026-04-10T05:56:50.336+0000] {processor.py:161} INFO - Started process (PID=63) to work on /opt/airflow/dags/flight-pipeline.py
[2026-04-10T05:56:50.337+0000] {processor.py:830} INFO - Processing file /opt/airflow/dags/flight-pipeline.py for tasks to queue
[2026-04-10T05:56:50.342+0000] {logging_mixin.py:188} INFO - [2026-04-10T05:56:50.341+0000] {dagbag.py:545} INFO - Filling up the DagBag from /opt/airflow/dags/flight-pipeline.py
[2026-04-10T05:56:50.377+0000] {logging_mixin.py:188} INFO - [2026-04-10T05:56:50.375+0000] {dagbag.py:355} ERROR - Failed to import: /opt/airflow/dags/flight-pipeline.py
Traceback (most recent call last):
  File "/home/airflow/.local/lib/python3.12/site-packages/airflow/models/dagbag.py", line 351, in parse
    loader.exec_module(new_module)
  File "<frozen importlib._bootstrap_external>", line 991, in exec_module
  File "<frozen importlib._bootstrap_external>", line 1129, in get_code
  File "<frozen importlib._bootstrap_external>", line 1059, in source_to_code
  File "<frozen importlib._bootstrap>", line 488, in _call_with_frames_removed
  File "/opt/airflow/dags/flight-pipeline.py", line 27
    )
     ^
SyntaxError: expected ':'
[2026-04-10T05:56:50.380+0000] {processor.py:842} WARNING - No viable dags retrieved from /opt/airflow/dags/flight-pipeline.py
[2026-04-10T05:56:50.418+0000] {processor.py:183} INFO - Processing /opt/airflow/dags/flight-pipeline.py took 0.093 seconds
[2026-04-10T05:57:20.743+0000] {processor.py:161} INFO - Started process (PID=64) to work on /opt/airflow/dags/flight-pipeline.py
[2026-04-10T05:57:20.744+0000] {processor.py:830} INFO - Processing file /opt/airflow/dags/flight-pipeline.py for tasks to queue
[2026-04-10T05:57:20.750+0000] {logging_mixin.py:188} INFO - [2026-04-10T05:57:20.749+0000] {dagbag.py:545} INFO - Filling up the DagBag from /opt/airflow/dags/flight-pipeline.py
[2026-04-10T05:57:20.769+0000] {logging_mixin.py:188} INFO - [2026-04-10T05:57:20.768+0000] {dagbag.py:355} ERROR - Failed to import: /opt/airflow/dags/flight-pipeline.py
Traceback (most recent call last):
  File "/home/airflow/.local/lib/python3.12/site-packages/airflow/models/dagbag.py", line 351, in parse
    loader.exec_module(new_module)
  File "<frozen importlib._bootstrap_external>", line 991, in exec_module
  File "<frozen importlib._bootstrap_external>", line 1129, in get_code
  File "<frozen importlib._bootstrap_external>", line 1059, in source_to_code
  File "<frozen importlib._bootstrap>", line 488, in _call_with_frames_removed
  File "/opt/airflow/dags/flight-pipeline.py", line 27
    )
     ^
SyntaxError: expected ':'
[2026-04-10T05:57:20.770+0000] {processor.py:842} WARNING - No viable dags retrieved from /opt/airflow/dags/flight-pipeline.py
[2026-04-10T05:57:20.804+0000] {processor.py:183} INFO - Processing /opt/airflow/dags/flight-pipeline.py took 0.068 seconds
[2026-04-10T05:57:51.213+0000] {processor.py:161} INFO - Started process (PID=65) to work on /opt/airflow/dags/flight-pipeline.py
[2026-04-10T05:57:51.215+0000] {processor.py:830} INFO - Processing file /opt/airflow/dags/flight-pipeline.py for tasks to queue
[2026-04-10T05:57:51.217+0000] {logging_mixin.py:188} INFO - [2026-04-10T05:57:51.217+0000] {dagbag.py:545} INFO - Filling up the DagBag from /opt/airflow/dags/flight-pipeline.py
[2026-04-10T05:57:51.239+0000] {logging_mixin.py:188} INFO - [2026-04-10T05:57:51.237+0000] {dagbag.py:355} ERROR - Failed to import: /opt/airflow/dags/flight-pipeline.py
Traceback (most recent call last):
  File "/home/airflow/.local/lib/python3.12/site-packages/airflow/models/dagbag.py", line 351, in parse
    loader.exec_module(new_module)
  File "<frozen importlib._bootstrap_external>", line 991, in exec_module
  File "<frozen importlib._bootstrap_external>", line 1129, in get_code
  File "<frozen importlib._bootstrap_external>", line 1059, in source_to_code
  File "<frozen importlib._bootstrap>", line 488, in _call_with_frames_removed
  File "/opt/airflow/dags/flight-pipeline.py", line 27
    )
     ^
SyntaxError: expected ':'
[2026-04-10T05:57:51.240+0000] {processor.py:842} WARNING - No viable dags retrieved from /opt/airflow/dags/flight-pipeline.py
[2026-04-10T05:57:51.269+0000] {processor.py:183} INFO - Processing /opt/airflow/dags/flight-pipeline.py took 0.064 seconds
[2026-04-10T05:58:21.521+0000] {processor.py:161} INFO - Started process (PID=66) to work on /opt/airflow/dags/flight-pipeline.py
[2026-04-10T05:58:21.522+0000] {processor.py:830} INFO - Processing file /opt/airflow/dags/flight-pipeline.py for tasks to queue
[2026-04-10T05:58:21.525+0000] {logging_mixin.py:188} INFO - [2026-04-10T05:58:21.524+0000] {dagbag.py:545} INFO - Filling up the DagBag from /opt/airflow/dags/flight-pipeline.py
[2026-04-10T05:58:21.545+0000] {logging_mixin.py:188} INFO - [2026-04-10T05:58:21.544+0000] {dagbag.py:355} ERROR - Failed to import: /opt/airflow/dags/flight-pipeline.py
Traceback (most recent call last):
  File "/home/airflow/.local/lib/python3.12/site-packages/airflow/models/dagbag.py", line 351, in parse
    loader.exec_module(new_module)
  File "<frozen importlib._bootstrap_external>", line 991, in exec_module
  File "<frozen importlib._bootstrap_external>", line 1129, in get_code
  File "<frozen importlib._bootstrap_external>", line 1059, in source_to_code
  File "<frozen importlib._bootstrap>", line 488, in _call_with_frames_removed
  File "/opt/airflow/dags/flight-pipeline.py", line 27
    )
     ^
SyntaxError: expected ':'
[2026-04-10T05:58:21.546+0000] {processor.py:842} WARNING - No viable dags retrieved from /opt/airflow/dags/flight-pipeline.py
[2026-04-10T05:58:21.580+0000] {processor.py:183} INFO - Processing /opt/airflow/dags/flight-pipeline.py took 0.069 seconds
[2026-04-10T05:58:51.862+0000] {processor.py:161} INFO - Started process (PID=67) to work on /opt/airflow/dags/flight-pipeline.py
[2026-04-10T05:58:51.864+0000] {processor.py:830} INFO - Processing file /opt/airflow/dags/flight-pipeline.py for tasks to queue
[2026-04-10T05:58:51.867+0000] {logging_mixin.py:188} INFO - [2026-04-10T05:58:51.867+0000] {dagbag.py:545} INFO - Filling up the DagBag from /opt/airflow/dags/flight-pipeline.py
[2026-04-10T05:58:51.885+0000] {logging_mixin.py:188} INFO - [2026-04-10T05:58:51.883+0000] {dagbag.py:355} ERROR - Failed to import: /opt/airflow/dags/flight-pipeline.py
Traceback (most recent call last):
  File "/home/airflow/.local/lib/python3.12/site-packages/airflow/models/dagbag.py", line 351, in parse
    loader.exec_module(new_module)
  File "<frozen importlib._bootstrap_external>", line 991, in exec_module
  File "<frozen importlib._bootstrap_external>", line 1129, in get_code
  File "<frozen importlib._bootstrap_external>", line 1059, in source_to_code
  File "<frozen importlib._bootstrap>", line 488, in _call_with_frames_removed
  File "/opt/airflow/dags/flight-pipeline.py", line 27
    )
     ^
SyntaxError: expected ':'
[2026-04-10T05:58:51.886+0000] {processor.py:842} WARNING - No viable dags retrieved from /opt/airflow/dags/flight-pipeline.py
[2026-04-10T05:58:51.916+0000] {processor.py:183} INFO - Processing /opt/airflow/dags/flight-pipeline.py took 0.061 seconds
[2026-04-10T05:59:22.254+0000] {processor.py:161} INFO - Started process (PID=68) to work on /opt/airflow/dags/flight-pipeline.py
[2026-04-10T05:59:22.256+0000] {processor.py:830} INFO - Processing file /opt/airflow/dags/flight-pipeline.py for tasks to queue
[2026-04-10T05:59:22.258+0000] {logging_mixin.py:188} INFO - [2026-04-10T05:59:22.258+0000] {dagbag.py:545} INFO - Filling up the DagBag from /opt/airflow/dags/flight-pipeline.py
[2026-04-10T05:59:22.276+0000] {logging_mixin.py:188} INFO - [2026-04-10T05:59:22.275+0000] {dagbag.py:355} ERROR - Failed to import: /opt/airflow/dags/flight-pipeline.py
Traceback (most recent call last):
  File "/home/airflow/.local/lib/python3.12/site-packages/airflow/models/dagbag.py", line 351, in parse
    loader.exec_module(new_module)
  File "<frozen importlib._bootstrap_external>", line 991, in exec_module
  File "<frozen importlib._bootstrap_external>", line 1129, in get_code
  File "<frozen importlib._bootstrap_external>", line 1059, in source_to_code
  File "<frozen importlib._bootstrap>", line 488, in _call_with_frames_removed
  File "/opt/airflow/dags/flight-pipeline.py", line 27
    )
     ^
SyntaxError: expected ':'
[2026-04-10T05:59:22.277+0000] {processor.py:842} WARNING - No viable dags retrieved from /opt/airflow/dags/flight-pipeline.py
[2026-04-10T05:59:22.308+0000] {processor.py:183} INFO - Processing /opt/airflow/dags/flight-pipeline.py took 0.062 seconds
[2026-04-10T05:59:52.596+0000] {processor.py:161} INFO - Started process (PID=69) to work on /opt/airflow/dags/flight-pipeline.py
[2026-04-10T05:59:52.598+0000] {processor.py:830} INFO - Processing file /opt/airflow/dags/flight-pipeline.py for tasks to queue
[2026-04-10T05:59:52.600+0000] {logging_mixin.py:188} INFO - [2026-04-10T05:59:52.600+0000] {dagbag.py:545} INFO - Filling up the DagBag from /opt/airflow/dags/flight-pipeline.py
[2026-04-10T05:59:52.624+0000] {logging_mixin.py:188} INFO - [2026-04-10T05:59:52.623+0000] {dagbag.py:355} ERROR - Failed to import: /opt/airflow/dags/flight-pipeline.py
Traceback (most recent call last):
  File "/home/airflow/.local/lib/python3.12/site-packages/airflow/models/dagbag.py", line 351, in parse
    loader.exec_module(new_module)
  File "<frozen importlib._bootstrap_external>", line 991, in exec_module
  File "<frozen importlib._bootstrap_external>", line 1129, in get_code
  File "<frozen importlib._bootstrap_external>", line 1059, in source_to_code
  File "<frozen importlib._bootstrap>", line 488, in _call_with_frames_removed
  File "/opt/airflow/dags/flight-pipeline.py", line 27
    )
     ^
SyntaxError: expected ':'
[2026-04-10T05:59:52.625+0000] {processor.py:842} WARNING - No viable dags retrieved from /opt/airflow/dags/flight-pipeline.py
[2026-04-10T05:59:52.663+0000] {processor.py:183} INFO - Processing /opt/airflow/dags/flight-pipeline.py took 0.076 seconds
[2026-04-10T06:00:23.021+0000] {processor.py:161} INFO - Started process (PID=70) to work on /opt/airflow/dags/flight-pipeline.py
[2026-04-10T06:00:23.023+0000] {processor.py:830} INFO - Processing file /opt/airflow/dags/flight-pipeline.py for tasks to queue
[2026-04-10T06:00:23.025+0000] {logging_mixin.py:188} INFO - [2026-04-10T06:00:23.025+0000] {dagbag.py:545} INFO - Filling up the DagBag from /opt/airflow/dags/flight-pipeline.py
[2026-04-10T06:00:23.043+0000] {logging_mixin.py:188} INFO - [2026-04-10T06:00:23.041+0000] {dagbag.py:355} ERROR - Failed to import: /opt/airflow/dags/flight-pipeline.py
Traceback (most recent call last):
  File "/home/airflow/.local/lib/python3.12/site-packages/airflow/models/dagbag.py", line 351, in parse
    loader.exec_module(new_module)
  File "<frozen importlib._bootstrap_external>", line 991, in exec_module
  File "<frozen importlib._bootstrap_external>", line 1129, in get_code
  File "<frozen importlib._bootstrap_external>", line 1059, in source_to_code
  File "<frozen importlib._bootstrap>", line 488, in _call_with_frames_removed
  File "/opt/airflow/dags/flight-pipeline.py", line 27
    )
     ^
SyntaxError: expected ':'
[2026-04-10T06:00:23.044+0000] {processor.py:842} WARNING - No viable dags retrieved from /opt/airflow/dags/flight-pipeline.py
[2026-04-10T06:00:23.074+0000] {processor.py:183} INFO - Processing /opt/airflow/dags/flight-pipeline.py took 0.061 seconds
[2026-04-10T06:00:53.428+0000] {processor.py:161} INFO - Started process (PID=71) to work on /opt/airflow/dags/flight-pipeline.py
[2026-04-10T06:00:53.429+0000] {processor.py:830} INFO - Processing file /opt/airflow/dags/flight-pipeline.py for tasks to queue
[2026-04-10T06:00:53.432+0000] {logging_mixin.py:188} INFO - [2026-04-10T06:00:53.431+0000] {dagbag.py:545} INFO - Filling up the DagBag from /opt/airflow/dags/flight-pipeline.py
[2026-04-10T06:00:53.456+0000] {logging_mixin.py:188} INFO - [2026-04-10T06:00:53.455+0000] {dagbag.py:355} ERROR - Failed to import: /opt/airflow/dags/flight-pipeline.py
Traceback (most recent call last):
  File "/home/airflow/.local/lib/python3.12/site-packages/airflow/models/dagbag.py", line 351, in parse
    loader.exec_module(new_module)
  File "<frozen importlib._bootstrap_external>", line 991, in exec_module
  File "<frozen importlib._bootstrap_external>", line 1129, in get_code
  File "<frozen importlib._bootstrap_external>", line 1059, in source_to_code
  File "<frozen importlib._bootstrap>", line 488, in _call_with_frames_removed
  File "/opt/airflow/dags/flight-pipeline.py", line 27
    )
     ^
SyntaxError: expected ':'
[2026-04-10T06:00:53.457+0000] {processor.py:842} WARNING - No viable dags retrieved from /opt/airflow/dags/flight-pipeline.py
[2026-04-10T06:00:53.492+0000] {processor.py:183} INFO - Processing /opt/airflow/dags/flight-pipeline.py took 0.072 seconds
[2026-04-10T06:01:23.760+0000] {processor.py:161} INFO - Started process (PID=72) to work on /opt/airflow/dags/flight-pipeline.py
[2026-04-10T06:01:23.761+0000] {processor.py:830} INFO - Processing file /opt/airflow/dags/flight-pipeline.py for tasks to queue
[2026-04-10T06:01:23.763+0000] {logging_mixin.py:188} INFO - [2026-04-10T06:01:23.763+0000] {dagbag.py:545} INFO - Filling up the DagBag from /opt/airflow/dags/flight-pipeline.py
[2026-04-10T06:01:23.782+0000] {logging_mixin.py:188} INFO - [2026-04-10T06:01:23.780+0000] {dagbag.py:355} ERROR - Failed to import: /opt/airflow/dags/flight-pipeline.py
Traceback (most recent call last):
  File "/home/airflow/.local/lib/python3.12/site-packages/airflow/models/dagbag.py", line 351, in parse
    loader.exec_module(new_module)
  File "<frozen importlib._bootstrap_external>", line 991, in exec_module
  File "<frozen importlib._bootstrap_external>", line 1129, in get_code
  File "<frozen importlib._bootstrap_external>", line 1059, in source_to_code
  File "<frozen importlib._bootstrap>", line 488, in _call_with_frames_removed
  File "/opt/airflow/dags/flight-pipeline.py", line 27
    )
     ^
SyntaxError: expected ':'
[2026-04-10T06:01:23.782+0000] {processor.py:842} WARNING - No viable dags retrieved from /opt/airflow/dags/flight-pipeline.py
[2026-04-10T06:01:23.813+0000] {processor.py:183} INFO - Processing /opt/airflow/dags/flight-pipeline.py took 0.062 seconds
[2026-04-10T06:21:47.038+0000] {processor.py:161} INFO - Started process (PID=73) to work on /opt/airflow/dags/flight-pipeline.py
[2026-04-10T06:21:47.049+0000] {processor.py:830} INFO - Processing file /opt/airflow/dags/flight-pipeline.py for tasks to queue
[2026-04-10T06:21:47.066+0000] {logging_mixin.py:188} INFO - [2026-04-10T06:21:47.064+0000] {dagbag.py:545} INFO - Filling up the DagBag from /opt/airflow/dags/flight-pipeline.py
[2026-04-10T06:21:47.112+0000] {logging_mixin.py:188} INFO - [2026-04-10T06:21:47.108+0000] {dagbag.py:355} ERROR - Failed to import: /opt/airflow/dags/flight-pipeline.py
Traceback (most recent call last):
  File "/home/airflow/.local/lib/python3.12/site-packages/airflow/models/dagbag.py", line 351, in parse
    loader.exec_module(new_module)
  File "<frozen importlib._bootstrap_external>", line 991, in exec_module
  File "<frozen importlib._bootstrap_external>", line 1129, in get_code
  File "<frozen importlib._bootstrap_external>", line 1059, in source_to_code
  File "<frozen importlib._bootstrap>", line 488, in _call_with_frames_removed
  File "/opt/airflow/dags/flight-pipeline.py", line 27
    )
     ^
SyntaxError: expected ':'
[2026-04-10T06:21:47.116+0000] {processor.py:842} WARNING - No viable dags retrieved from /opt/airflow/dags/flight-pipeline.py
[2026-04-10T06:21:47.250+0000] {processor.py:183} INFO - Processing /opt/airflow/dags/flight-pipeline.py took 0.242 seconds
[2026-04-10T06:22:17.611+0000] {processor.py:161} INFO - Started process (PID=74) to work on /opt/airflow/dags/flight-pipeline.py
[2026-04-10T06:22:17.612+0000] {processor.py:830} INFO - Processing file /opt/airflow/dags/flight-pipeline.py for tasks to queue
[2026-04-10T06:22:17.615+0000] {logging_mixin.py:188} INFO - [2026-04-10T06:22:17.614+0000] {dagbag.py:545} INFO - Filling up the DagBag from /opt/airflow/dags/flight-pipeline.py
[2026-04-10T06:22:17.633+0000] {logging_mixin.py:188} INFO - [2026-04-10T06:22:17.631+0000] {dagbag.py:355} ERROR - Failed to import: /opt/airflow/dags/flight-pipeline.py
Traceback (most recent call last):
  File "/home/airflow/.local/lib/python3.12/site-packages/airflow/models/dagbag.py", line 351, in parse
    loader.exec_module(new_module)
  File "<frozen importlib._bootstrap_external>", line 991, in exec_module
  File "<frozen importlib._bootstrap_external>", line 1129, in get_code
  File "<frozen importlib._bootstrap_external>", line 1059, in source_to_code
  File "<frozen importlib._bootstrap>", line 488, in _call_with_frames_removed
  File "/opt/airflow/dags/flight-pipeline.py", line 27
    )
     ^
SyntaxError: expected ':'
[2026-04-10T06:22:17.633+0000] {processor.py:842} WARNING - No viable dags retrieved from /opt/airflow/dags/flight-pipeline.py
[2026-04-10T06:22:17.661+0000] {processor.py:183} INFO - Processing /opt/airflow/dags/flight-pipeline.py took 0.057 seconds
[2026-04-10T06:22:47.810+0000] {processor.py:161} INFO - Started process (PID=75) to work on /opt/airflow/dags/flight-pipeline.py
[2026-04-10T06:22:47.812+0000] {processor.py:830} INFO - Processing file /opt/airflow/dags/flight-pipeline.py for tasks to queue
[2026-04-10T06:22:47.814+0000] {logging_mixin.py:188} INFO - [2026-04-10T06:22:47.814+0000] {dagbag.py:545} INFO - Filling up the DagBag from /opt/airflow/dags/flight-pipeline.py
[2026-04-10T06:22:47.831+0000] {logging_mixin.py:188} INFO - [2026-04-10T06:22:47.830+0000] {dagbag.py:355} ERROR - Failed to import: /opt/airflow/dags/flight-pipeline.py
Traceback (most recent call last):
  File "/home/airflow/.local/lib/python3.12/site-packages/airflow/models/dagbag.py", line 351, in parse
    loader.exec_module(new_module)
  File "<frozen importlib._bootstrap_external>", line 991, in exec_module
  File "<frozen importlib._bootstrap_external>", line 1129, in get_code
  File "<frozen importlib._bootstrap_external>", line 1059, in source_to_code
  File "<frozen importlib._bootstrap>", line 488, in _call_with_frames_removed
  File "/opt/airflow/dags/flight-pipeline.py", line 27
    )
     ^
SyntaxError: expected ':'
[2026-04-10T06:22:47.832+0000] {processor.py:842} WARNING - No viable dags retrieved from /opt/airflow/dags/flight-pipeline.py
[2026-04-10T06:22:47.859+0000] {processor.py:183} INFO - Processing /opt/airflow/dags/flight-pipeline.py took 0.056 seconds
[2026-04-10T06:23:18.150+0000] {processor.py:161} INFO - Started process (PID=76) to work on /opt/airflow/dags/flight-pipeline.py
[2026-04-10T06:23:18.151+0000] {processor.py:830} INFO - Processing file /opt/airflow/dags/flight-pipeline.py for tasks to queue
[2026-04-10T06:23:18.154+0000] {logging_mixin.py:188} INFO - [2026-04-10T06:23:18.154+0000] {dagbag.py:545} INFO - Filling up the DagBag from /opt/airflow/dags/flight-pipeline.py
[2026-04-10T06:23:18.174+0000] {logging_mixin.py:188} INFO - [2026-04-10T06:23:18.172+0000] {dagbag.py:355} ERROR - Failed to import: /opt/airflow/dags/flight-pipeline.py
Traceback (most recent call last):
  File "/home/airflow/.local/lib/python3.12/site-packages/airflow/models/dagbag.py", line 351, in parse
    loader.exec_module(new_module)
  File "<frozen importlib._bootstrap_external>", line 991, in exec_module
  File "<frozen importlib._bootstrap_external>", line 1129, in get_code
  File "<frozen importlib._bootstrap_external>", line 1059, in source_to_code
  File "<frozen importlib._bootstrap>", line 488, in _call_with_frames_removed
  File "/opt/airflow/dags/flight-pipeline.py", line 27
    )
     ^
SyntaxError: expected ':'
[2026-04-10T06:23:18.175+0000] {processor.py:842} WARNING - No viable dags retrieved from /opt/airflow/dags/flight-pipeline.py
[2026-04-10T06:23:18.205+0000] {processor.py:183} INFO - Processing /opt/airflow/dags/flight-pipeline.py took 0.063 seconds
[2026-04-10T06:23:48.664+0000] {processor.py:161} INFO - Started process (PID=77) to work on /opt/airflow/dags/flight-pipeline.py
[2026-04-10T06:23:48.666+0000] {processor.py:830} INFO - Processing file /opt/airflow/dags/flight-pipeline.py for tasks to queue
[2026-04-10T06:23:48.670+0000] {logging_mixin.py:188} INFO - [2026-04-10T06:23:48.669+0000] {dagbag.py:545} INFO - Filling up the DagBag from /opt/airflow/dags/flight-pipeline.py
[2026-04-10T06:23:48.689+0000] {logging_mixin.py:188} INFO - [2026-04-10T06:23:48.688+0000] {dagbag.py:355} ERROR - Failed to import: /opt/airflow/dags/flight-pipeline.py
Traceback (most recent call last):
  File "/home/airflow/.local/lib/python3.12/site-packages/airflow/models/dagbag.py", line 351, in parse
    loader.exec_module(new_module)
  File "<frozen importlib._bootstrap_external>", line 991, in exec_module
  File "<frozen importlib._bootstrap_external>", line 1129, in get_code
  File "<frozen importlib._bootstrap_external>", line 1059, in source_to_code
  File "<frozen importlib._bootstrap>", line 488, in _call_with_frames_removed
  File "/opt/airflow/dags/flight-pipeline.py", line 27
    )
     ^
SyntaxError: expected ':'
[2026-04-10T06:23:48.690+0000] {processor.py:842} WARNING - No viable dags retrieved from /opt/airflow/dags/flight-pipeline.py
[2026-04-10T06:23:48.720+0000] {processor.py:183} INFO - Processing /opt/airflow/dags/flight-pipeline.py took 0.063 seconds
[2026-04-10T06:24:19.241+0000] {processor.py:161} INFO - Started process (PID=78) to work on /opt/airflow/dags/flight-pipeline.py
[2026-04-10T06:24:19.243+0000] {processor.py:830} INFO - Processing file /opt/airflow/dags/flight-pipeline.py for tasks to queue
[2026-04-10T06:24:19.245+0000] {logging_mixin.py:188} INFO - [2026-04-10T06:24:19.245+0000] {dagbag.py:545} INFO - Filling up the DagBag from /opt/airflow/dags/flight-pipeline.py
[2026-04-10T06:24:19.264+0000] {logging_mixin.py:188} INFO - [2026-04-10T06:24:19.262+0000] {dagbag.py:355} ERROR - Failed to import: /opt/airflow/dags/flight-pipeline.py
Traceback (most recent call last):
  File "/home/airflow/.local/lib/python3.12/site-packages/airflow/models/dagbag.py", line 351, in parse
    loader.exec_module(new_module)
  File "<frozen importlib._bootstrap_external>", line 991, in exec_module
  File "<frozen importlib._bootstrap_external>", line 1129, in get_code
  File "<frozen importlib._bootstrap_external>", line 1059, in source_to_code
  File "<frozen importlib._bootstrap>", line 488, in _call_with_frames_removed
  File "/opt/airflow/dags/flight-pipeline.py", line 27
    )
     ^
SyntaxError: expected ':'
[2026-04-10T06:24:19.265+0000] {processor.py:842} WARNING - No viable dags retrieved from /opt/airflow/dags/flight-pipeline.py
[2026-04-10T06:24:19.297+0000] {processor.py:183} INFO - Processing /opt/airflow/dags/flight-pipeline.py took 0.064 seconds
[2026-04-10T06:24:49.777+0000] {processor.py:161} INFO - Started process (PID=79) to work on /opt/airflow/dags/flight-pipeline.py
[2026-04-10T06:24:49.778+0000] {processor.py:830} INFO - Processing file /opt/airflow/dags/flight-pipeline.py for tasks to queue
[2026-04-10T06:24:49.781+0000] {logging_mixin.py:188} INFO - [2026-04-10T06:24:49.780+0000] {dagbag.py:545} INFO - Filling up the DagBag from /opt/airflow/dags/flight-pipeline.py
[2026-04-10T06:24:49.799+0000] {logging_mixin.py:188} INFO - [2026-04-10T06:24:49.798+0000] {dagbag.py:355} ERROR - Failed to import: /opt/airflow/dags/flight-pipeline.py
Traceback (most recent call last):
  File "/home/airflow/.local/lib/python3.12/site-packages/airflow/models/dagbag.py", line 351, in parse
    loader.exec_module(new_module)
  File "<frozen importlib._bootstrap_external>", line 991, in exec_module
  File "<frozen importlib._bootstrap_external>", line 1129, in get_code
  File "<frozen importlib._bootstrap_external>", line 1059, in source_to_code
  File "<frozen importlib._bootstrap>", line 488, in _call_with_frames_removed
  File "/opt/airflow/dags/flight-pipeline.py", line 27
    )
     ^
SyntaxError: expected ':'
[2026-04-10T06:24:49.800+0000] {processor.py:842} WARNING - No viable dags retrieved from /opt/airflow/dags/flight-pipeline.py
[2026-04-10T06:24:49.830+0000] {processor.py:183} INFO - Processing /opt/airflow/dags/flight-pipeline.py took 0.061 seconds
[2026-04-10T06:25:20.407+0000] {processor.py:161} INFO - Started process (PID=80) to work on /opt/airflow/dags/flight-pipeline.py
[2026-04-10T06:25:20.408+0000] {processor.py:830} INFO - Processing file /opt/airflow/dags/flight-pipeline.py for tasks to queue
[2026-04-10T06:25:20.411+0000] {logging_mixin.py:188} INFO - [2026-04-10T06:25:20.411+0000] {dagbag.py:545} INFO - Filling up the DagBag from /opt/airflow/dags/flight-pipeline.py
[2026-04-10T06:25:20.432+0000] {logging_mixin.py:188} INFO - [2026-04-10T06:25:20.430+0000] {dagbag.py:355} ERROR - Failed to import: /opt/airflow/dags/flight-pipeline.py
Traceback (most recent call last):
  File "/home/airflow/.local/lib/python3.12/site-packages/airflow/models/dagbag.py", line 351, in parse
    loader.exec_module(new_module)
  File "<frozen importlib._bootstrap_external>", line 991, in exec_module
  File "<frozen importlib._bootstrap_external>", line 1129, in get_code
  File "<frozen importlib._bootstrap_external>", line 1059, in source_to_code
  File "<frozen importlib._bootstrap>", line 488, in _call_with_frames_removed
  File "/opt/airflow/dags/flight-pipeline.py", line 27
    )
     ^
SyntaxError: expected ':'
[2026-04-10T06:25:20.433+0000] {processor.py:842} WARNING - No viable dags retrieved from /opt/airflow/dags/flight-pipeline.py
[2026-04-10T06:25:20.463+0000] {processor.py:183} INFO - Processing /opt/airflow/dags/flight-pipeline.py took 0.063 seconds
[2026-04-10T06:25:51.006+0000] {processor.py:161} INFO - Started process (PID=81) to work on /opt/airflow/dags/flight-pipeline.py
[2026-04-10T06:25:51.008+0000] {processor.py:830} INFO - Processing file /opt/airflow/dags/flight-pipeline.py for tasks to queue
[2026-04-10T06:25:51.010+0000] {logging_mixin.py:188} INFO - [2026-04-10T06:25:51.010+0000] {dagbag.py:545} INFO - Filling up the DagBag from /opt/airflow/dags/flight-pipeline.py
[2026-04-10T06:25:51.030+0000] {logging_mixin.py:188} INFO - [2026-04-10T06:25:51.028+0000] {dagbag.py:355} ERROR - Failed to import: /opt/airflow/dags/flight-pipeline.py
Traceback (most recent call last):
  File "/home/airflow/.local/lib/python3.12/site-packages/airflow/models/dagbag.py", line 351, in parse
    loader.exec_module(new_module)
  File "<frozen importlib._bootstrap_external>", line 991, in exec_module
  File "<frozen importlib._bootstrap_external>", line 1129, in get_code
  File "<frozen importlib._bootstrap_external>", line 1059, in source_to_code
  File "<frozen importlib._bootstrap>", line 488, in _call_with_frames_removed
  File "/opt/airflow/dags/flight-pipeline.py", line 27
    )
     ^
SyntaxError: expected ':'
[2026-04-10T06:25:51.031+0000] {processor.py:842} WARNING - No viable dags retrieved from /opt/airflow/dags/flight-pipeline.py
[2026-04-10T06:25:51.065+0000] {processor.py:183} INFO - Processing /opt/airflow/dags/flight-pipeline.py took 0.066 seconds
[2026-04-10T06:26:21.495+0000] {processor.py:161} INFO - Started process (PID=82) to work on /opt/airflow/dags/flight-pipeline.py
[2026-04-10T06:26:21.496+0000] {processor.py:830} INFO - Processing file /opt/airflow/dags/flight-pipeline.py for tasks to queue
[2026-04-10T06:26:21.499+0000] {logging_mixin.py:188} INFO - [2026-04-10T06:26:21.498+0000] {dagbag.py:545} INFO - Filling up the DagBag from /opt/airflow/dags/flight-pipeline.py
[2026-04-10T06:26:21.518+0000] {logging_mixin.py:188} INFO - [2026-04-10T06:26:21.516+0000] {dagbag.py:355} ERROR - Failed to import: /opt/airflow/dags/flight-pipeline.py
Traceback (most recent call last):
  File "/home/airflow/.local/lib/python3.12/site-packages/airflow/models/dagbag.py", line 351, in parse
    loader.exec_module(new_module)
  File "<frozen importlib._bootstrap_external>", line 991, in exec_module
  File "<frozen importlib._bootstrap_external>", line 1129, in get_code
  File "<frozen importlib._bootstrap_external>", line 1059, in source_to_code
  File "<frozen importlib._bootstrap>", line 488, in _call_with_frames_removed
  File "/opt/airflow/dags/flight-pipeline.py", line 27
    )
     ^
SyntaxError: expected ':'
[2026-04-10T06:26:21.519+0000] {processor.py:842} WARNING - No viable dags retrieved from /opt/airflow/dags/flight-pipeline.py
[2026-04-10T06:26:21.550+0000] {processor.py:183} INFO - Processing /opt/airflow/dags/flight-pipeline.py took 0.063 seconds
[2026-04-10T06:26:52.026+0000] {processor.py:161} INFO - Started process (PID=83) to work on /opt/airflow/dags/flight-pipeline.py
[2026-04-10T06:26:52.028+0000] {processor.py:830} INFO - Processing file /opt/airflow/dags/flight-pipeline.py for tasks to queue
[2026-04-10T06:26:52.030+0000] {logging_mixin.py:188} INFO - [2026-04-10T06:26:52.030+0000] {dagbag.py:545} INFO - Filling up the DagBag from /opt/airflow/dags/flight-pipeline.py
[2026-04-10T06:26:52.050+0000] {logging_mixin.py:188} INFO - [2026-04-10T06:26:52.049+0000] {dagbag.py:355} ERROR - Failed to import: /opt/airflow/dags/flight-pipeline.py
Traceback (most recent call last):
  File "/home/airflow/.local/lib/python3.12/site-packages/airflow/models/dagbag.py", line 351, in parse
    loader.exec_module(new_module)
  File "<frozen importlib._bootstrap_external>", line 991, in exec_module
  File "<frozen importlib._bootstrap_external>", line 1129, in get_code
  File "<frozen importlib._bootstrap_external>", line 1059, in source_to_code
  File "<frozen importlib._bootstrap>", line 488, in _call_with_frames_removed
  File "/opt/airflow/dags/flight-pipeline.py", line 27
    )
     ^
SyntaxError: expected ':'
[2026-04-10T06:26:52.051+0000] {processor.py:842} WARNING - No viable dags retrieved from /opt/airflow/dags/flight-pipeline.py
[2026-04-10T06:26:52.080+0000] {processor.py:183} INFO - Processing /opt/airflow/dags/flight-pipeline.py took 0.061 seconds
[2026-04-10T06:27:22.540+0000] {processor.py:161} INFO - Started process (PID=84) to work on /opt/airflow/dags/flight-pipeline.py
[2026-04-10T06:27:22.542+0000] {processor.py:830} INFO - Processing file /opt/airflow/dags/flight-pipeline.py for tasks to queue
[2026-04-10T06:27:22.544+0000] {logging_mixin.py:188} INFO - [2026-04-10T06:27:22.543+0000] {dagbag.py:545} INFO - Filling up the DagBag from /opt/airflow/dags/flight-pipeline.py
[2026-04-10T06:27:22.560+0000] {logging_mixin.py:188} INFO - [2026-04-10T06:27:22.559+0000] {dagbag.py:355} ERROR - Failed to import: /opt/airflow/dags/flight-pipeline.py
Traceback (most recent call last):
  File "/home/airflow/.local/lib/python3.12/site-packages/airflow/models/dagbag.py", line 351, in parse
    loader.exec_module(new_module)
  File "<frozen importlib._bootstrap_external>", line 991, in exec_module
  File "<frozen importlib._bootstrap_external>", line 1129, in get_code
  File "<frozen importlib._bootstrap_external>", line 1059, in source_to_code
  File "<frozen importlib._bootstrap>", line 488, in _call_with_frames_removed
  File "/opt/airflow/dags/flight-pipeline.py", line 27
    )
     ^
SyntaxError: expected ':'
[2026-04-10T06:27:22.561+0000] {processor.py:842} WARNING - No viable dags retrieved from /opt/airflow/dags/flight-pipeline.py
[2026-04-10T06:27:22.590+0000] {processor.py:183} INFO - Processing /opt/airflow/dags/flight-pipeline.py took 0.057 seconds
[2026-04-10T06:27:52.944+0000] {processor.py:161} INFO - Started process (PID=85) to work on /opt/airflow/dags/flight-pipeline.py
[2026-04-10T06:27:52.946+0000] {processor.py:830} INFO - Processing file /opt/airflow/dags/flight-pipeline.py for tasks to queue
[2026-04-10T06:27:52.948+0000] {logging_mixin.py:188} INFO - [2026-04-10T06:27:52.948+0000] {dagbag.py:545} INFO - Filling up the DagBag from /opt/airflow/dags/flight-pipeline.py
[2026-04-10T06:27:52.969+0000] {logging_mixin.py:188} INFO - [2026-04-10T06:27:52.967+0000] {dagbag.py:355} ERROR - Failed to import: /opt/airflow/dags/flight-pipeline.py
Traceback (most recent call last):
  File "/home/airflow/.local/lib/python3.12/site-packages/airflow/models/dagbag.py", line 351, in parse
    loader.exec_module(new_module)
  File "<frozen importlib._bootstrap_external>", line 991, in exec_module
  File "<frozen importlib._bootstrap_external>", line 1129, in get_code
  File "<frozen importlib._bootstrap_external>", line 1059, in source_to_code
  File "<frozen importlib._bootstrap>", line 488, in _call_with_frames_removed
  File "/opt/airflow/dags/flight-pipeline.py", line 27
    )
     ^
SyntaxError: expected ':'
[2026-04-10T06:27:52.970+0000] {processor.py:842} WARNING - No viable dags retrieved from /opt/airflow/dags/flight-pipeline.py
[2026-04-10T06:27:53.003+0000] {processor.py:183} INFO - Processing /opt/airflow/dags/flight-pipeline.py took 0.067 seconds
[2026-04-10T06:28:23.324+0000] {processor.py:161} INFO - Started process (PID=86) to work on /opt/airflow/dags/flight-pipeline.py
[2026-04-10T06:28:23.326+0000] {processor.py:830} INFO - Processing file /opt/airflow/dags/flight-pipeline.py for tasks to queue
[2026-04-10T06:28:23.329+0000] {logging_mixin.py:188} INFO - [2026-04-10T06:28:23.328+0000] {dagbag.py:545} INFO - Filling up the DagBag from /opt/airflow/dags/flight-pipeline.py
[2026-04-10T06:28:23.355+0000] {logging_mixin.py:188} INFO - [2026-04-10T06:28:23.354+0000] {dagbag.py:355} ERROR - Failed to import: /opt/airflow/dags/flight-pipeline.py
Traceback (most recent call last):
  File "/home/airflow/.local/lib/python3.12/site-packages/airflow/models/dagbag.py", line 351, in parse
    loader.exec_module(new_module)
  File "<frozen importlib._bootstrap_external>", line 991, in exec_module
  File "<frozen importlib._bootstrap_external>", line 1129, in get_code
  File "<frozen importlib._bootstrap_external>", line 1059, in source_to_code
  File "<frozen importlib._bootstrap>", line 488, in _call_with_frames_removed
  File "/opt/airflow/dags/flight-pipeline.py", line 27
    )
     ^
SyntaxError: expected ':'
[2026-04-10T06:28:23.356+0000] {processor.py:842} WARNING - No viable dags retrieved from /opt/airflow/dags/flight-pipeline.py
[2026-04-10T06:28:23.394+0000] {processor.py:183} INFO - Processing /opt/airflow/dags/flight-pipeline.py took 0.077 seconds
[2026-04-10T06:28:53.875+0000] {processor.py:161} INFO - Started process (PID=87) to work on /opt/airflow/dags/flight-pipeline.py
[2026-04-10T06:28:53.877+0000] {processor.py:830} INFO - Processing file /opt/airflow/dags/flight-pipeline.py for tasks to queue
[2026-04-10T06:28:53.879+0000] {logging_mixin.py:188} INFO - [2026-04-10T06:28:53.879+0000] {dagbag.py:545} INFO - Filling up the DagBag from /opt/airflow/dags/flight-pipeline.py
[2026-04-10T06:28:53.900+0000] {logging_mixin.py:188} INFO - [2026-04-10T06:28:53.898+0000] {dagbag.py:355} ERROR - Failed to import: /opt/airflow/dags/flight-pipeline.py
Traceback (most recent call last):
  File "/home/airflow/.local/lib/python3.12/site-packages/airflow/models/dagbag.py", line 351, in parse
    loader.exec_module(new_module)
  File "<frozen importlib._bootstrap_external>", line 991, in exec_module
  File "<frozen importlib._bootstrap_external>", line 1129, in get_code
  File "<frozen importlib._bootstrap_external>", line 1059, in source_to_code
  File "<frozen importlib._bootstrap>", line 488, in _call_with_frames_removed
  File "/opt/airflow/dags/flight-pipeline.py", line 27
    )
     ^
SyntaxError: expected ':'
[2026-04-10T06:28:53.901+0000] {processor.py:842} WARNING - No viable dags retrieved from /opt/airflow/dags/flight-pipeline.py
[2026-04-10T06:28:53.937+0000] {processor.py:183} INFO - Processing /opt/airflow/dags/flight-pipeline.py took 0.070 seconds
[2026-04-10T06:29:24.287+0000] {processor.py:161} INFO - Started process (PID=88) to work on /opt/airflow/dags/flight-pipeline.py
[2026-04-10T06:29:24.288+0000] {processor.py:830} INFO - Processing file /opt/airflow/dags/flight-pipeline.py for tasks to queue
[2026-04-10T06:29:24.290+0000] {logging_mixin.py:188} INFO - [2026-04-10T06:29:24.290+0000] {dagbag.py:545} INFO - Filling up the DagBag from /opt/airflow/dags/flight-pipeline.py
[2026-04-10T06:29:24.309+0000] {logging_mixin.py:188} INFO - [2026-04-10T06:29:24.307+0000] {dagbag.py:355} ERROR - Failed to import: /opt/airflow/dags/flight-pipeline.py
Traceback (most recent call last):
  File "/home/airflow/.local/lib/python3.12/site-packages/airflow/models/dagbag.py", line 351, in parse
    loader.exec_module(new_module)
  File "<frozen importlib._bootstrap_external>", line 991, in exec_module
  File "<frozen importlib._bootstrap_external>", line 1129, in get_code
  File "<frozen importlib._bootstrap_external>", line 1059, in source_to_code
  File "<frozen importlib._bootstrap>", line 488, in _call_with_frames_removed
  File "/opt/airflow/dags/flight-pipeline.py", line 27
    )
     ^
SyntaxError: expected ':'
[2026-04-10T06:29:24.310+0000] {processor.py:842} WARNING - No viable dags retrieved from /opt/airflow/dags/flight-pipeline.py
[2026-04-10T06:29:24.343+0000] {processor.py:183} INFO - Processing /opt/airflow/dags/flight-pipeline.py took 0.064 seconds
[2026-04-10T06:29:54.869+0000] {processor.py:161} INFO - Started process (PID=89) to work on /opt/airflow/dags/flight-pipeline.py
[2026-04-10T06:29:54.871+0000] {processor.py:830} INFO - Processing file /opt/airflow/dags/flight-pipeline.py for tasks to queue
[2026-04-10T06:29:54.874+0000] {logging_mixin.py:188} INFO - [2026-04-10T06:29:54.873+0000] {dagbag.py:545} INFO - Filling up the DagBag from /opt/airflow/dags/flight-pipeline.py
[2026-04-10T06:29:54.897+0000] {logging_mixin.py:188} INFO - [2026-04-10T06:29:54.895+0000] {dagbag.py:355} ERROR - Failed to import: /opt/airflow/dags/flight-pipeline.py
Traceback (most recent call last):
  File "/home/airflow/.local/lib/python3.12/site-packages/airflow/models/dagbag.py", line 351, in parse
    loader.exec_module(new_module)
  File "<frozen importlib._bootstrap_external>", line 991, in exec_module
  File "<frozen importlib._bootstrap_external>", line 1129, in get_code
  File "<frozen importlib._bootstrap_external>", line 1059, in source_to_code
  File "<frozen importlib._bootstrap>", line 488, in _call_with_frames_removed
  File "/opt/airflow/dags/flight-pipeline.py", line 27
    )
     ^
SyntaxError: expected ':'
[2026-04-10T06:29:54.898+0000] {processor.py:842} WARNING - No viable dags retrieved from /opt/airflow/dags/flight-pipeline.py
[2026-04-10T06:29:54.929+0000] {processor.py:183} INFO - Processing /opt/airflow/dags/flight-pipeline.py took 0.069 seconds
[2026-04-10T06:30:25.310+0000] {processor.py:161} INFO - Started process (PID=90) to work on /opt/airflow/dags/flight-pipeline.py
[2026-04-10T06:30:25.312+0000] {processor.py:830} INFO - Processing file /opt/airflow/dags/flight-pipeline.py for tasks to queue
[2026-04-10T06:30:25.315+0000] {logging_mixin.py:188} INFO - [2026-04-10T06:30:25.314+0000] {dagbag.py:545} INFO - Filling up the DagBag from /opt/airflow/dags/flight-pipeline.py
[2026-04-10T06:30:25.334+0000] {logging_mixin.py:188} INFO - [2026-04-10T06:30:25.333+0000] {dagbag.py:355} ERROR - Failed to import: /opt/airflow/dags/flight-pipeline.py
Traceback (most recent call last):
  File "/home/airflow/.local/lib/python3.12/site-packages/airflow/models/dagbag.py", line 351, in parse
    loader.exec_module(new_module)
  File "<frozen importlib._bootstrap_external>", line 991, in exec_module
  File "<frozen importlib._bootstrap_external>", line 1129, in get_code
  File "<frozen importlib._bootstrap_external>", line 1059, in source_to_code
  File "<frozen importlib._bootstrap>", line 488, in _call_with_frames_removed
  File "/opt/airflow/dags/flight-pipeline.py", line 27
    )
     ^
SyntaxError: expected ':'
[2026-04-10T06:30:25.335+0000] {processor.py:842} WARNING - No viable dags retrieved from /opt/airflow/dags/flight-pipeline.py
[2026-04-10T06:30:25.366+0000] {processor.py:183} INFO - Processing /opt/airflow/dags/flight-pipeline.py took 0.064 seconds
[2026-04-10T06:30:55.796+0000] {processor.py:161} INFO - Started process (PID=91) to work on /opt/airflow/dags/flight-pipeline.py
[2026-04-10T06:30:55.797+0000] {processor.py:830} INFO - Processing file /opt/airflow/dags/flight-pipeline.py for tasks to queue
[2026-04-10T06:30:55.800+0000] {logging_mixin.py:188} INFO - [2026-04-10T06:30:55.800+0000] {dagbag.py:545} INFO - Filling up the DagBag from /opt/airflow/dags/flight-pipeline.py
[2026-04-10T06:30:55.817+0000] {logging_mixin.py:188} INFO - [2026-04-10T06:30:55.816+0000] {dagbag.py:355} ERROR - Failed to import: /opt/airflow/dags/flight-pipeline.py
Traceback (most recent call last):
  File "/home/airflow/.local/lib/python3.12/site-packages/airflow/models/dagbag.py", line 351, in parse
    loader.exec_module(new_module)
  File "<frozen importlib._bootstrap_external>", line 991, in exec_module
  File "<frozen importlib._bootstrap_external>", line 1129, in get_code
  File "<frozen importlib._bootstrap_external>", line 1059, in source_to_code
  File "<frozen importlib._bootstrap>", line 488, in _call_with_frames_removed
  File "/opt/airflow/dags/flight-pipeline.py", line 27
    )
     ^
SyntaxError: expected ':'
[2026-04-10T06:30:55.818+0000] {processor.py:842} WARNING - No viable dags retrieved from /opt/airflow/dags/flight-pipeline.py
[2026-04-10T06:30:55.850+0000] {processor.py:183} INFO - Processing /opt/airflow/dags/flight-pipeline.py took 0.060 seconds
[2026-04-10T06:31:26.118+0000] {processor.py:161} INFO - Started process (PID=92) to work on /opt/airflow/dags/flight-pipeline.py
[2026-04-10T06:31:26.119+0000] {processor.py:830} INFO - Processing file /opt/airflow/dags/flight-pipeline.py for tasks to queue
[2026-04-10T06:31:26.122+0000] {logging_mixin.py:188} INFO - [2026-04-10T06:31:26.121+0000] {dagbag.py:545} INFO - Filling up the DagBag from /opt/airflow/dags/flight-pipeline.py
[2026-04-10T06:31:26.140+0000] {logging_mixin.py:188} INFO - [2026-04-10T06:31:26.139+0000] {dagbag.py:355} ERROR - Failed to import: /opt/airflow/dags/flight-pipeline.py
Traceback (most recent call last):
  File "/home/airflow/.local/lib/python3.12/site-packages/airflow/models/dagbag.py", line 351, in parse
    loader.exec_module(new_module)
  File "<frozen importlib._bootstrap_external>", line 991, in exec_module
  File "<frozen importlib._bootstrap_external>", line 1129, in get_code
  File "<frozen importlib._bootstrap_external>", line 1059, in source_to_code
  File "<frozen importlib._bootstrap>", line 488, in _call_with_frames_removed
  File "/opt/airflow/dags/flight-pipeline.py", line 27
    )
     ^
SyntaxError: expected ':'
[2026-04-10T06:31:26.141+0000] {processor.py:842} WARNING - No viable dags retrieved from /opt/airflow/dags/flight-pipeline.py
[2026-04-10T06:31:26.171+0000] {processor.py:183} INFO - Processing /opt/airflow/dags/flight-pipeline.py took 0.061 seconds
[2026-04-10T06:31:56.826+0000] {processor.py:161} INFO - Started process (PID=93) to work on /opt/airflow/dags/flight-pipeline.py
[2026-04-10T06:31:56.827+0000] {processor.py:830} INFO - Processing file /opt/airflow/dags/flight-pipeline.py for tasks to queue
[2026-04-10T06:31:56.830+0000] {logging_mixin.py:188} INFO - [2026-04-10T06:31:56.829+0000] {dagbag.py:545} INFO - Filling up the DagBag from /opt/airflow/dags/flight-pipeline.py
[2026-04-10T06:31:56.849+0000] {logging_mixin.py:188} INFO - [2026-04-10T06:31:56.847+0000] {dagbag.py:355} ERROR - Failed to import: /opt/airflow/dags/flight-pipeline.py
Traceback (most recent call last):
  File "/home/airflow/.local/lib/python3.12/site-packages/airflow/models/dagbag.py", line 351, in parse
    loader.exec_module(new_module)
  File "<frozen importlib._bootstrap_external>", line 991, in exec_module
  File "<frozen importlib._bootstrap_external>", line 1129, in get_code
  File "<frozen importlib._bootstrap_external>", line 1059, in source_to_code
  File "<frozen importlib._bootstrap>", line 488, in _call_with_frames_removed
  File "/opt/airflow/dags/flight-pipeline.py", line 27
    )
     ^
SyntaxError: expected ':'
[2026-04-10T06:31:56.850+0000] {processor.py:842} WARNING - No viable dags retrieved from /opt/airflow/dags/flight-pipeline.py
[2026-04-10T06:31:56.884+0000] {processor.py:183} INFO - Processing /opt/airflow/dags/flight-pipeline.py took 0.065 seconds
[2026-04-10T06:32:27.460+0000] {processor.py:161} INFO - Started process (PID=94) to work on /opt/airflow/dags/flight-pipeline.py
[2026-04-10T06:32:27.462+0000] {processor.py:830} INFO - Processing file /opt/airflow/dags/flight-pipeline.py for tasks to queue
[2026-04-10T06:32:27.465+0000] {logging_mixin.py:188} INFO - [2026-04-10T06:32:27.464+0000] {dagbag.py:545} INFO - Filling up the DagBag from /opt/airflow/dags/flight-pipeline.py
[2026-04-10T06:32:27.486+0000] {logging_mixin.py:188} INFO - [2026-04-10T06:32:27.484+0000] {dagbag.py:355} ERROR - Failed to import: /opt/airflow/dags/flight-pipeline.py
Traceback (most recent call last):
  File "/home/airflow/.local/lib/python3.12/site-packages/airflow/models/dagbag.py", line 351, in parse
    loader.exec_module(new_module)
  File "<frozen importlib._bootstrap_external>", line 991, in exec_module
  File "<frozen importlib._bootstrap_external>", line 1129, in get_code
  File "<frozen importlib._bootstrap_external>", line 1059, in source_to_code
  File "<frozen importlib._bootstrap>", line 488, in _call_with_frames_removed
  File "/opt/airflow/dags/flight-pipeline.py", line 27
    )
     ^
SyntaxError: expected ':'
[2026-04-10T06:32:27.487+0000] {processor.py:842} WARNING - No viable dags retrieved from /opt/airflow/dags/flight-pipeline.py
[2026-04-10T06:32:27.518+0000] {processor.py:183} INFO - Processing /opt/airflow/dags/flight-pipeline.py took 0.065 seconds
[2026-04-10T06:32:57.966+0000] {processor.py:161} INFO - Started process (PID=95) to work on /opt/airflow/dags/flight-pipeline.py
[2026-04-10T06:32:57.968+0000] {processor.py:830} INFO - Processing file /opt/airflow/dags/flight-pipeline.py for tasks to queue
[2026-04-10T06:32:57.971+0000] {logging_mixin.py:188} INFO - [2026-04-10T06:32:57.970+0000] {dagbag.py:545} INFO - Filling up the DagBag from /opt/airflow/dags/flight-pipeline.py
[2026-04-10T06:32:57.993+0000] {logging_mixin.py:188} INFO - [2026-04-10T06:32:57.991+0000] {dagbag.py:355} ERROR - Failed to import: /opt/airflow/dags/flight-pipeline.py
Traceback (most recent call last):
  File "/home/airflow/.local/lib/python3.12/site-packages/airflow/models/dagbag.py", line 351, in parse
    loader.exec_module(new_module)
  File "<frozen importlib._bootstrap_external>", line 991, in exec_module
  File "<frozen importlib._bootstrap_external>", line 1129, in get_code
  File "<frozen importlib._bootstrap_external>", line 1059, in source_to_code
  File "<frozen importlib._bootstrap>", line 488, in _call_with_frames_removed
  File "/opt/airflow/dags/flight-pipeline.py", line 27
    )
     ^
SyntaxError: expected ':'
[2026-04-10T06:32:57.995+0000] {processor.py:842} WARNING - No viable dags retrieved from /opt/airflow/dags/flight-pipeline.py
[2026-04-10T06:32:58.035+0000] {processor.py:183} INFO - Processing /opt/airflow/dags/flight-pipeline.py took 0.076 seconds
[2026-04-10T06:33:28.472+0000] {processor.py:161} INFO - Started process (PID=96) to work on /opt/airflow/dags/flight-pipeline.py
[2026-04-10T06:33:28.473+0000] {processor.py:830} INFO - Processing file /opt/airflow/dags/flight-pipeline.py for tasks to queue
[2026-04-10T06:33:28.476+0000] {logging_mixin.py:188} INFO - [2026-04-10T06:33:28.475+0000] {dagbag.py:545} INFO - Filling up the DagBag from /opt/airflow/dags/flight-pipeline.py
[2026-04-10T06:33:28.495+0000] {logging_mixin.py:188} INFO - [2026-04-10T06:33:28.494+0000] {dagbag.py:355} ERROR - Failed to import: /opt/airflow/dags/flight-pipeline.py
Traceback (most recent call last):
  File "/home/airflow/.local/lib/python3.12/site-packages/airflow/models/dagbag.py", line 351, in parse
    loader.exec_module(new_module)
  File "<frozen importlib._bootstrap_external>", line 991, in exec_module
  File "<frozen importlib._bootstrap_external>", line 1129, in get_code
  File "<frozen importlib._bootstrap_external>", line 1059, in source_to_code
  File "<frozen importlib._bootstrap>", line 488, in _call_with_frames_removed
  File "/opt/airflow/dags/flight-pipeline.py", line 27
    )
     ^
SyntaxError: expected ':'
[2026-04-10T06:33:28.496+0000] {processor.py:842} WARNING - No viable dags retrieved from /opt/airflow/dags/flight-pipeline.py
[2026-04-10T06:33:28.526+0000] {processor.py:183} INFO - Processing /opt/airflow/dags/flight-pipeline.py took 0.062 seconds
[2026-04-10T06:33:58.910+0000] {processor.py:161} INFO - Started process (PID=97) to work on /opt/airflow/dags/flight-pipeline.py
[2026-04-10T06:33:58.912+0000] {processor.py:830} INFO - Processing file /opt/airflow/dags/flight-pipeline.py for tasks to queue
[2026-04-10T06:33:58.914+0000] {logging_mixin.py:188} INFO - [2026-04-10T06:33:58.914+0000] {dagbag.py:545} INFO - Filling up the DagBag from /opt/airflow/dags/flight-pipeline.py
[2026-04-10T06:33:58.933+0000] {logging_mixin.py:188} INFO - [2026-04-10T06:33:58.931+0000] {dagbag.py:355} ERROR - Failed to import: /opt/airflow/dags/flight-pipeline.py
Traceback (most recent call last):
  File "/home/airflow/.local/lib/python3.12/site-packages/airflow/models/dagbag.py", line 351, in parse
    loader.exec_module(new_module)
  File "<frozen importlib._bootstrap_external>", line 991, in exec_module
  File "<frozen importlib._bootstrap_external>", line 1129, in get_code
  File "<frozen importlib._bootstrap_external>", line 1059, in source_to_code
  File "<frozen importlib._bootstrap>", line 488, in _call_with_frames_removed
  File "/opt/airflow/dags/flight-pipeline.py", line 27
    )
     ^
SyntaxError: expected ':'
[2026-04-10T06:33:58.934+0000] {processor.py:842} WARNING - No viable dags retrieved from /opt/airflow/dags/flight-pipeline.py
[2026-04-10T06:33:58.964+0000] {processor.py:183} INFO - Processing /opt/airflow/dags/flight-pipeline.py took 0.061 seconds
[2026-04-10T06:34:29.502+0000] {processor.py:161} INFO - Started process (PID=98) to work on /opt/airflow/dags/flight-pipeline.py
[2026-04-10T06:34:29.505+0000] {processor.py:830} INFO - Processing file /opt/airflow/dags/flight-pipeline.py for tasks to queue
[2026-04-10T06:34:29.508+0000] {logging_mixin.py:188} INFO - [2026-04-10T06:34:29.507+0000] {dagbag.py:545} INFO - Filling up the DagBag from /opt/airflow/dags/flight-pipeline.py
[2026-04-10T06:34:29.529+0000] {logging_mixin.py:188} INFO - [2026-04-10T06:34:29.527+0000] {dagbag.py:355} ERROR - Failed to import: /opt/airflow/dags/flight-pipeline.py
Traceback (most recent call last):
  File "/home/airflow/.local/lib/python3.12/site-packages/airflow/models/dagbag.py", line 351, in parse
    loader.exec_module(new_module)
  File "<frozen importlib._bootstrap_external>", line 991, in exec_module
  File "<frozen importlib._bootstrap_external>", line 1129, in get_code
  File "<frozen importlib._bootstrap_external>", line 1059, in source_to_code
  File "<frozen importlib._bootstrap>", line 488, in _call_with_frames_removed
  File "/opt/airflow/dags/flight-pipeline.py", line 27
    )
     ^
SyntaxError: expected ':'
[2026-04-10T06:34:29.530+0000] {processor.py:842} WARNING - No viable dags retrieved from /opt/airflow/dags/flight-pipeline.py
[2026-04-10T06:34:29.561+0000] {processor.py:183} INFO - Processing /opt/airflow/dags/flight-pipeline.py took 0.075 seconds
[2026-04-10T06:35:00.189+0000] {processor.py:161} INFO - Started process (PID=99) to work on /opt/airflow/dags/flight-pipeline.py
[2026-04-10T06:35:00.190+0000] {processor.py:830} INFO - Processing file /opt/airflow/dags/flight-pipeline.py for tasks to queue
[2026-04-10T06:35:00.192+0000] {logging_mixin.py:188} INFO - [2026-04-10T06:35:00.192+0000] {dagbag.py:545} INFO - Filling up the DagBag from /opt/airflow/dags/flight-pipeline.py
[2026-04-10T06:35:00.212+0000] {logging_mixin.py:188} INFO - [2026-04-10T06:35:00.211+0000] {dagbag.py:355} ERROR - Failed to import: /opt/airflow/dags/flight-pipeline.py
Traceback (most recent call last):
  File "/home/airflow/.local/lib/python3.12/site-packages/airflow/models/dagbag.py", line 351, in parse
    loader.exec_module(new_module)
  File "<frozen importlib._bootstrap_external>", line 991, in exec_module
  File "<frozen importlib._bootstrap_external>", line 1129, in get_code
  File "<frozen importlib._bootstrap_external>", line 1059, in source_to_code
  File "<frozen importlib._bootstrap>", line 488, in _call_with_frames_removed
  File "/opt/airflow/dags/flight-pipeline.py", line 27
    )
     ^
SyntaxError: expected ':'
[2026-04-10T06:35:00.214+0000] {processor.py:842} WARNING - No viable dags retrieved from /opt/airflow/dags/flight-pipeline.py
[2026-04-10T06:35:00.246+0000] {processor.py:183} INFO - Processing /opt/airflow/dags/flight-pipeline.py took 0.064 seconds
[2026-04-10T06:35:30.601+0000] {processor.py:161} INFO - Started process (PID=100) to work on /opt/airflow/dags/flight-pipeline.py
[2026-04-10T06:35:30.603+0000] {processor.py:830} INFO - Processing file /opt/airflow/dags/flight-pipeline.py for tasks to queue
[2026-04-10T06:35:30.606+0000] {logging_mixin.py:188} INFO - [2026-04-10T06:35:30.605+0000] {dagbag.py:545} INFO - Filling up the DagBag from /opt/airflow/dags/flight-pipeline.py
[2026-04-10T06:35:30.630+0000] {logging_mixin.py:188} INFO - [2026-04-10T06:35:30.629+0000] {dagbag.py:355} ERROR - Failed to import: /opt/airflow/dags/flight-pipeline.py
Traceback (most recent call last):
  File "/home/airflow/.local/lib/python3.12/site-packages/airflow/models/dagbag.py", line 351, in parse
    loader.exec_module(new_module)
  File "<frozen importlib._bootstrap_external>", line 991, in exec_module
  File "<frozen importlib._bootstrap_external>", line 1129, in get_code
  File "<frozen importlib._bootstrap_external>", line 1059, in source_to_code
  File "<frozen importlib._bootstrap>", line 488, in _call_with_frames_removed
  File "/opt/airflow/dags/flight-pipeline.py", line 27
    )
     ^
SyntaxError: expected ':'
[2026-04-10T06:35:30.631+0000] {processor.py:842} WARNING - No viable dags retrieved from /opt/airflow/dags/flight-pipeline.py
[2026-04-10T06:35:30.665+0000] {processor.py:183} INFO - Processing /opt/airflow/dags/flight-pipeline.py took 0.072 seconds
[2026-04-10T06:36:01.160+0000] {processor.py:161} INFO - Started process (PID=101) to work on /opt/airflow/dags/flight-pipeline.py
[2026-04-10T06:36:01.162+0000] {processor.py:830} INFO - Processing file /opt/airflow/dags/flight-pipeline.py for tasks to queue
[2026-04-10T06:36:01.166+0000] {logging_mixin.py:188} INFO - [2026-04-10T06:36:01.165+0000] {dagbag.py:545} INFO - Filling up the DagBag from /opt/airflow/dags/flight-pipeline.py
[2026-04-10T06:36:01.187+0000] {logging_mixin.py:188} INFO - [2026-04-10T06:36:01.185+0000] {dagbag.py:355} ERROR - Failed to import: /opt/airflow/dags/flight-pipeline.py
Traceback (most recent call last):
  File "/home/airflow/.local/lib/python3.12/site-packages/airflow/models/dagbag.py", line 351, in parse
    loader.exec_module(new_module)
  File "<frozen importlib._bootstrap_external>", line 991, in exec_module
  File "<frozen importlib._bootstrap_external>", line 1129, in get_code
  File "<frozen importlib._bootstrap_external>", line 1059, in source_to_code
  File "<frozen importlib._bootstrap>", line 488, in _call_with_frames_removed
  File "/opt/airflow/dags/flight-pipeline.py", line 27
    )
     ^
SyntaxError: expected ':'
[2026-04-10T06:36:01.188+0000] {processor.py:842} WARNING - No viable dags retrieved from /opt/airflow/dags/flight-pipeline.py
[2026-04-10T06:36:01.218+0000] {processor.py:183} INFO - Processing /opt/airflow/dags/flight-pipeline.py took 0.065 seconds
[2026-04-10T06:36:31.764+0000] {processor.py:161} INFO - Started process (PID=102) to work on /opt/airflow/dags/flight-pipeline.py
[2026-04-10T06:36:31.766+0000] {processor.py:830} INFO - Processing file /opt/airflow/dags/flight-pipeline.py for tasks to queue
[2026-04-10T06:36:31.769+0000] {logging_mixin.py:188} INFO - [2026-04-10T06:36:31.768+0000] {dagbag.py:545} INFO - Filling up the DagBag from /opt/airflow/dags/flight-pipeline.py
[2026-04-10T06:36:31.792+0000] {logging_mixin.py:188} INFO - [2026-04-10T06:36:31.790+0000] {dagbag.py:355} ERROR - Failed to import: /opt/airflow/dags/flight-pipeline.py
Traceback (most recent call last):
  File "/home/airflow/.local/lib/python3.12/site-packages/airflow/models/dagbag.py", line 351, in parse
    loader.exec_module(new_module)
  File "<frozen importlib._bootstrap_external>", line 991, in exec_module
  File "<frozen importlib._bootstrap_external>", line 1129, in get_code
  File "<frozen importlib._bootstrap_external>", line 1059, in source_to_code
  File "<frozen importlib._bootstrap>", line 488, in _call_with_frames_removed
  File "/opt/airflow/dags/flight-pipeline.py", line 27
    )
     ^
SyntaxError: expected ':'
[2026-04-10T06:36:31.793+0000] {processor.py:842} WARNING - No viable dags retrieved from /opt/airflow/dags/flight-pipeline.py
[2026-04-10T06:36:31.822+0000] {processor.py:183} INFO - Processing /opt/airflow/dags/flight-pipeline.py took 0.065 seconds
[2026-04-10T06:37:02.362+0000] {processor.py:161} INFO - Started process (PID=103) to work on /opt/airflow/dags/flight-pipeline.py
[2026-04-10T06:37:02.363+0000] {processor.py:830} INFO - Processing file /opt/airflow/dags/flight-pipeline.py for tasks to queue
[2026-04-10T06:37:02.366+0000] {logging_mixin.py:188} INFO - [2026-04-10T06:37:02.366+0000] {dagbag.py:545} INFO - Filling up the DagBag from /opt/airflow/dags/flight-pipeline.py
[2026-04-10T06:37:02.384+0000] {logging_mixin.py:188} INFO - [2026-04-10T06:37:02.382+0000] {dagbag.py:355} ERROR - Failed to import: /opt/airflow/dags/flight-pipeline.py
Traceback (most recent call last):
  File "/home/airflow/.local/lib/python3.12/site-packages/airflow/models/dagbag.py", line 351, in parse
    loader.exec_module(new_module)
  File "<frozen importlib._bootstrap_external>", line 991, in exec_module
  File "<frozen importlib._bootstrap_external>", line 1129, in get_code
  File "<frozen importlib._bootstrap_external>", line 1059, in source_to_code
  File "<frozen importlib._bootstrap>", line 488, in _call_with_frames_removed
  File "/opt/airflow/dags/flight-pipeline.py", line 27
    )
     ^
SyntaxError: expected ':'
[2026-04-10T06:37:02.385+0000] {processor.py:842} WARNING - No viable dags retrieved from /opt/airflow/dags/flight-pipeline.py
[2026-04-10T06:37:02.417+0000] {processor.py:183} INFO - Processing /opt/airflow/dags/flight-pipeline.py took 0.063 seconds
[2026-04-10T06:37:32.871+0000] {processor.py:161} INFO - Started process (PID=104) to work on /opt/airflow/dags/flight-pipeline.py
[2026-04-10T06:37:32.873+0000] {processor.py:830} INFO - Processing file /opt/airflow/dags/flight-pipeline.py for tasks to queue
[2026-04-10T06:37:32.875+0000] {logging_mixin.py:188} INFO - [2026-04-10T06:37:32.875+0000] {dagbag.py:545} INFO - Filling up the DagBag from /opt/airflow/dags/flight-pipeline.py
[2026-04-10T06:37:32.897+0000] {logging_mixin.py:188} INFO - [2026-04-10T06:37:32.896+0000] {dagbag.py:355} ERROR - Failed to import: /opt/airflow/dags/flight-pipeline.py
Traceback (most recent call last):
  File "/home/airflow/.local/lib/python3.12/site-packages/airflow/models/dagbag.py", line 351, in parse
    loader.exec_module(new_module)
  File "<frozen importlib._bootstrap_external>", line 991, in exec_module
  File "<frozen importlib._bootstrap_external>", line 1129, in get_code
  File "<frozen importlib._bootstrap_external>", line 1059, in source_to_code
  File "<frozen importlib._bootstrap>", line 488, in _call_with_frames_removed
  File "/opt/airflow/dags/flight-pipeline.py", line 27
    )
     ^
SyntaxError: expected ':'
[2026-04-10T06:37:32.898+0000] {processor.py:842} WARNING - No viable dags retrieved from /opt/airflow/dags/flight-pipeline.py
[2026-04-10T06:37:32.932+0000] {processor.py:183} INFO - Processing /opt/airflow/dags/flight-pipeline.py took 0.068 seconds
[2026-04-10T06:38:03.313+0000] {processor.py:161} INFO - Started process (PID=105) to work on /opt/airflow/dags/flight-pipeline.py
[2026-04-10T06:38:03.314+0000] {processor.py:830} INFO - Processing file /opt/airflow/dags/flight-pipeline.py for tasks to queue
[2026-04-10T06:38:03.316+0000] {logging_mixin.py:188} INFO - [2026-04-10T06:38:03.316+0000] {dagbag.py:545} INFO - Filling up the DagBag from /opt/airflow/dags/flight-pipeline.py
[2026-04-10T06:38:03.335+0000] {logging_mixin.py:188} INFO - [2026-04-10T06:38:03.334+0000] {dagbag.py:355} ERROR - Failed to import: /opt/airflow/dags/flight-pipeline.py
Traceback (most recent call last):
  File "/home/airflow/.local/lib/python3.12/site-packages/airflow/models/dagbag.py", line 351, in parse
    loader.exec_module(new_module)
  File "<frozen importlib._bootstrap_external>", line 991, in exec_module
  File "<frozen importlib._bootstrap_external>", line 1129, in get_code
  File "<frozen importlib._bootstrap_external>", line 1059, in source_to_code
  File "<frozen importlib._bootstrap>", line 488, in _call_with_frames_removed
  File "/opt/airflow/dags/flight-pipeline.py", line 27
    )
     ^
SyntaxError: expected ':'
[2026-04-10T06:38:03.336+0000] {processor.py:842} WARNING - No viable dags retrieved from /opt/airflow/dags/flight-pipeline.py
[2026-04-10T06:38:03.363+0000] {processor.py:183} INFO - Processing /opt/airflow/dags/flight-pipeline.py took 0.058 seconds
[2026-04-10T06:38:33.795+0000] {processor.py:161} INFO - Started process (PID=106) to work on /opt/airflow/dags/flight-pipeline.py
[2026-04-10T06:38:33.797+0000] {processor.py:830} INFO - Processing file /opt/airflow/dags/flight-pipeline.py for tasks to queue
[2026-04-10T06:38:33.799+0000] {logging_mixin.py:188} INFO - [2026-04-10T06:38:33.799+0000] {dagbag.py:545} INFO - Filling up the DagBag from /opt/airflow/dags/flight-pipeline.py
[2026-04-10T06:38:33.818+0000] {logging_mixin.py:188} INFO - [2026-04-10T06:38:33.817+0000] {dagbag.py:355} ERROR - Failed to import: /opt/airflow/dags/flight-pipeline.py
Traceback (most recent call last):
  File "/home/airflow/.local/lib/python3.12/site-packages/airflow/models/dagbag.py", line 351, in parse
    loader.exec_module(new_module)
  File "<frozen importlib._bootstrap_external>", line 991, in exec_module
  File "<frozen importlib._bootstrap_external>", line 1129, in get_code
  File "<frozen importlib._bootstrap_external>", line 1059, in source_to_code
  File "<frozen importlib._bootstrap>", line 488, in _call_with_frames_removed
  File "/opt/airflow/dags/flight-pipeline.py", line 27
    )
     ^
SyntaxError: expected ':'
[2026-04-10T06:38:33.819+0000] {processor.py:842} WARNING - No viable dags retrieved from /opt/airflow/dags/flight-pipeline.py
[2026-04-10T06:38:33.848+0000] {processor.py:183} INFO - Processing /opt/airflow/dags/flight-pipeline.py took 0.062 seconds
[2026-04-10T06:39:04.491+0000] {processor.py:161} INFO - Started process (PID=107) to work on /opt/airflow/dags/flight-pipeline.py
[2026-04-10T06:39:04.492+0000] {processor.py:830} INFO - Processing file /opt/airflow/dags/flight-pipeline.py for tasks to queue
[2026-04-10T06:39:04.495+0000] {logging_mixin.py:188} INFO - [2026-04-10T06:39:04.495+0000] {dagbag.py:545} INFO - Filling up the DagBag from /opt/airflow/dags/flight-pipeline.py
[2026-04-10T06:39:04.518+0000] {logging_mixin.py:188} INFO - [2026-04-10T06:39:04.516+0000] {dagbag.py:355} ERROR - Failed to import: /opt/airflow/dags/flight-pipeline.py
Traceback (most recent call last):
  File "/home/airflow/.local/lib/python3.12/site-packages/airflow/models/dagbag.py", line 351, in parse
    loader.exec_module(new_module)
  File "<frozen importlib._bootstrap_external>", line 991, in exec_module
  File "<frozen importlib._bootstrap_external>", line 1129, in get_code
  File "<frozen importlib._bootstrap_external>", line 1059, in source_to_code
  File "<frozen importlib._bootstrap>", line 488, in _call_with_frames_removed
  File "/opt/airflow/dags/flight-pipeline.py", line 27
    )
     ^
SyntaxError: expected ':'
[2026-04-10T06:39:04.519+0000] {processor.py:842} WARNING - No viable dags retrieved from /opt/airflow/dags/flight-pipeline.py
[2026-04-10T06:39:04.548+0000] {processor.py:183} INFO - Processing /opt/airflow/dags/flight-pipeline.py took 0.066 seconds
[2026-04-10T06:39:35.057+0000] {processor.py:161} INFO - Started process (PID=108) to work on /opt/airflow/dags/flight-pipeline.py
[2026-04-10T06:39:35.058+0000] {processor.py:830} INFO - Processing file /opt/airflow/dags/flight-pipeline.py for tasks to queue
[2026-04-10T06:39:35.061+0000] {logging_mixin.py:188} INFO - [2026-04-10T06:39:35.061+0000] {dagbag.py:545} INFO - Filling up the DagBag from /opt/airflow/dags/flight-pipeline.py
[2026-04-10T06:39:35.083+0000] {logging_mixin.py:188} INFO - [2026-04-10T06:39:35.081+0000] {dagbag.py:355} ERROR - Failed to import: /opt/airflow/dags/flight-pipeline.py
Traceback (most recent call last):
  File "/home/airflow/.local/lib/python3.12/site-packages/airflow/models/dagbag.py", line 351, in parse
    loader.exec_module(new_module)
  File "<frozen importlib._bootstrap_external>", line 991, in exec_module
  File "<frozen importlib._bootstrap_external>", line 1129, in get_code
  File "<frozen importlib._bootstrap_external>", line 1059, in source_to_code
  File "<frozen importlib._bootstrap>", line 488, in _call_with_frames_removed
  File "/opt/airflow/dags/flight-pipeline.py", line 27
    )
     ^
SyntaxError: expected ':'
[2026-04-10T06:39:35.084+0000] {processor.py:842} WARNING - No viable dags retrieved from /opt/airflow/dags/flight-pipeline.py
[2026-04-10T06:39:35.112+0000] {processor.py:183} INFO - Processing /opt/airflow/dags/flight-pipeline.py took 0.064 seconds
[2026-04-10T06:40:05.702+0000] {processor.py:161} INFO - Started process (PID=109) to work on /opt/airflow/dags/flight-pipeline.py
[2026-04-10T06:40:05.703+0000] {processor.py:830} INFO - Processing file /opt/airflow/dags/flight-pipeline.py for tasks to queue
[2026-04-10T06:40:05.706+0000] {logging_mixin.py:188} INFO - [2026-04-10T06:40:05.705+0000] {dagbag.py:545} INFO - Filling up the DagBag from /opt/airflow/dags/flight-pipeline.py
[2026-04-10T06:40:05.725+0000] {logging_mixin.py:188} INFO - [2026-04-10T06:40:05.723+0000] {dagbag.py:355} ERROR - Failed to import: /opt/airflow/dags/flight-pipeline.py
Traceback (most recent call last):
  File "/home/airflow/.local/lib/python3.12/site-packages/airflow/models/dagbag.py", line 351, in parse
    loader.exec_module(new_module)
  File "<frozen importlib._bootstrap_external>", line 991, in exec_module
  File "<frozen importlib._bootstrap_external>", line 1129, in get_code
  File "<frozen importlib._bootstrap_external>", line 1059, in source_to_code
  File "<frozen importlib._bootstrap>", line 488, in _call_with_frames_removed
  File "/opt/airflow/dags/flight-pipeline.py", line 27
    )
     ^
SyntaxError: expected ':'
[2026-04-10T06:40:05.725+0000] {processor.py:842} WARNING - No viable dags retrieved from /opt/airflow/dags/flight-pipeline.py
[2026-04-10T06:40:05.754+0000] {processor.py:183} INFO - Processing /opt/airflow/dags/flight-pipeline.py took 0.060 seconds
[2026-04-10T06:40:36.385+0000] {processor.py:161} INFO - Started process (PID=110) to work on /opt/airflow/dags/flight-pipeline.py
[2026-04-10T06:40:36.386+0000] {processor.py:830} INFO - Processing file /opt/airflow/dags/flight-pipeline.py for tasks to queue
[2026-04-10T06:40:36.389+0000] {logging_mixin.py:188} INFO - [2026-04-10T06:40:36.388+0000] {dagbag.py:545} INFO - Filling up the DagBag from /opt/airflow/dags/flight-pipeline.py
[2026-04-10T06:40:36.407+0000] {logging_mixin.py:188} INFO - [2026-04-10T06:40:36.406+0000] {dagbag.py:355} ERROR - Failed to import: /opt/airflow/dags/flight-pipeline.py
Traceback (most recent call last):
  File "/home/airflow/.local/lib/python3.12/site-packages/airflow/models/dagbag.py", line 351, in parse
    loader.exec_module(new_module)
  File "<frozen importlib._bootstrap_external>", line 991, in exec_module
  File "<frozen importlib._bootstrap_external>", line 1129, in get_code
  File "<frozen importlib._bootstrap_external>", line 1059, in source_to_code
  File "<frozen importlib._bootstrap>", line 488, in _call_with_frames_removed
  File "/opt/airflow/dags/flight-pipeline.py", line 27
    )
     ^
SyntaxError: expected ':'
[2026-04-10T06:40:36.408+0000] {processor.py:842} WARNING - No viable dags retrieved from /opt/airflow/dags/flight-pipeline.py
[2026-04-10T06:40:36.438+0000] {processor.py:183} INFO - Processing /opt/airflow/dags/flight-pipeline.py took 0.060 seconds
[2026-04-10T06:41:06.914+0000] {processor.py:161} INFO - Started process (PID=111) to work on /opt/airflow/dags/flight-pipeline.py
[2026-04-10T06:41:06.916+0000] {processor.py:830} INFO - Processing file /opt/airflow/dags/flight-pipeline.py for tasks to queue
[2026-04-10T06:41:06.920+0000] {logging_mixin.py:188} INFO - [2026-04-10T06:41:06.919+0000] {dagbag.py:545} INFO - Filling up the DagBag from /opt/airflow/dags/flight-pipeline.py
[2026-04-10T06:41:06.940+0000] {logging_mixin.py:188} INFO - [2026-04-10T06:41:06.938+0000] {dagbag.py:355} ERROR - Failed to import: /opt/airflow/dags/flight-pipeline.py
Traceback (most recent call last):
  File "/home/airflow/.local/lib/python3.12/site-packages/airflow/models/dagbag.py", line 351, in parse
    loader.exec_module(new_module)
  File "<frozen importlib._bootstrap_external>", line 991, in exec_module
  File "<frozen importlib._bootstrap_external>", line 1129, in get_code
  File "<frozen importlib._bootstrap_external>", line 1059, in source_to_code
  File "<frozen importlib._bootstrap>", line 488, in _call_with_frames_removed
  File "/opt/airflow/dags/flight-pipeline.py", line 27
    )
     ^
SyntaxError: expected ':'
[2026-04-10T06:41:06.941+0000] {processor.py:842} WARNING - No viable dags retrieved from /opt/airflow/dags/flight-pipeline.py
[2026-04-10T06:41:06.972+0000] {processor.py:183} INFO - Processing /opt/airflow/dags/flight-pipeline.py took 0.065 seconds
[2026-04-10T06:41:37.551+0000] {processor.py:161} INFO - Started process (PID=112) to work on /opt/airflow/dags/flight-pipeline.py
[2026-04-10T06:41:37.553+0000] {processor.py:830} INFO - Processing file /opt/airflow/dags/flight-pipeline.py for tasks to queue
[2026-04-10T06:41:37.556+0000] {logging_mixin.py:188} INFO - [2026-04-10T06:41:37.555+0000] {dagbag.py:545} INFO - Filling up the DagBag from /opt/airflow/dags/flight-pipeline.py
[2026-04-10T06:41:37.575+0000] {logging_mixin.py:188} INFO - [2026-04-10T06:41:37.573+0000] {dagbag.py:355} ERROR - Failed to import: /opt/airflow/dags/flight-pipeline.py
Traceback (most recent call last):
  File "/home/airflow/.local/lib/python3.12/site-packages/airflow/models/dagbag.py", line 351, in parse
    loader.exec_module(new_module)
  File "<frozen importlib._bootstrap_external>", line 991, in exec_module
  File "<frozen importlib._bootstrap_external>", line 1129, in get_code
  File "<frozen importlib._bootstrap_external>", line 1059, in source_to_code
  File "<frozen importlib._bootstrap>", line 488, in _call_with_frames_removed
  File "/opt/airflow/dags/flight-pipeline.py", line 27
    )
     ^
SyntaxError: expected ':'
[2026-04-10T06:41:37.576+0000] {processor.py:842} WARNING - No viable dags retrieved from /opt/airflow/dags/flight-pipeline.py
[2026-04-10T06:41:37.606+0000] {processor.py:183} INFO - Processing /opt/airflow/dags/flight-pipeline.py took 0.062 seconds
[2026-04-10T06:42:08.115+0000] {processor.py:161} INFO - Started process (PID=113) to work on /opt/airflow/dags/flight-pipeline.py
[2026-04-10T06:42:08.116+0000] {processor.py:830} INFO - Processing file /opt/airflow/dags/flight-pipeline.py for tasks to queue
[2026-04-10T06:42:08.118+0000] {logging_mixin.py:188} INFO - [2026-04-10T06:42:08.118+0000] {dagbag.py:545} INFO - Filling up the DagBag from /opt/airflow/dags/flight-pipeline.py
[2026-04-10T06:42:08.136+0000] {logging_mixin.py:188} INFO - [2026-04-10T06:42:08.134+0000] {dagbag.py:355} ERROR - Failed to import: /opt/airflow/dags/flight-pipeline.py
Traceback (most recent call last):
  File "/home/airflow/.local/lib/python3.12/site-packages/airflow/models/dagbag.py", line 351, in parse
    loader.exec_module(new_module)
  File "<frozen importlib._bootstrap_external>", line 991, in exec_module
  File "<frozen importlib._bootstrap_external>", line 1129, in get_code
  File "<frozen importlib._bootstrap_external>", line 1059, in source_to_code
  File "<frozen importlib._bootstrap>", line 488, in _call_with_frames_removed
  File "/opt/airflow/dags/flight-pipeline.py", line 27
    )
     ^
SyntaxError: expected ':'
[2026-04-10T06:42:08.137+0000] {processor.py:842} WARNING - No viable dags retrieved from /opt/airflow/dags/flight-pipeline.py
[2026-04-10T06:42:08.167+0000] {processor.py:183} INFO - Processing /opt/airflow/dags/flight-pipeline.py took 0.059 seconds
[2026-04-10T06:42:38.431+0000] {processor.py:161} INFO - Started process (PID=114) to work on /opt/airflow/dags/flight-pipeline.py
[2026-04-10T06:42:38.432+0000] {processor.py:830} INFO - Processing file /opt/airflow/dags/flight-pipeline.py for tasks to queue
[2026-04-10T06:42:38.436+0000] {logging_mixin.py:188} INFO - [2026-04-10T06:42:38.435+0000] {dagbag.py:545} INFO - Filling up the DagBag from /opt/airflow/dags/flight-pipeline.py
[2026-04-10T06:42:38.460+0000] {logging_mixin.py:188} INFO - [2026-04-10T06:42:38.458+0000] {dagbag.py:355} ERROR - Failed to import: /opt/airflow/dags/flight-pipeline.py
Traceback (most recent call last):
  File "/home/airflow/.local/lib/python3.12/site-packages/airflow/models/dagbag.py", line 351, in parse
    loader.exec_module(new_module)
  File "<frozen importlib._bootstrap_external>", line 991, in exec_module
  File "<frozen importlib._bootstrap_external>", line 1129, in get_code
  File "<frozen importlib._bootstrap_external>", line 1059, in source_to_code
  File "<frozen importlib._bootstrap>", line 488, in _call_with_frames_removed
  File "/opt/airflow/dags/flight-pipeline.py", line 27
    )
     ^
SyntaxError: expected ':'
[2026-04-10T06:42:38.461+0000] {processor.py:842} WARNING - No viable dags retrieved from /opt/airflow/dags/flight-pipeline.py
[2026-04-10T06:42:38.503+0000] {processor.py:183} INFO - Processing /opt/airflow/dags/flight-pipeline.py took 0.083 seconds
[2026-04-10T06:43:08.885+0000] {processor.py:161} INFO - Started process (PID=115) to work on /opt/airflow/dags/flight-pipeline.py
[2026-04-10T06:43:08.886+0000] {processor.py:830} INFO - Processing file /opt/airflow/dags/flight-pipeline.py for tasks to queue
[2026-04-10T06:43:08.889+0000] {logging_mixin.py:188} INFO - [2026-04-10T06:43:08.888+0000] {dagbag.py:545} INFO - Filling up the DagBag from /opt/airflow/dags/flight-pipeline.py
[2026-04-10T06:43:08.908+0000] {logging_mixin.py:188} INFO - [2026-04-10T06:43:08.907+0000] {dagbag.py:355} ERROR - Failed to import: /opt/airflow/dags/flight-pipeline.py
Traceback (most recent call last):
  File "/home/airflow/.local/lib/python3.12/site-packages/airflow/models/dagbag.py", line 351, in parse
    loader.exec_module(new_module)
  File "<frozen importlib._bootstrap_external>", line 991, in exec_module
  File "<frozen importlib._bootstrap_external>", line 1129, in get_code
  File "<frozen importlib._bootstrap_external>", line 1059, in source_to_code
  File "<frozen importlib._bootstrap>", line 488, in _call_with_frames_removed
  File "/opt/airflow/dags/flight-pipeline.py", line 27
    )
     ^
SyntaxError: expected ':'
[2026-04-10T06:43:08.909+0000] {processor.py:842} WARNING - No viable dags retrieved from /opt/airflow/dags/flight-pipeline.py
[2026-04-10T06:43:08.941+0000] {processor.py:183} INFO - Processing /opt/airflow/dags/flight-pipeline.py took 0.065 seconds
[2026-04-10T06:43:39.310+0000] {processor.py:161} INFO - Started process (PID=116) to work on /opt/airflow/dags/flight-pipeline.py
[2026-04-10T06:43:39.312+0000] {processor.py:830} INFO - Processing file /opt/airflow/dags/flight-pipeline.py for tasks to queue
[2026-04-10T06:43:39.314+0000] {logging_mixin.py:188} INFO - [2026-04-10T06:43:39.314+0000] {dagbag.py:545} INFO - Filling up the DagBag from /opt/airflow/dags/flight-pipeline.py
[2026-04-10T06:43:39.335+0000] {logging_mixin.py:188} INFO - [2026-04-10T06:43:39.334+0000] {dagbag.py:355} ERROR - Failed to import: /opt/airflow/dags/flight-pipeline.py
Traceback (most recent call last):
  File "/home/airflow/.local/lib/python3.12/site-packages/airflow/models/dagbag.py", line 351, in parse
    loader.exec_module(new_module)
  File "<frozen importlib._bootstrap_external>", line 991, in exec_module
  File "<frozen importlib._bootstrap_external>", line 1129, in get_code
  File "<frozen importlib._bootstrap_external>", line 1059, in source_to_code
  File "<frozen importlib._bootstrap>", line 488, in _call_with_frames_removed
  File "/opt/airflow/dags/flight-pipeline.py", line 27
    )
     ^
SyntaxError: expected ':'
[2026-04-10T06:43:39.336+0000] {processor.py:842} WARNING - No viable dags retrieved from /opt/airflow/dags/flight-pipeline.py
[2026-04-10T06:43:39.366+0000] {processor.py:183} INFO - Processing /opt/airflow/dags/flight-pipeline.py took 0.063 seconds
[2026-04-10T06:44:09.781+0000] {processor.py:161} INFO - Started process (PID=117) to work on /opt/airflow/dags/flight-pipeline.py
[2026-04-10T06:44:09.783+0000] {processor.py:830} INFO - Processing file /opt/airflow/dags/flight-pipeline.py for tasks to queue
[2026-04-10T06:44:09.788+0000] {logging_mixin.py:188} INFO - [2026-04-10T06:44:09.786+0000] {dagbag.py:545} INFO - Filling up the DagBag from /opt/airflow/dags/flight-pipeline.py
[2026-04-10T06:44:09.812+0000] {logging_mixin.py:188} INFO - [2026-04-10T06:44:09.811+0000] {dagbag.py:355} ERROR - Failed to import: /opt/airflow/dags/flight-pipeline.py
Traceback (most recent call last):
  File "/home/airflow/.local/lib/python3.12/site-packages/airflow/models/dagbag.py", line 351, in parse
    loader.exec_module(new_module)
  File "<frozen importlib._bootstrap_external>", line 991, in exec_module
  File "<frozen importlib._bootstrap_external>", line 1129, in get_code
  File "<frozen importlib._bootstrap_external>", line 1059, in source_to_code
  File "<frozen importlib._bootstrap>", line 488, in _call_with_frames_removed
  File "/opt/airflow/dags/flight-pipeline.py", line 27
    )
     ^
SyntaxError: expected ':'
[2026-04-10T06:44:09.813+0000] {processor.py:842} WARNING - No viable dags retrieved from /opt/airflow/dags/flight-pipeline.py
[2026-04-10T06:44:09.854+0000] {processor.py:183} INFO - Processing /opt/airflow/dags/flight-pipeline.py took 0.081 seconds
[2026-04-10T06:44:40.254+0000] {processor.py:161} INFO - Started process (PID=118) to work on /opt/airflow/dags/flight-pipeline.py
[2026-04-10T06:44:40.255+0000] {processor.py:830} INFO - Processing file /opt/airflow/dags/flight-pipeline.py for tasks to queue
[2026-04-10T06:44:40.258+0000] {logging_mixin.py:188} INFO - [2026-04-10T06:44:40.257+0000] {dagbag.py:545} INFO - Filling up the DagBag from /opt/airflow/dags/flight-pipeline.py
[2026-04-10T06:44:40.275+0000] {logging_mixin.py:188} INFO - [2026-04-10T06:44:40.274+0000] {dagbag.py:355} ERROR - Failed to import: /opt/airflow/dags/flight-pipeline.py
Traceback (most recent call last):
  File "/home/airflow/.local/lib/python3.12/site-packages/airflow/models/dagbag.py", line 351, in parse
    loader.exec_module(new_module)
  File "<frozen importlib._bootstrap_external>", line 991, in exec_module
  File "<frozen importlib._bootstrap_external>", line 1129, in get_code
  File "<frozen importlib._bootstrap_external>", line 1059, in source_to_code
  File "<frozen importlib._bootstrap>", line 488, in _call_with_frames_removed
  File "/opt/airflow/dags/flight-pipeline.py", line 27
    )
     ^
SyntaxError: expected ':'
[2026-04-10T06:44:40.276+0000] {processor.py:842} WARNING - No viable dags retrieved from /opt/airflow/dags/flight-pipeline.py
[2026-04-10T06:44:40.308+0000] {processor.py:183} INFO - Processing /opt/airflow/dags/flight-pipeline.py took 0.061 seconds
[2026-04-10T06:45:10.654+0000] {processor.py:161} INFO - Started process (PID=119) to work on /opt/airflow/dags/flight-pipeline.py
[2026-04-10T06:45:10.655+0000] {processor.py:830} INFO - Processing file /opt/airflow/dags/flight-pipeline.py for tasks to queue
[2026-04-10T06:45:10.658+0000] {logging_mixin.py:188} INFO - [2026-04-10T06:45:10.657+0000] {dagbag.py:545} INFO - Filling up the DagBag from /opt/airflow/dags/flight-pipeline.py
[2026-04-10T06:45:10.679+0000] {logging_mixin.py:188} INFO - [2026-04-10T06:45:10.677+0000] {dagbag.py:355} ERROR - Failed to import: /opt/airflow/dags/flight-pipeline.py
Traceback (most recent call last):
  File "/home/airflow/.local/lib/python3.12/site-packages/airflow/models/dagbag.py", line 351, in parse
    loader.exec_module(new_module)
  File "<frozen importlib._bootstrap_external>", line 991, in exec_module
  File "<frozen importlib._bootstrap_external>", line 1129, in get_code
  File "<frozen importlib._bootstrap_external>", line 1059, in source_to_code
  File "<frozen importlib._bootstrap>", line 488, in _call_with_frames_removed
  File "/opt/airflow/dags/flight-pipeline.py", line 27
    )
     ^
SyntaxError: expected ':'
[2026-04-10T06:45:10.680+0000] {processor.py:842} WARNING - No viable dags retrieved from /opt/airflow/dags/flight-pipeline.py
[2026-04-10T06:45:10.715+0000] {processor.py:183} INFO - Processing /opt/airflow/dags/flight-pipeline.py took 0.070 seconds
[2026-04-10T06:45:41.012+0000] {processor.py:161} INFO - Started process (PID=120) to work on /opt/airflow/dags/flight-pipeline.py
[2026-04-10T06:45:41.013+0000] {processor.py:830} INFO - Processing file /opt/airflow/dags/flight-pipeline.py for tasks to queue
[2026-04-10T06:45:41.016+0000] {logging_mixin.py:188} INFO - [2026-04-10T06:45:41.015+0000] {dagbag.py:545} INFO - Filling up the DagBag from /opt/airflow/dags/flight-pipeline.py
[2026-04-10T06:45:41.033+0000] {logging_mixin.py:188} INFO - [2026-04-10T06:45:41.032+0000] {dagbag.py:355} ERROR - Failed to import: /opt/airflow/dags/flight-pipeline.py
Traceback (most recent call last):
  File "/home/airflow/.local/lib/python3.12/site-packages/airflow/models/dagbag.py", line 351, in parse
    loader.exec_module(new_module)
  File "<frozen importlib._bootstrap_external>", line 991, in exec_module
  File "<frozen importlib._bootstrap_external>", line 1129, in get_code
  File "<frozen importlib._bootstrap_external>", line 1059, in source_to_code
  File "<frozen importlib._bootstrap>", line 488, in _call_with_frames_removed
  File "/opt/airflow/dags/flight-pipeline.py", line 27
    )
     ^
SyntaxError: expected ':'
[2026-04-10T06:45:41.034+0000] {processor.py:842} WARNING - No viable dags retrieved from /opt/airflow/dags/flight-pipeline.py
[2026-04-10T06:45:41.065+0000] {processor.py:183} INFO - Processing /opt/airflow/dags/flight-pipeline.py took 0.060 seconds
[2026-04-10T06:46:11.378+0000] {processor.py:161} INFO - Started process (PID=121) to work on /opt/airflow/dags/flight-pipeline.py
[2026-04-10T06:46:11.380+0000] {processor.py:830} INFO - Processing file /opt/airflow/dags/flight-pipeline.py for tasks to queue
[2026-04-10T06:46:11.383+0000] {logging_mixin.py:188} INFO - [2026-04-10T06:46:11.383+0000] {dagbag.py:545} INFO - Filling up the DagBag from /opt/airflow/dags/flight-pipeline.py
[2026-04-10T06:46:11.403+0000] {logging_mixin.py:188} INFO - [2026-04-10T06:46:11.401+0000] {dagbag.py:355} ERROR - Failed to import: /opt/airflow/dags/flight-pipeline.py
Traceback (most recent call last):
  File "/home/airflow/.local/lib/python3.12/site-packages/airflow/models/dagbag.py", line 351, in parse
    loader.exec_module(new_module)
  File "<frozen importlib._bootstrap_external>", line 991, in exec_module
  File "<frozen importlib._bootstrap_external>", line 1129, in get_code
  File "<frozen importlib._bootstrap_external>", line 1059, in source_to_code
  File "<frozen importlib._bootstrap>", line 488, in _call_with_frames_removed
  File "/opt/airflow/dags/flight-pipeline.py", line 27
    )
     ^
SyntaxError: expected ':'
[2026-04-10T06:46:11.404+0000] {processor.py:842} WARNING - No viable dags retrieved from /opt/airflow/dags/flight-pipeline.py
[2026-04-10T06:46:11.438+0000] {processor.py:183} INFO - Processing /opt/airflow/dags/flight-pipeline.py took 0.067 seconds
[2026-04-10T06:46:41.843+0000] {processor.py:161} INFO - Started process (PID=122) to work on /opt/airflow/dags/flight-pipeline.py
[2026-04-10T06:46:41.844+0000] {processor.py:830} INFO - Processing file /opt/airflow/dags/flight-pipeline.py for tasks to queue
[2026-04-10T06:46:41.846+0000] {logging_mixin.py:188} INFO - [2026-04-10T06:46:41.846+0000] {dagbag.py:545} INFO - Filling up the DagBag from /opt/airflow/dags/flight-pipeline.py
[2026-04-10T06:46:41.862+0000] {logging_mixin.py:188} INFO - [2026-04-10T06:46:41.861+0000] {dagbag.py:355} ERROR - Failed to import: /opt/airflow/dags/flight-pipeline.py
Traceback (most recent call last):
  File "/home/airflow/.local/lib/python3.12/site-packages/airflow/models/dagbag.py", line 351, in parse
    loader.exec_module(new_module)
  File "<frozen importlib._bootstrap_external>", line 991, in exec_module
  File "<frozen importlib._bootstrap_external>", line 1129, in get_code
  File "<frozen importlib._bootstrap_external>", line 1059, in source_to_code
  File "<frozen importlib._bootstrap>", line 488, in _call_with_frames_removed
  File "/opt/airflow/dags/flight-pipeline.py", line 27
    )
     ^
SyntaxError: expected ':'
[2026-04-10T06:46:41.863+0000] {processor.py:842} WARNING - No viable dags retrieved from /opt/airflow/dags/flight-pipeline.py
[2026-04-10T06:46:41.900+0000] {processor.py:183} INFO - Processing /opt/airflow/dags/flight-pipeline.py took 0.066 seconds
[2026-04-10T06:47:12.256+0000] {processor.py:161} INFO - Started process (PID=123) to work on /opt/airflow/dags/flight-pipeline.py
[2026-04-10T06:47:12.258+0000] {processor.py:830} INFO - Processing file /opt/airflow/dags/flight-pipeline.py for tasks to queue
[2026-04-10T06:47:12.262+0000] {logging_mixin.py:188} INFO - [2026-04-10T06:47:12.261+0000] {dagbag.py:545} INFO - Filling up the DagBag from /opt/airflow/dags/flight-pipeline.py
[2026-04-10T06:47:12.294+0000] {logging_mixin.py:188} INFO - [2026-04-10T06:47:12.292+0000] {dagbag.py:355} ERROR - Failed to import: /opt/airflow/dags/flight-pipeline.py
Traceback (most recent call last):
  File "/home/airflow/.local/lib/python3.12/site-packages/airflow/models/dagbag.py", line 351, in parse
    loader.exec_module(new_module)
  File "<frozen importlib._bootstrap_external>", line 991, in exec_module
  File "<frozen importlib._bootstrap_external>", line 1129, in get_code
  File "<frozen importlib._bootstrap_external>", line 1059, in source_to_code
  File "<frozen importlib._bootstrap>", line 488, in _call_with_frames_removed
  File "/opt/airflow/dags/flight-pipeline.py", line 27
    )
     ^
SyntaxError: expected ':'
[2026-04-10T06:47:12.295+0000] {processor.py:842} WARNING - No viable dags retrieved from /opt/airflow/dags/flight-pipeline.py
[2026-04-10T06:47:12.337+0000] {processor.py:183} INFO - Processing /opt/airflow/dags/flight-pipeline.py took 0.092 seconds
[2026-04-10T06:47:42.584+0000] {processor.py:161} INFO - Started process (PID=124) to work on /opt/airflow/dags/flight-pipeline.py
[2026-04-10T06:47:42.585+0000] {processor.py:830} INFO - Processing file /opt/airflow/dags/flight-pipeline.py for tasks to queue
[2026-04-10T06:47:42.588+0000] {logging_mixin.py:188} INFO - [2026-04-10T06:47:42.587+0000] {dagbag.py:545} INFO - Filling up the DagBag from /opt/airflow/dags/flight-pipeline.py
[2026-04-10T06:47:42.611+0000] {logging_mixin.py:188} INFO - [2026-04-10T06:47:42.609+0000] {dagbag.py:355} ERROR - Failed to import: /opt/airflow/dags/flight-pipeline.py
Traceback (most recent call last):
  File "/home/airflow/.local/lib/python3.12/site-packages/airflow/models/dagbag.py", line 351, in parse
    loader.exec_module(new_module)
  File "<frozen importlib._bootstrap_external>", line 991, in exec_module
  File "<frozen importlib._bootstrap_external>", line 1129, in get_code
  File "<frozen importlib._bootstrap_external>", line 1059, in source_to_code
  File "<frozen importlib._bootstrap>", line 488, in _call_with_frames_removed
  File "/opt/airflow/dags/flight-pipeline.py", line 27
    )
     ^
SyntaxError: expected ':'
[2026-04-10T06:47:42.612+0000] {processor.py:842} WARNING - No viable dags retrieved from /opt/airflow/dags/flight-pipeline.py
[2026-04-10T06:47:42.647+0000] {processor.py:183} INFO - Processing /opt/airflow/dags/flight-pipeline.py took 0.073 seconds
[2026-04-10T06:48:13.014+0000] {processor.py:161} INFO - Started process (PID=125) to work on /opt/airflow/dags/flight-pipeline.py
[2026-04-10T06:48:13.016+0000] {processor.py:830} INFO - Processing file /opt/airflow/dags/flight-pipeline.py for tasks to queue
[2026-04-10T06:48:13.021+0000] {logging_mixin.py:188} INFO - [2026-04-10T06:48:13.021+0000] {dagbag.py:545} INFO - Filling up the DagBag from /opt/airflow/dags/flight-pipeline.py
[2026-04-10T06:48:13.045+0000] {logging_mixin.py:188} INFO - [2026-04-10T06:48:13.043+0000] {dagbag.py:355} ERROR - Failed to import: /opt/airflow/dags/flight-pipeline.py
Traceback (most recent call last):
  File "/home/airflow/.local/lib/python3.12/site-packages/airflow/models/dagbag.py", line 351, in parse
    loader.exec_module(new_module)
  File "<frozen importlib._bootstrap_external>", line 991, in exec_module
  File "<frozen importlib._bootstrap_external>", line 1129, in get_code
  File "<frozen importlib._bootstrap_external>", line 1059, in source_to_code
  File "<frozen importlib._bootstrap>", line 488, in _call_with_frames_removed
  File "/opt/airflow/dags/flight-pipeline.py", line 27
    )
     ^
SyntaxError: expected ':'
[2026-04-10T06:48:13.046+0000] {processor.py:842} WARNING - No viable dags retrieved from /opt/airflow/dags/flight-pipeline.py
[2026-04-10T06:48:13.083+0000] {processor.py:183} INFO - Processing /opt/airflow/dags/flight-pipeline.py took 0.085 seconds
[2026-04-10T06:48:43.406+0000] {processor.py:161} INFO - Started process (PID=126) to work on /opt/airflow/dags/flight-pipeline.py
[2026-04-10T06:48:43.407+0000] {processor.py:830} INFO - Processing file /opt/airflow/dags/flight-pipeline.py for tasks to queue
[2026-04-10T06:48:43.410+0000] {logging_mixin.py:188} INFO - [2026-04-10T06:48:43.410+0000] {dagbag.py:545} INFO - Filling up the DagBag from /opt/airflow/dags/flight-pipeline.py
[2026-04-10T06:48:43.430+0000] {logging_mixin.py:188} INFO - [2026-04-10T06:48:43.428+0000] {dagbag.py:355} ERROR - Failed to import: /opt/airflow/dags/flight-pipeline.py
Traceback (most recent call last):
  File "/home/airflow/.local/lib/python3.12/site-packages/airflow/models/dagbag.py", line 351, in parse
    loader.exec_module(new_module)
  File "<frozen importlib._bootstrap_external>", line 991, in exec_module
  File "<frozen importlib._bootstrap_external>", line 1129, in get_code
  File "<frozen importlib._bootstrap_external>", line 1059, in source_to_code
  File "<frozen importlib._bootstrap>", line 488, in _call_with_frames_removed
  File "/opt/airflow/dags/flight-pipeline.py", line 27
    )
     ^
SyntaxError: expected ':'
[2026-04-10T06:48:43.431+0000] {processor.py:842} WARNING - No viable dags retrieved from /opt/airflow/dags/flight-pipeline.py
[2026-04-10T06:48:43.462+0000] {processor.py:183} INFO - Processing /opt/airflow/dags/flight-pipeline.py took 0.064 seconds
[2026-04-10T06:49:13.801+0000] {processor.py:161} INFO - Started process (PID=127) to work on /opt/airflow/dags/flight-pipeline.py
[2026-04-10T06:49:13.803+0000] {processor.py:830} INFO - Processing file /opt/airflow/dags/flight-pipeline.py for tasks to queue
[2026-04-10T06:49:13.807+0000] {logging_mixin.py:188} INFO - [2026-04-10T06:49:13.806+0000] {dagbag.py:545} INFO - Filling up the DagBag from /opt/airflow/dags/flight-pipeline.py
[2026-04-10T06:49:13.830+0000] {logging_mixin.py:188} INFO - [2026-04-10T06:49:13.828+0000] {dagbag.py:355} ERROR - Failed to import: /opt/airflow/dags/flight-pipeline.py
Traceback (most recent call last):
  File "/home/airflow/.local/lib/python3.12/site-packages/airflow/models/dagbag.py", line 351, in parse
    loader.exec_module(new_module)
  File "<frozen importlib._bootstrap_external>", line 991, in exec_module
  File "<frozen importlib._bootstrap_external>", line 1129, in get_code
  File "<frozen importlib._bootstrap_external>", line 1059, in source_to_code
  File "<frozen importlib._bootstrap>", line 488, in _call_with_frames_removed
  File "/opt/airflow/dags/flight-pipeline.py", line 27
    )
     ^
SyntaxError: expected ':'
[2026-04-10T06:49:13.831+0000] {processor.py:842} WARNING - No viable dags retrieved from /opt/airflow/dags/flight-pipeline.py
[2026-04-10T06:49:13.916+0000] {processor.py:183} INFO - Processing /opt/airflow/dags/flight-pipeline.py took 0.126 seconds
[2026-04-10T06:49:44.210+0000] {processor.py:161} INFO - Started process (PID=128) to work on /opt/airflow/dags/flight-pipeline.py
[2026-04-10T06:49:44.212+0000] {processor.py:830} INFO - Processing file /opt/airflow/dags/flight-pipeline.py for tasks to queue
[2026-04-10T06:49:44.214+0000] {logging_mixin.py:188} INFO - [2026-04-10T06:49:44.214+0000] {dagbag.py:545} INFO - Filling up the DagBag from /opt/airflow/dags/flight-pipeline.py
[2026-04-10T06:49:44.234+0000] {logging_mixin.py:188} INFO - [2026-04-10T06:49:44.232+0000] {dagbag.py:355} ERROR - Failed to import: /opt/airflow/dags/flight-pipeline.py
Traceback (most recent call last):
  File "/home/airflow/.local/lib/python3.12/site-packages/airflow/models/dagbag.py", line 351, in parse
    loader.exec_module(new_module)
  File "<frozen importlib._bootstrap_external>", line 991, in exec_module
  File "<frozen importlib._bootstrap_external>", line 1129, in get_code
  File "<frozen importlib._bootstrap_external>", line 1059, in source_to_code
  File "<frozen importlib._bootstrap>", line 488, in _call_with_frames_removed
  File "/opt/airflow/dags/flight-pipeline.py", line 27
    )
     ^
SyntaxError: expected ':'
[2026-04-10T06:49:44.235+0000] {processor.py:842} WARNING - No viable dags retrieved from /opt/airflow/dags/flight-pipeline.py
[2026-04-10T06:49:44.266+0000] {processor.py:183} INFO - Processing /opt/airflow/dags/flight-pipeline.py took 0.064 seconds
[2026-04-10T06:50:14.670+0000] {processor.py:161} INFO - Started process (PID=129) to work on /opt/airflow/dags/flight-pipeline.py
[2026-04-10T06:50:14.671+0000] {processor.py:830} INFO - Processing file /opt/airflow/dags/flight-pipeline.py for tasks to queue
[2026-04-10T06:50:14.673+0000] {logging_mixin.py:188} INFO - [2026-04-10T06:50:14.673+0000] {dagbag.py:545} INFO - Filling up the DagBag from /opt/airflow/dags/flight-pipeline.py
[2026-04-10T06:50:14.693+0000] {logging_mixin.py:188} INFO - [2026-04-10T06:50:14.691+0000] {dagbag.py:355} ERROR - Failed to import: /opt/airflow/dags/flight-pipeline.py
Traceback (most recent call last):
  File "/home/airflow/.local/lib/python3.12/site-packages/airflow/models/dagbag.py", line 351, in parse
    loader.exec_module(new_module)
  File "<frozen importlib._bootstrap_external>", line 991, in exec_module
  File "<frozen importlib._bootstrap_external>", line 1129, in get_code
  File "<frozen importlib._bootstrap_external>", line 1059, in source_to_code
  File "<frozen importlib._bootstrap>", line 488, in _call_with_frames_removed
  File "/opt/airflow/dags/flight-pipeline.py", line 27
    )
     ^
SyntaxError: expected ':'
[2026-04-10T06:50:14.694+0000] {processor.py:842} WARNING - No viable dags retrieved from /opt/airflow/dags/flight-pipeline.py
[2026-04-10T06:50:14.724+0000] {processor.py:183} INFO - Processing /opt/airflow/dags/flight-pipeline.py took 0.061 seconds
[2026-04-10T06:50:44.965+0000] {processor.py:161} INFO - Started process (PID=130) to work on /opt/airflow/dags/flight-pipeline.py
[2026-04-10T06:50:44.967+0000] {processor.py:830} INFO - Processing file /opt/airflow/dags/flight-pipeline.py for tasks to queue
[2026-04-10T06:50:44.971+0000] {logging_mixin.py:188} INFO - [2026-04-10T06:50:44.969+0000] {dagbag.py:545} INFO - Filling up the DagBag from /opt/airflow/dags/flight-pipeline.py
[2026-04-10T06:50:44.990+0000] {logging_mixin.py:188} INFO - [2026-04-10T06:50:44.989+0000] {dagbag.py:355} ERROR - Failed to import: /opt/airflow/dags/flight-pipeline.py
Traceback (most recent call last):
  File "/home/airflow/.local/lib/python3.12/site-packages/airflow/models/dagbag.py", line 351, in parse
    loader.exec_module(new_module)
  File "<frozen importlib._bootstrap_external>", line 991, in exec_module
  File "<frozen importlib._bootstrap_external>", line 1129, in get_code
  File "<frozen importlib._bootstrap_external>", line 1059, in source_to_code
  File "<frozen importlib._bootstrap>", line 488, in _call_with_frames_removed
  File "/opt/airflow/dags/flight-pipeline.py", line 27
    )
     ^
SyntaxError: expected ':'
[2026-04-10T06:50:44.992+0000] {processor.py:842} WARNING - No viable dags retrieved from /opt/airflow/dags/flight-pipeline.py
[2026-04-10T06:50:45.028+0000] {processor.py:183} INFO - Processing /opt/airflow/dags/flight-pipeline.py took 0.071 seconds
[2026-04-10T06:51:15.343+0000] {processor.py:161} INFO - Started process (PID=131) to work on /opt/airflow/dags/flight-pipeline.py
[2026-04-10T06:51:15.349+0000] {processor.py:830} INFO - Processing file /opt/airflow/dags/flight-pipeline.py for tasks to queue
[2026-04-10T06:51:15.356+0000] {logging_mixin.py:188} INFO - [2026-04-10T06:51:15.355+0000] {dagbag.py:545} INFO - Filling up the DagBag from /opt/airflow/dags/flight-pipeline.py
[2026-04-10T06:51:15.384+0000] {logging_mixin.py:188} INFO - [2026-04-10T06:51:15.382+0000] {dagbag.py:355} ERROR - Failed to import: /opt/airflow/dags/flight-pipeline.py
Traceback (most recent call last):
  File "/home/airflow/.local/lib/python3.12/site-packages/airflow/models/dagbag.py", line 351, in parse
    loader.exec_module(new_module)
  File "<frozen importlib._bootstrap_external>", line 991, in exec_module
  File "<frozen importlib._bootstrap_external>", line 1129, in get_code
  File "<frozen importlib._bootstrap_external>", line 1059, in source_to_code
  File "<frozen importlib._bootstrap>", line 488, in _call_with_frames_removed
  File "/opt/airflow/dags/flight-pipeline.py", line 27
    )
     ^
SyntaxError: expected ':'
[2026-04-10T06:51:15.385+0000] {processor.py:842} WARNING - No viable dags retrieved from /opt/airflow/dags/flight-pipeline.py
[2026-04-10T06:51:15.435+0000] {processor.py:183} INFO - Processing /opt/airflow/dags/flight-pipeline.py took 0.105 seconds
[2026-04-10T06:51:45.726+0000] {processor.py:161} INFO - Started process (PID=132) to work on /opt/airflow/dags/flight-pipeline.py
[2026-04-10T06:51:45.728+0000] {processor.py:830} INFO - Processing file /opt/airflow/dags/flight-pipeline.py for tasks to queue
[2026-04-10T06:51:45.733+0000] {logging_mixin.py:188} INFO - [2026-04-10T06:51:45.732+0000] {dagbag.py:545} INFO - Filling up the DagBag from /opt/airflow/dags/flight-pipeline.py
[2026-04-10T06:51:45.763+0000] {logging_mixin.py:188} INFO - [2026-04-10T06:51:45.760+0000] {dagbag.py:355} ERROR - Failed to import: /opt/airflow/dags/flight-pipeline.py
Traceback (most recent call last):
  File "/home/airflow/.local/lib/python3.12/site-packages/airflow/models/dagbag.py", line 351, in parse
    loader.exec_module(new_module)
  File "<frozen importlib._bootstrap_external>", line 991, in exec_module
  File "<frozen importlib._bootstrap_external>", line 1129, in get_code
  File "<frozen importlib._bootstrap_external>", line 1059, in source_to_code
  File "<frozen importlib._bootstrap>", line 488, in _call_with_frames_removed
  File "/opt/airflow/dags/flight-pipeline.py", line 27
    )
     ^
SyntaxError: expected ':'
[2026-04-10T06:51:45.765+0000] {processor.py:842} WARNING - No viable dags retrieved from /opt/airflow/dags/flight-pipeline.py
[2026-04-10T06:51:45.823+0000] {processor.py:183} INFO - Processing /opt/airflow/dags/flight-pipeline.py took 0.111 seconds
[2026-04-10T06:52:16.208+0000] {processor.py:161} INFO - Started process (PID=133) to work on /opt/airflow/dags/flight-pipeline.py
[2026-04-10T06:52:16.210+0000] {processor.py:830} INFO - Processing file /opt/airflow/dags/flight-pipeline.py for tasks to queue
[2026-04-10T06:52:16.213+0000] {logging_mixin.py:188} INFO - [2026-04-10T06:52:16.213+0000] {dagbag.py:545} INFO - Filling up the DagBag from /opt/airflow/dags/flight-pipeline.py
[2026-04-10T06:52:16.234+0000] {logging_mixin.py:188} INFO - [2026-04-10T06:52:16.232+0000] {dagbag.py:355} ERROR - Failed to import: /opt/airflow/dags/flight-pipeline.py
Traceback (most recent call last):
  File "/home/airflow/.local/lib/python3.12/site-packages/airflow/models/dagbag.py", line 351, in parse
    loader.exec_module(new_module)
  File "<frozen importlib._bootstrap_external>", line 991, in exec_module
  File "<frozen importlib._bootstrap_external>", line 1129, in get_code
  File "<frozen importlib._bootstrap_external>", line 1059, in source_to_code
  File "<frozen importlib._bootstrap>", line 488, in _call_with_frames_removed
  File "/opt/airflow/dags/flight-pipeline.py", line 27
    )
     ^
SyntaxError: expected ':'
[2026-04-10T06:52:16.235+0000] {processor.py:842} WARNING - No viable dags retrieved from /opt/airflow/dags/flight-pipeline.py
[2026-04-10T06:52:16.268+0000] {processor.py:183} INFO - Processing /opt/airflow/dags/flight-pipeline.py took 0.067 seconds
[2026-04-10T06:52:46.559+0000] {processor.py:161} INFO - Started process (PID=134) to work on /opt/airflow/dags/flight-pipeline.py
[2026-04-10T06:52:46.561+0000] {processor.py:830} INFO - Processing file /opt/airflow/dags/flight-pipeline.py for tasks to queue
[2026-04-10T06:52:46.564+0000] {logging_mixin.py:188} INFO - [2026-04-10T06:52:46.563+0000] {dagbag.py:545} INFO - Filling up the DagBag from /opt/airflow/dags/flight-pipeline.py
[2026-04-10T06:52:46.581+0000] {logging_mixin.py:188} INFO - [2026-04-10T06:52:46.580+0000] {dagbag.py:355} ERROR - Failed to import: /opt/airflow/dags/flight-pipeline.py
Traceback (most recent call last):
  File "/home/airflow/.local/lib/python3.12/site-packages/airflow/models/dagbag.py", line 351, in parse
    loader.exec_module(new_module)
  File "<frozen importlib._bootstrap_external>", line 991, in exec_module
  File "<frozen importlib._bootstrap_external>", line 1129, in get_code
  File "<frozen importlib._bootstrap_external>", line 1059, in source_to_code
  File "<frozen importlib._bootstrap>", line 488, in _call_with_frames_removed
  File "/opt/airflow/dags/flight-pipeline.py", line 27
    )
     ^
SyntaxError: expected ':'
[2026-04-10T06:52:46.582+0000] {processor.py:842} WARNING - No viable dags retrieved from /opt/airflow/dags/flight-pipeline.py
[2026-04-10T06:52:46.610+0000] {processor.py:183} INFO - Processing /opt/airflow/dags/flight-pipeline.py took 0.058 seconds
[2026-04-10T06:53:17.213+0000] {processor.py:161} INFO - Started process (PID=135) to work on /opt/airflow/dags/flight-pipeline.py
[2026-04-10T06:53:17.215+0000] {processor.py:830} INFO - Processing file /opt/airflow/dags/flight-pipeline.py for tasks to queue
[2026-04-10T06:53:17.220+0000] {logging_mixin.py:188} INFO - [2026-04-10T06:53:17.219+0000] {dagbag.py:545} INFO - Filling up the DagBag from /opt/airflow/dags/flight-pipeline.py
[2026-04-10T06:53:17.241+0000] {logging_mixin.py:188} INFO - [2026-04-10T06:53:17.239+0000] {dagbag.py:355} ERROR - Failed to import: /opt/airflow/dags/flight-pipeline.py
Traceback (most recent call last):
  File "/home/airflow/.local/lib/python3.12/site-packages/airflow/models/dagbag.py", line 351, in parse
    loader.exec_module(new_module)
  File "<frozen importlib._bootstrap_external>", line 991, in exec_module
  File "<frozen importlib._bootstrap_external>", line 1129, in get_code
  File "<frozen importlib._bootstrap_external>", line 1059, in source_to_code
  File "<frozen importlib._bootstrap>", line 488, in _call_with_frames_removed
  File "/opt/airflow/dags/flight-pipeline.py", line 27
    )
     ^
SyntaxError: expected ':'
[2026-04-10T06:53:17.242+0000] {processor.py:842} WARNING - No viable dags retrieved from /opt/airflow/dags/flight-pipeline.py
[2026-04-10T06:53:17.275+0000] {processor.py:183} INFO - Processing /opt/airflow/dags/flight-pipeline.py took 0.072 seconds
[2026-04-10T06:53:47.653+0000] {processor.py:161} INFO - Started process (PID=136) to work on /opt/airflow/dags/flight-pipeline.py
[2026-04-10T06:53:47.654+0000] {processor.py:830} INFO - Processing file /opt/airflow/dags/flight-pipeline.py for tasks to queue
[2026-04-10T06:53:47.657+0000] {logging_mixin.py:188} INFO - [2026-04-10T06:53:47.657+0000] {dagbag.py:545} INFO - Filling up the DagBag from /opt/airflow/dags/flight-pipeline.py
[2026-04-10T06:53:47.678+0000] {logging_mixin.py:188} INFO - [2026-04-10T06:53:47.676+0000] {dagbag.py:355} ERROR - Failed to import: /opt/airflow/dags/flight-pipeline.py
Traceback (most recent call last):
  File "/home/airflow/.local/lib/python3.12/site-packages/airflow/models/dagbag.py", line 351, in parse
    loader.exec_module(new_module)
  File "<frozen importlib._bootstrap_external>", line 991, in exec_module
  File "<frozen importlib._bootstrap_external>", line 1129, in get_code
  File "<frozen importlib._bootstrap_external>", line 1059, in source_to_code
  File "<frozen importlib._bootstrap>", line 488, in _call_with_frames_removed
  File "/opt/airflow/dags/flight-pipeline.py", line 27
    )
     ^
SyntaxError: expected ':'
[2026-04-10T06:53:47.679+0000] {processor.py:842} WARNING - No viable dags retrieved from /opt/airflow/dags/flight-pipeline.py
[2026-04-10T06:53:47.712+0000] {processor.py:183} INFO - Processing /opt/airflow/dags/flight-pipeline.py took 0.068 seconds
[2026-04-10T06:54:18.110+0000] {processor.py:161} INFO - Started process (PID=137) to work on /opt/airflow/dags/flight-pipeline.py
[2026-04-10T06:54:18.112+0000] {processor.py:830} INFO - Processing file /opt/airflow/dags/flight-pipeline.py for tasks to queue
[2026-04-10T06:54:18.115+0000] {logging_mixin.py:188} INFO - [2026-04-10T06:54:18.114+0000] {dagbag.py:545} INFO - Filling up the DagBag from /opt/airflow/dags/flight-pipeline.py
[2026-04-10T06:54:18.136+0000] {logging_mixin.py:188} INFO - [2026-04-10T06:54:18.135+0000] {dagbag.py:355} ERROR - Failed to import: /opt/airflow/dags/flight-pipeline.py
Traceback (most recent call last):
  File "/home/airflow/.local/lib/python3.12/site-packages/airflow/models/dagbag.py", line 351, in parse
    loader.exec_module(new_module)
  File "<frozen importlib._bootstrap_external>", line 991, in exec_module
  File "<frozen importlib._bootstrap_external>", line 1129, in get_code
  File "<frozen importlib._bootstrap_external>", line 1059, in source_to_code
  File "<frozen importlib._bootstrap>", line 488, in _call_with_frames_removed
  File "/opt/airflow/dags/flight-pipeline.py", line 27
    )
     ^
SyntaxError: expected ':'
[2026-04-10T06:54:18.137+0000] {processor.py:842} WARNING - No viable dags retrieved from /opt/airflow/dags/flight-pipeline.py
[2026-04-10T06:54:18.166+0000] {processor.py:183} INFO - Processing /opt/airflow/dags/flight-pipeline.py took 0.070 seconds
[2026-04-10T06:54:48.482+0000] {processor.py:161} INFO - Started process (PID=138) to work on /opt/airflow/dags/flight-pipeline.py
[2026-04-10T06:54:48.484+0000] {processor.py:830} INFO - Processing file /opt/airflow/dags/flight-pipeline.py for tasks to queue
[2026-04-10T06:54:48.487+0000] {logging_mixin.py:188} INFO - [2026-04-10T06:54:48.486+0000] {dagbag.py:545} INFO - Filling up the DagBag from /opt/airflow/dags/flight-pipeline.py
[2026-04-10T06:54:48.509+0000] {logging_mixin.py:188} INFO - [2026-04-10T06:54:48.507+0000] {dagbag.py:355} ERROR - Failed to import: /opt/airflow/dags/flight-pipeline.py
Traceback (most recent call last):
  File "/home/airflow/.local/lib/python3.12/site-packages/airflow/models/dagbag.py", line 351, in parse
    loader.exec_module(new_module)
  File "<frozen importlib._bootstrap_external>", line 991, in exec_module
  File "<frozen importlib._bootstrap_external>", line 1129, in get_code
  File "<frozen importlib._bootstrap_external>", line 1059, in source_to_code
  File "<frozen importlib._bootstrap>", line 488, in _call_with_frames_removed
  File "/opt/airflow/dags/flight-pipeline.py", line 27
    )
     ^
SyntaxError: expected ':'
[2026-04-10T06:54:48.510+0000] {processor.py:842} WARNING - No viable dags retrieved from /opt/airflow/dags/flight-pipeline.py
[2026-04-10T06:54:48.543+0000] {processor.py:183} INFO - Processing /opt/airflow/dags/flight-pipeline.py took 0.069 seconds
[2026-04-10T06:55:18.930+0000] {processor.py:161} INFO - Started process (PID=139) to work on /opt/airflow/dags/flight-pipeline.py
[2026-04-10T06:55:18.932+0000] {processor.py:830} INFO - Processing file /opt/airflow/dags/flight-pipeline.py for tasks to queue
[2026-04-10T06:55:18.935+0000] {logging_mixin.py:188} INFO - [2026-04-10T06:55:18.934+0000] {dagbag.py:545} INFO - Filling up the DagBag from /opt/airflow/dags/flight-pipeline.py
[2026-04-10T06:55:18.954+0000] {logging_mixin.py:188} INFO - [2026-04-10T06:55:18.953+0000] {dagbag.py:355} ERROR - Failed to import: /opt/airflow/dags/flight-pipeline.py
Traceback (most recent call last):
  File "/home/airflow/.local/lib/python3.12/site-packages/airflow/models/dagbag.py", line 351, in parse
    loader.exec_module(new_module)
  File "<frozen importlib._bootstrap_external>", line 991, in exec_module
  File "<frozen importlib._bootstrap_external>", line 1129, in get_code
  File "<frozen importlib._bootstrap_external>", line 1059, in source_to_code
  File "<frozen importlib._bootstrap>", line 488, in _call_with_frames_removed
  File "/opt/airflow/dags/flight-pipeline.py", line 27
    )
     ^
SyntaxError: expected ':'
[2026-04-10T06:55:18.955+0000] {processor.py:842} WARNING - No viable dags retrieved from /opt/airflow/dags/flight-pipeline.py
[2026-04-10T06:55:18.985+0000] {processor.py:183} INFO - Processing /opt/airflow/dags/flight-pipeline.py took 0.064 seconds
[2026-04-10T06:55:49.255+0000] {processor.py:161} INFO - Started process (PID=140) to work on /opt/airflow/dags/flight-pipeline.py
[2026-04-10T06:55:49.257+0000] {processor.py:830} INFO - Processing file /opt/airflow/dags/flight-pipeline.py for tasks to queue
[2026-04-10T06:55:49.261+0000] {logging_mixin.py:188} INFO - [2026-04-10T06:55:49.260+0000] {dagbag.py:545} INFO - Filling up the DagBag from /opt/airflow/dags/flight-pipeline.py
[2026-04-10T06:55:49.276+0000] {logging_mixin.py:188} INFO - [2026-04-10T06:55:49.275+0000] {dagbag.py:355} ERROR - Failed to import: /opt/airflow/dags/flight-pipeline.py
Traceback (most recent call last):
  File "/home/airflow/.local/lib/python3.12/site-packages/airflow/models/dagbag.py", line 351, in parse
    loader.exec_module(new_module)
  File "<frozen importlib._bootstrap_external>", line 991, in exec_module
  File "<frozen importlib._bootstrap_external>", line 1129, in get_code
  File "<frozen importlib._bootstrap_external>", line 1059, in source_to_code
  File "<frozen importlib._bootstrap>", line 488, in _call_with_frames_removed
  File "/opt/airflow/dags/flight-pipeline.py", line 27
    )
     ^
SyntaxError: expected ':'
[2026-04-10T06:55:49.277+0000] {processor.py:842} WARNING - No viable dags retrieved from /opt/airflow/dags/flight-pipeline.py
[2026-04-10T06:55:49.312+0000] {processor.py:183} INFO - Processing /opt/airflow/dags/flight-pipeline.py took 0.066 seconds
[2026-04-10T06:56:19.719+0000] {processor.py:161} INFO - Started process (PID=141) to work on /opt/airflow/dags/flight-pipeline.py
[2026-04-10T06:56:19.721+0000] {processor.py:830} INFO - Processing file /opt/airflow/dags/flight-pipeline.py for tasks to queue
[2026-04-10T06:56:19.730+0000] {logging_mixin.py:188} INFO - [2026-04-10T06:56:19.729+0000] {dagbag.py:545} INFO - Filling up the DagBag from /opt/airflow/dags/flight-pipeline.py
[2026-04-10T06:56:19.766+0000] {logging_mixin.py:188} INFO - [2026-04-10T06:56:19.760+0000] {dagbag.py:355} ERROR - Failed to import: /opt/airflow/dags/flight-pipeline.py
Traceback (most recent call last):
  File "/home/airflow/.local/lib/python3.12/site-packages/airflow/models/dagbag.py", line 351, in parse
    loader.exec_module(new_module)
  File "<frozen importlib._bootstrap_external>", line 991, in exec_module
  File "<frozen importlib._bootstrap_external>", line 1129, in get_code
  File "<frozen importlib._bootstrap_external>", line 1059, in source_to_code
  File "<frozen importlib._bootstrap>", line 488, in _call_with_frames_removed
  File "/opt/airflow/dags/flight-pipeline.py", line 27
    )
     ^
SyntaxError: expected ':'
[2026-04-10T06:56:19.767+0000] {processor.py:842} WARNING - No viable dags retrieved from /opt/airflow/dags/flight-pipeline.py
[2026-04-10T06:56:19.849+0000] {processor.py:183} INFO - Processing /opt/airflow/dags/flight-pipeline.py took 0.153 seconds
[2026-04-10T06:56:50.046+0000] {processor.py:161} INFO - Started process (PID=142) to work on /opt/airflow/dags/flight-pipeline.py
[2026-04-10T06:56:50.048+0000] {processor.py:830} INFO - Processing file /opt/airflow/dags/flight-pipeline.py for tasks to queue
[2026-04-10T06:56:50.050+0000] {logging_mixin.py:188} INFO - [2026-04-10T06:56:50.050+0000] {dagbag.py:545} INFO - Filling up the DagBag from /opt/airflow/dags/flight-pipeline.py
[2026-04-10T06:56:50.070+0000] {logging_mixin.py:188} INFO - [2026-04-10T06:56:50.069+0000] {dagbag.py:355} ERROR - Failed to import: /opt/airflow/dags/flight-pipeline.py
Traceback (most recent call last):
  File "/home/airflow/.local/lib/python3.12/site-packages/airflow/models/dagbag.py", line 351, in parse
    loader.exec_module(new_module)
  File "<frozen importlib._bootstrap_external>", line 991, in exec_module
  File "<frozen importlib._bootstrap_external>", line 1129, in get_code
  File "<frozen importlib._bootstrap_external>", line 1059, in source_to_code
  File "<frozen importlib._bootstrap>", line 488, in _call_with_frames_removed
  File "/opt/airflow/dags/flight-pipeline.py", line 27
    )
     ^
SyntaxError: expected ':'
[2026-04-10T06:56:50.071+0000] {processor.py:842} WARNING - No viable dags retrieved from /opt/airflow/dags/flight-pipeline.py
[2026-04-10T06:56:50.106+0000] {processor.py:183} INFO - Processing /opt/airflow/dags/flight-pipeline.py took 0.068 seconds
[2026-04-10T06:57:20.441+0000] {processor.py:161} INFO - Started process (PID=143) to work on /opt/airflow/dags/flight-pipeline.py
[2026-04-10T06:57:20.443+0000] {processor.py:830} INFO - Processing file /opt/airflow/dags/flight-pipeline.py for tasks to queue
[2026-04-10T06:57:20.446+0000] {logging_mixin.py:188} INFO - [2026-04-10T06:57:20.445+0000] {dagbag.py:545} INFO - Filling up the DagBag from /opt/airflow/dags/flight-pipeline.py
[2026-04-10T06:57:20.467+0000] {logging_mixin.py:188} INFO - [2026-04-10T06:57:20.465+0000] {dagbag.py:355} ERROR - Failed to import: /opt/airflow/dags/flight-pipeline.py
Traceback (most recent call last):
  File "/home/airflow/.local/lib/python3.12/site-packages/airflow/models/dagbag.py", line 351, in parse
    loader.exec_module(new_module)
  File "<frozen importlib._bootstrap_external>", line 991, in exec_module
  File "<frozen importlib._bootstrap_external>", line 1129, in get_code
  File "<frozen importlib._bootstrap_external>", line 1059, in source_to_code
  File "<frozen importlib._bootstrap>", line 488, in _call_with_frames_removed
  File "/opt/airflow/dags/flight-pipeline.py", line 27
    )
     ^
SyntaxError: expected ':'
[2026-04-10T06:57:20.468+0000] {processor.py:842} WARNING - No viable dags retrieved from /opt/airflow/dags/flight-pipeline.py
[2026-04-10T06:57:20.501+0000] {processor.py:183} INFO - Processing /opt/airflow/dags/flight-pipeline.py took 0.071 seconds
[2026-04-10T06:57:50.991+0000] {processor.py:161} INFO - Started process (PID=144) to work on /opt/airflow/dags/flight-pipeline.py
[2026-04-10T06:57:50.993+0000] {processor.py:830} INFO - Processing file /opt/airflow/dags/flight-pipeline.py for tasks to queue
[2026-04-10T06:57:50.995+0000] {logging_mixin.py:188} INFO - [2026-04-10T06:57:50.995+0000] {dagbag.py:545} INFO - Filling up the DagBag from /opt/airflow/dags/flight-pipeline.py
[2026-04-10T06:57:51.015+0000] {logging_mixin.py:188} INFO - [2026-04-10T06:57:51.014+0000] {dagbag.py:355} ERROR - Failed to import: /opt/airflow/dags/flight-pipeline.py
Traceback (most recent call last):
  File "/home/airflow/.local/lib/python3.12/site-packages/airflow/models/dagbag.py", line 351, in parse
    loader.exec_module(new_module)
  File "<frozen importlib._bootstrap_external>", line 991, in exec_module
  File "<frozen importlib._bootstrap_external>", line 1129, in get_code
  File "<frozen importlib._bootstrap_external>", line 1059, in source_to_code
  File "<frozen importlib._bootstrap>", line 488, in _call_with_frames_removed
  File "/opt/airflow/dags/flight-pipeline.py", line 27
    )
     ^
SyntaxError: expected ':'
[2026-04-10T06:57:51.016+0000] {processor.py:842} WARNING - No viable dags retrieved from /opt/airflow/dags/flight-pipeline.py
[2026-04-10T06:57:51.046+0000] {processor.py:183} INFO - Processing /opt/airflow/dags/flight-pipeline.py took 0.063 seconds
[2026-04-10T06:58:21.369+0000] {processor.py:161} INFO - Started process (PID=145) to work on /opt/airflow/dags/flight-pipeline.py
[2026-04-10T06:58:21.371+0000] {processor.py:830} INFO - Processing file /opt/airflow/dags/flight-pipeline.py for tasks to queue
[2026-04-10T06:58:21.373+0000] {logging_mixin.py:188} INFO - [2026-04-10T06:58:21.373+0000] {dagbag.py:545} INFO - Filling up the DagBag from /opt/airflow/dags/flight-pipeline.py
[2026-04-10T06:58:21.393+0000] {logging_mixin.py:188} INFO - [2026-04-10T06:58:21.391+0000] {dagbag.py:355} ERROR - Failed to import: /opt/airflow/dags/flight-pipeline.py
Traceback (most recent call last):
  File "/home/airflow/.local/lib/python3.12/site-packages/airflow/models/dagbag.py", line 351, in parse
    loader.exec_module(new_module)
  File "<frozen importlib._bootstrap_external>", line 991, in exec_module
  File "<frozen importlib._bootstrap_external>", line 1129, in get_code
  File "<frozen importlib._bootstrap_external>", line 1059, in source_to_code
  File "<frozen importlib._bootstrap>", line 488, in _call_with_frames_removed
  File "/opt/airflow/dags/flight-pipeline.py", line 27
    )
     ^
SyntaxError: expected ':'
[2026-04-10T06:58:21.394+0000] {processor.py:842} WARNING - No viable dags retrieved from /opt/airflow/dags/flight-pipeline.py
[2026-04-10T06:58:21.423+0000] {processor.py:183} INFO - Processing /opt/airflow/dags/flight-pipeline.py took 0.061 seconds
[2026-04-10T06:58:51.827+0000] {processor.py:161} INFO - Started process (PID=146) to work on /opt/airflow/dags/flight-pipeline.py
[2026-04-10T06:58:51.829+0000] {processor.py:830} INFO - Processing file /opt/airflow/dags/flight-pipeline.py for tasks to queue
[2026-04-10T06:58:51.831+0000] {logging_mixin.py:188} INFO - [2026-04-10T06:58:51.831+0000] {dagbag.py:545} INFO - Filling up the DagBag from /opt/airflow/dags/flight-pipeline.py
[2026-04-10T06:58:51.850+0000] {logging_mixin.py:188} INFO - [2026-04-10T06:58:51.849+0000] {dagbag.py:355} ERROR - Failed to import: /opt/airflow/dags/flight-pipeline.py
Traceback (most recent call last):
  File "/home/airflow/.local/lib/python3.12/site-packages/airflow/models/dagbag.py", line 351, in parse
    loader.exec_module(new_module)
  File "<frozen importlib._bootstrap_external>", line 991, in exec_module
  File "<frozen importlib._bootstrap_external>", line 1129, in get_code
  File "<frozen importlib._bootstrap_external>", line 1059, in source_to_code
  File "<frozen importlib._bootstrap>", line 488, in _call_with_frames_removed
  File "/opt/airflow/dags/flight-pipeline.py", line 27
    )
     ^
SyntaxError: expected ':'
[2026-04-10T06:58:51.851+0000] {processor.py:842} WARNING - No viable dags retrieved from /opt/airflow/dags/flight-pipeline.py
[2026-04-10T06:58:51.881+0000] {processor.py:183} INFO - Processing /opt/airflow/dags/flight-pipeline.py took 0.061 seconds
[2026-04-10T06:59:22.245+0000] {processor.py:161} INFO - Started process (PID=147) to work on /opt/airflow/dags/flight-pipeline.py
[2026-04-10T06:59:22.254+0000] {processor.py:830} INFO - Processing file /opt/airflow/dags/flight-pipeline.py for tasks to queue
[2026-04-10T06:59:22.257+0000] {logging_mixin.py:188} INFO - [2026-04-10T06:59:22.257+0000] {dagbag.py:545} INFO - Filling up the DagBag from /opt/airflow/dags/flight-pipeline.py
[2026-04-10T06:59:22.281+0000] {logging_mixin.py:188} INFO - [2026-04-10T06:59:22.279+0000] {dagbag.py:355} ERROR - Failed to import: /opt/airflow/dags/flight-pipeline.py
Traceback (most recent call last):
  File "/home/airflow/.local/lib/python3.12/site-packages/airflow/models/dagbag.py", line 351, in parse
    loader.exec_module(new_module)
  File "<frozen importlib._bootstrap_external>", line 991, in exec_module
  File "<frozen importlib._bootstrap_external>", line 1129, in get_code
  File "<frozen importlib._bootstrap_external>", line 1059, in source_to_code
  File "<frozen importlib._bootstrap>", line 488, in _call_with_frames_removed
  File "/opt/airflow/dags/flight-pipeline.py", line 27
    )
     ^
SyntaxError: expected ':'
[2026-04-10T06:59:22.282+0000] {processor.py:842} WARNING - No viable dags retrieved from /opt/airflow/dags/flight-pipeline.py
[2026-04-10T06:59:22.321+0000] {processor.py:183} INFO - Processing /opt/airflow/dags/flight-pipeline.py took 0.085 seconds
[2026-04-10T06:59:52.667+0000] {processor.py:161} INFO - Started process (PID=148) to work on /opt/airflow/dags/flight-pipeline.py
[2026-04-10T06:59:52.668+0000] {processor.py:830} INFO - Processing file /opt/airflow/dags/flight-pipeline.py for tasks to queue
[2026-04-10T06:59:52.670+0000] {logging_mixin.py:188} INFO - [2026-04-10T06:59:52.670+0000] {dagbag.py:545} INFO - Filling up the DagBag from /opt/airflow/dags/flight-pipeline.py
[2026-04-10T06:59:52.688+0000] {logging_mixin.py:188} INFO - [2026-04-10T06:59:52.686+0000] {dagbag.py:355} ERROR - Failed to import: /opt/airflow/dags/flight-pipeline.py
Traceback (most recent call last):
  File "/home/airflow/.local/lib/python3.12/site-packages/airflow/models/dagbag.py", line 351, in parse
    loader.exec_module(new_module)
  File "<frozen importlib._bootstrap_external>", line 991, in exec_module
  File "<frozen importlib._bootstrap_external>", line 1129, in get_code
  File "<frozen importlib._bootstrap_external>", line 1059, in source_to_code
  File "<frozen importlib._bootstrap>", line 488, in _call_with_frames_removed
  File "/opt/airflow/dags/flight-pipeline.py", line 27
    )
     ^
SyntaxError: expected ':'
[2026-04-10T06:59:52.689+0000] {processor.py:842} WARNING - No viable dags retrieved from /opt/airflow/dags/flight-pipeline.py
[2026-04-10T06:59:52.720+0000] {processor.py:183} INFO - Processing /opt/airflow/dags/flight-pipeline.py took 0.061 seconds
[2026-04-10T07:00:23.129+0000] {processor.py:161} INFO - Started process (PID=149) to work on /opt/airflow/dags/flight-pipeline.py
[2026-04-10T07:00:23.130+0000] {processor.py:830} INFO - Processing file /opt/airflow/dags/flight-pipeline.py for tasks to queue
[2026-04-10T07:00:23.133+0000] {logging_mixin.py:188} INFO - [2026-04-10T07:00:23.132+0000] {dagbag.py:545} INFO - Filling up the DagBag from /opt/airflow/dags/flight-pipeline.py
[2026-04-10T07:00:23.151+0000] {logging_mixin.py:188} INFO - [2026-04-10T07:00:23.150+0000] {dagbag.py:355} ERROR - Failed to import: /opt/airflow/dags/flight-pipeline.py
Traceback (most recent call last):
  File "/home/airflow/.local/lib/python3.12/site-packages/airflow/models/dagbag.py", line 351, in parse
    loader.exec_module(new_module)
  File "<frozen importlib._bootstrap_external>", line 991, in exec_module
  File "<frozen importlib._bootstrap_external>", line 1129, in get_code
  File "<frozen importlib._bootstrap_external>", line 1059, in source_to_code
  File "<frozen importlib._bootstrap>", line 488, in _call_with_frames_removed
  File "/opt/airflow/dags/flight-pipeline.py", line 27
    )
     ^
SyntaxError: expected ':'
[2026-04-10T07:00:23.152+0000] {processor.py:842} WARNING - No viable dags retrieved from /opt/airflow/dags/flight-pipeline.py
[2026-04-10T07:00:23.182+0000] {processor.py:183} INFO - Processing /opt/airflow/dags/flight-pipeline.py took 0.061 seconds
[2026-04-10T07:00:53.556+0000] {processor.py:161} INFO - Started process (PID=150) to work on /opt/airflow/dags/flight-pipeline.py
[2026-04-10T07:00:53.557+0000] {processor.py:830} INFO - Processing file /opt/airflow/dags/flight-pipeline.py for tasks to queue
[2026-04-10T07:00:53.559+0000] {logging_mixin.py:188} INFO - [2026-04-10T07:00:53.559+0000] {dagbag.py:545} INFO - Filling up the DagBag from /opt/airflow/dags/flight-pipeline.py
[2026-04-10T07:00:53.579+0000] {logging_mixin.py:188} INFO - [2026-04-10T07:00:53.577+0000] {dagbag.py:355} ERROR - Failed to import: /opt/airflow/dags/flight-pipeline.py
Traceback (most recent call last):
  File "/home/airflow/.local/lib/python3.12/site-packages/airflow/models/dagbag.py", line 351, in parse
    loader.exec_module(new_module)
  File "<frozen importlib._bootstrap_external>", line 991, in exec_module
  File "<frozen importlib._bootstrap_external>", line 1129, in get_code
  File "<frozen importlib._bootstrap_external>", line 1059, in source_to_code
  File "<frozen importlib._bootstrap>", line 488, in _call_with_frames_removed
  File "/opt/airflow/dags/flight-pipeline.py", line 27
    )
     ^
SyntaxError: expected ':'
[2026-04-10T07:00:53.580+0000] {processor.py:842} WARNING - No viable dags retrieved from /opt/airflow/dags/flight-pipeline.py
[2026-04-10T07:00:53.609+0000] {processor.py:183} INFO - Processing /opt/airflow/dags/flight-pipeline.py took 0.061 seconds
[2026-04-10T07:01:24.001+0000] {processor.py:161} INFO - Started process (PID=151) to work on /opt/airflow/dags/flight-pipeline.py
[2026-04-10T07:01:24.002+0000] {processor.py:830} INFO - Processing file /opt/airflow/dags/flight-pipeline.py for tasks to queue
[2026-04-10T07:01:24.005+0000] {logging_mixin.py:188} INFO - [2026-04-10T07:01:24.004+0000] {dagbag.py:545} INFO - Filling up the DagBag from /opt/airflow/dags/flight-pipeline.py
[2026-04-10T07:01:24.028+0000] {logging_mixin.py:188} INFO - [2026-04-10T07:01:24.026+0000] {dagbag.py:355} ERROR - Failed to import: /opt/airflow/dags/flight-pipeline.py
Traceback (most recent call last):
  File "/home/airflow/.local/lib/python3.12/site-packages/airflow/models/dagbag.py", line 351, in parse
    loader.exec_module(new_module)
  File "<frozen importlib._bootstrap_external>", line 991, in exec_module
  File "<frozen importlib._bootstrap_external>", line 1129, in get_code
  File "<frozen importlib._bootstrap_external>", line 1059, in source_to_code
  File "<frozen importlib._bootstrap>", line 488, in _call_with_frames_removed
  File "/opt/airflow/dags/flight-pipeline.py", line 27
    )
     ^
SyntaxError: expected ':'
[2026-04-10T07:01:24.030+0000] {processor.py:842} WARNING - No viable dags retrieved from /opt/airflow/dags/flight-pipeline.py
[2026-04-10T07:01:24.060+0000] {processor.py:183} INFO - Processing /opt/airflow/dags/flight-pipeline.py took 0.067 seconds
[2026-04-10T07:01:54.462+0000] {processor.py:161} INFO - Started process (PID=152) to work on /opt/airflow/dags/flight-pipeline.py
[2026-04-10T07:01:54.467+0000] {processor.py:830} INFO - Processing file /opt/airflow/dags/flight-pipeline.py for tasks to queue
[2026-04-10T07:01:54.472+0000] {logging_mixin.py:188} INFO - [2026-04-10T07:01:54.471+0000] {dagbag.py:545} INFO - Filling up the DagBag from /opt/airflow/dags/flight-pipeline.py
[2026-04-10T07:01:54.496+0000] {logging_mixin.py:188} INFO - [2026-04-10T07:01:54.494+0000] {dagbag.py:355} ERROR - Failed to import: /opt/airflow/dags/flight-pipeline.py
Traceback (most recent call last):
  File "/home/airflow/.local/lib/python3.12/site-packages/airflow/models/dagbag.py", line 351, in parse
    loader.exec_module(new_module)
  File "<frozen importlib._bootstrap_external>", line 991, in exec_module
  File "<frozen importlib._bootstrap_external>", line 1129, in get_code
  File "<frozen importlib._bootstrap_external>", line 1059, in source_to_code
  File "<frozen importlib._bootstrap>", line 488, in _call_with_frames_removed
  File "/opt/airflow/dags/flight-pipeline.py", line 27
    )
     ^
SyntaxError: expected ':'
[2026-04-10T07:01:54.497+0000] {processor.py:842} WARNING - No viable dags retrieved from /opt/airflow/dags/flight-pipeline.py
[2026-04-10T07:01:54.536+0000] {processor.py:183} INFO - Processing /opt/airflow/dags/flight-pipeline.py took 0.089 seconds
[2026-04-10T07:02:24.816+0000] {processor.py:161} INFO - Started process (PID=153) to work on /opt/airflow/dags/flight-pipeline.py
[2026-04-10T07:02:24.817+0000] {processor.py:830} INFO - Processing file /opt/airflow/dags/flight-pipeline.py for tasks to queue
[2026-04-10T07:02:24.819+0000] {logging_mixin.py:188} INFO - [2026-04-10T07:02:24.819+0000] {dagbag.py:545} INFO - Filling up the DagBag from /opt/airflow/dags/flight-pipeline.py
[2026-04-10T07:02:24.836+0000] {logging_mixin.py:188} INFO - [2026-04-10T07:02:24.835+0000] {dagbag.py:355} ERROR - Failed to import: /opt/airflow/dags/flight-pipeline.py
Traceback (most recent call last):
  File "/home/airflow/.local/lib/python3.12/site-packages/airflow/models/dagbag.py", line 351, in parse
    loader.exec_module(new_module)
  File "<frozen importlib._bootstrap_external>", line 991, in exec_module
  File "<frozen importlib._bootstrap_external>", line 1129, in get_code
  File "<frozen importlib._bootstrap_external>", line 1059, in source_to_code
  File "<frozen importlib._bootstrap>", line 488, in _call_with_frames_removed
  File "/opt/airflow/dags/flight-pipeline.py", line 27
    )
     ^
SyntaxError: expected ':'
[2026-04-10T07:02:24.837+0000] {processor.py:842} WARNING - No viable dags retrieved from /opt/airflow/dags/flight-pipeline.py
[2026-04-10T07:02:24.867+0000] {processor.py:183} INFO - Processing /opt/airflow/dags/flight-pipeline.py took 0.058 seconds
[2026-04-10T07:02:55.263+0000] {processor.py:161} INFO - Started process (PID=154) to work on /opt/airflow/dags/flight-pipeline.py
[2026-04-10T07:02:55.264+0000] {processor.py:830} INFO - Processing file /opt/airflow/dags/flight-pipeline.py for tasks to queue
[2026-04-10T07:02:55.267+0000] {logging_mixin.py:188} INFO - [2026-04-10T07:02:55.266+0000] {dagbag.py:545} INFO - Filling up the DagBag from /opt/airflow/dags/flight-pipeline.py
[2026-04-10T07:02:55.287+0000] {logging_mixin.py:188} INFO - [2026-04-10T07:02:55.285+0000] {dagbag.py:355} ERROR - Failed to import: /opt/airflow/dags/flight-pipeline.py
Traceback (most recent call last):
  File "/home/airflow/.local/lib/python3.12/site-packages/airflow/models/dagbag.py", line 351, in parse
    loader.exec_module(new_module)
  File "<frozen importlib._bootstrap_external>", line 991, in exec_module
  File "<frozen importlib._bootstrap_external>", line 1129, in get_code
  File "<frozen importlib._bootstrap_external>", line 1059, in source_to_code
  File "<frozen importlib._bootstrap>", line 488, in _call_with_frames_removed
  File "/opt/airflow/dags/flight-pipeline.py", line 27
    )
     ^
SyntaxError: expected ':'
[2026-04-10T07:02:55.289+0000] {processor.py:842} WARNING - No viable dags retrieved from /opt/airflow/dags/flight-pipeline.py
[2026-04-10T07:02:55.338+0000] {processor.py:183} INFO - Processing /opt/airflow/dags/flight-pipeline.py took 0.082 seconds
[2026-04-10T07:03:25.692+0000] {processor.py:161} INFO - Started process (PID=155) to work on /opt/airflow/dags/flight-pipeline.py
[2026-04-10T07:03:25.696+0000] {processor.py:830} INFO - Processing file /opt/airflow/dags/flight-pipeline.py for tasks to queue
[2026-04-10T07:03:25.701+0000] {logging_mixin.py:188} INFO - [2026-04-10T07:03:25.700+0000] {dagbag.py:545} INFO - Filling up the DagBag from /opt/airflow/dags/flight-pipeline.py
[2026-04-10T07:03:25.731+0000] {logging_mixin.py:188} INFO - [2026-04-10T07:03:25.728+0000] {dagbag.py:355} ERROR - Failed to import: /opt/airflow/dags/flight-pipeline.py
Traceback (most recent call last):
  File "/home/airflow/.local/lib/python3.12/site-packages/airflow/models/dagbag.py", line 351, in parse
    loader.exec_module(new_module)
  File "<frozen importlib._bootstrap_external>", line 991, in exec_module
  File "<frozen importlib._bootstrap_external>", line 1129, in get_code
  File "<frozen importlib._bootstrap_external>", line 1059, in source_to_code
  File "<frozen importlib._bootstrap>", line 488, in _call_with_frames_removed
  File "/opt/airflow/dags/flight-pipeline.py", line 27
    )
     ^
SyntaxError: expected ':'
[2026-04-10T07:03:25.732+0000] {processor.py:842} WARNING - No viable dags retrieved from /opt/airflow/dags/flight-pipeline.py
[2026-04-10T07:03:25.817+0000] {processor.py:183} INFO - Processing /opt/airflow/dags/flight-pipeline.py took 0.138 seconds
[2026-04-10T07:03:56.145+0000] {processor.py:161} INFO - Started process (PID=156) to work on /opt/airflow/dags/flight-pipeline.py
[2026-04-10T07:03:56.147+0000] {processor.py:830} INFO - Processing file /opt/airflow/dags/flight-pipeline.py for tasks to queue
[2026-04-10T07:03:56.149+0000] {logging_mixin.py:188} INFO - [2026-04-10T07:03:56.149+0000] {dagbag.py:545} INFO - Filling up the DagBag from /opt/airflow/dags/flight-pipeline.py
[2026-04-10T07:03:56.168+0000] {logging_mixin.py:188} INFO - [2026-04-10T07:03:56.167+0000] {dagbag.py:355} ERROR - Failed to import: /opt/airflow/dags/flight-pipeline.py
Traceback (most recent call last):
  File "/home/airflow/.local/lib/python3.12/site-packages/airflow/models/dagbag.py", line 351, in parse
    loader.exec_module(new_module)
  File "<frozen importlib._bootstrap_external>", line 991, in exec_module
  File "<frozen importlib._bootstrap_external>", line 1129, in get_code
  File "<frozen importlib._bootstrap_external>", line 1059, in source_to_code
  File "<frozen importlib._bootstrap>", line 488, in _call_with_frames_removed
  File "/opt/airflow/dags/flight-pipeline.py", line 27
    )
     ^
SyntaxError: expected ':'
[2026-04-10T07:03:56.169+0000] {processor.py:842} WARNING - No viable dags retrieved from /opt/airflow/dags/flight-pipeline.py
[2026-04-10T07:03:56.200+0000] {processor.py:183} INFO - Processing /opt/airflow/dags/flight-pipeline.py took 0.063 seconds
[2026-04-10T07:04:26.594+0000] {processor.py:161} INFO - Started process (PID=157) to work on /opt/airflow/dags/flight-pipeline.py
[2026-04-10T07:04:26.596+0000] {processor.py:830} INFO - Processing file /opt/airflow/dags/flight-pipeline.py for tasks to queue
[2026-04-10T07:04:26.599+0000] {logging_mixin.py:188} INFO - [2026-04-10T07:04:26.598+0000] {dagbag.py:545} INFO - Filling up the DagBag from /opt/airflow/dags/flight-pipeline.py
[2026-04-10T07:04:26.621+0000] {logging_mixin.py:188} INFO - [2026-04-10T07:04:26.619+0000] {dagbag.py:355} ERROR - Failed to import: /opt/airflow/dags/flight-pipeline.py
Traceback (most recent call last):
  File "/home/airflow/.local/lib/python3.12/site-packages/airflow/models/dagbag.py", line 351, in parse
    loader.exec_module(new_module)
  File "<frozen importlib._bootstrap_external>", line 991, in exec_module
  File "<frozen importlib._bootstrap_external>", line 1129, in get_code
  File "<frozen importlib._bootstrap_external>", line 1059, in source_to_code
  File "<frozen importlib._bootstrap>", line 488, in _call_with_frames_removed
  File "/opt/airflow/dags/flight-pipeline.py", line 27
    )
     ^
SyntaxError: expected ':'
[2026-04-10T07:04:26.622+0000] {processor.py:842} WARNING - No viable dags retrieved from /opt/airflow/dags/flight-pipeline.py
[2026-04-10T07:04:26.653+0000] {processor.py:183} INFO - Processing /opt/airflow/dags/flight-pipeline.py took 0.068 seconds
[2026-04-10T07:04:56.861+0000] {processor.py:161} INFO - Started process (PID=158) to work on /opt/airflow/dags/flight-pipeline.py
[2026-04-10T07:04:56.871+0000] {processor.py:830} INFO - Processing file /opt/airflow/dags/flight-pipeline.py for tasks to queue
[2026-04-10T07:04:56.880+0000] {logging_mixin.py:188} INFO - [2026-04-10T07:04:56.879+0000] {dagbag.py:545} INFO - Filling up the DagBag from /opt/airflow/dags/flight-pipeline.py
[2026-04-10T07:04:56.932+0000] {logging_mixin.py:188} INFO - [2026-04-10T07:04:56.926+0000] {dagbag.py:355} ERROR - Failed to import: /opt/airflow/dags/flight-pipeline.py
Traceback (most recent call last):
  File "/home/airflow/.local/lib/python3.12/site-packages/airflow/models/dagbag.py", line 351, in parse
    loader.exec_module(new_module)
  File "<frozen importlib._bootstrap_external>", line 991, in exec_module
  File "<frozen importlib._bootstrap_external>", line 1129, in get_code
  File "<frozen importlib._bootstrap_external>", line 1059, in source_to_code
  File "<frozen importlib._bootstrap>", line 488, in _call_with_frames_removed
  File "/opt/airflow/dags/flight-pipeline.py", line 27
    )
     ^
SyntaxError: expected ':'
[2026-04-10T07:04:56.934+0000] {processor.py:842} WARNING - No viable dags retrieved from /opt/airflow/dags/flight-pipeline.py
[2026-04-10T07:04:57.045+0000] {processor.py:183} INFO - Processing /opt/airflow/dags/flight-pipeline.py took 0.202 seconds
[2026-04-10T07:05:27.125+0000] {processor.py:161} INFO - Started process (PID=159) to work on /opt/airflow/dags/flight-pipeline.py
[2026-04-10T07:05:27.127+0000] {processor.py:830} INFO - Processing file /opt/airflow/dags/flight-pipeline.py for tasks to queue
[2026-04-10T07:05:27.130+0000] {logging_mixin.py:188} INFO - [2026-04-10T07:05:27.129+0000] {dagbag.py:545} INFO - Filling up the DagBag from /opt/airflow/dags/flight-pipeline.py
[2026-04-10T07:05:27.160+0000] {logging_mixin.py:188} INFO - [2026-04-10T07:05:27.158+0000] {dagbag.py:355} ERROR - Failed to import: /opt/airflow/dags/flight-pipeline.py
Traceback (most recent call last):
  File "/home/airflow/.local/lib/python3.12/site-packages/airflow/models/dagbag.py", line 351, in parse
    loader.exec_module(new_module)
  File "<frozen importlib._bootstrap_external>", line 991, in exec_module
  File "<frozen importlib._bootstrap_external>", line 1129, in get_code
  File "<frozen importlib._bootstrap_external>", line 1059, in source_to_code
  File "<frozen importlib._bootstrap>", line 488, in _call_with_frames_removed
  File "/opt/airflow/dags/flight-pipeline.py", line 27
    )
     ^
SyntaxError: expected ':'
[2026-04-10T07:05:27.162+0000] {processor.py:842} WARNING - No viable dags retrieved from /opt/airflow/dags/flight-pipeline.py
[2026-04-10T07:05:27.210+0000] {processor.py:183} INFO - Processing /opt/airflow/dags/flight-pipeline.py took 0.096 seconds
[2026-04-10T07:05:57.356+0000] {processor.py:161} INFO - Started process (PID=160) to work on /opt/airflow/dags/flight-pipeline.py
[2026-04-10T07:05:57.358+0000] {processor.py:830} INFO - Processing file /opt/airflow/dags/flight-pipeline.py for tasks to queue
[2026-04-10T07:05:57.362+0000] {logging_mixin.py:188} INFO - [2026-04-10T07:05:57.361+0000] {dagbag.py:545} INFO - Filling up the DagBag from /opt/airflow/dags/flight-pipeline.py
[2026-04-10T07:05:57.387+0000] {logging_mixin.py:188} INFO - [2026-04-10T07:05:57.385+0000] {dagbag.py:355} ERROR - Failed to import: /opt/airflow/dags/flight-pipeline.py
Traceback (most recent call last):
  File "/home/airflow/.local/lib/python3.12/site-packages/airflow/models/dagbag.py", line 351, in parse
    loader.exec_module(new_module)
  File "<frozen importlib._bootstrap_external>", line 991, in exec_module
  File "<frozen importlib._bootstrap_external>", line 1129, in get_code
  File "<frozen importlib._bootstrap_external>", line 1059, in source_to_code
  File "<frozen importlib._bootstrap>", line 488, in _call_with_frames_removed
  File "/opt/airflow/dags/flight-pipeline.py", line 27
    )
     ^
SyntaxError: expected ':'
[2026-04-10T07:05:57.388+0000] {processor.py:842} WARNING - No viable dags retrieved from /opt/airflow/dags/flight-pipeline.py
[2026-04-10T07:05:57.423+0000] {processor.py:183} INFO - Processing /opt/airflow/dags/flight-pipeline.py took 0.076 seconds
[2026-04-10T07:06:27.829+0000] {processor.py:161} INFO - Started process (PID=161) to work on /opt/airflow/dags/flight-pipeline.py
[2026-04-10T07:06:27.830+0000] {processor.py:830} INFO - Processing file /opt/airflow/dags/flight-pipeline.py for tasks to queue
[2026-04-10T07:06:27.833+0000] {logging_mixin.py:188} INFO - [2026-04-10T07:06:27.832+0000] {dagbag.py:545} INFO - Filling up the DagBag from /opt/airflow/dags/flight-pipeline.py
[2026-04-10T07:06:27.850+0000] {logging_mixin.py:188} INFO - [2026-04-10T07:06:27.849+0000] {dagbag.py:355} ERROR - Failed to import: /opt/airflow/dags/flight-pipeline.py
Traceback (most recent call last):
  File "/home/airflow/.local/lib/python3.12/site-packages/airflow/models/dagbag.py", line 351, in parse
    loader.exec_module(new_module)
  File "<frozen importlib._bootstrap_external>", line 991, in exec_module
  File "<frozen importlib._bootstrap_external>", line 1129, in get_code
  File "<frozen importlib._bootstrap_external>", line 1059, in source_to_code
  File "<frozen importlib._bootstrap>", line 488, in _call_with_frames_removed
  File "/opt/airflow/dags/flight-pipeline.py", line 27
    )
     ^
SyntaxError: expected ':'
[2026-04-10T07:06:27.851+0000] {processor.py:842} WARNING - No viable dags retrieved from /opt/airflow/dags/flight-pipeline.py
[2026-04-10T07:06:27.880+0000] {processor.py:183} INFO - Processing /opt/airflow/dags/flight-pipeline.py took 0.060 seconds
[2026-04-10T07:06:58.270+0000] {processor.py:161} INFO - Started process (PID=162) to work on /opt/airflow/dags/flight-pipeline.py
[2026-04-10T07:06:58.272+0000] {processor.py:830} INFO - Processing file /opt/airflow/dags/flight-pipeline.py for tasks to queue
[2026-04-10T07:06:58.274+0000] {logging_mixin.py:188} INFO - [2026-04-10T07:06:58.274+0000] {dagbag.py:545} INFO - Filling up the DagBag from /opt/airflow/dags/flight-pipeline.py
[2026-04-10T07:06:58.302+0000] {logging_mixin.py:188} INFO - [2026-04-10T07:06:58.299+0000] {dagbag.py:355} ERROR - Failed to import: /opt/airflow/dags/flight-pipeline.py
Traceback (most recent call last):
  File "/home/airflow/.local/lib/python3.12/site-packages/airflow/models/dagbag.py", line 351, in parse
    loader.exec_module(new_module)
  File "<frozen importlib._bootstrap_external>", line 991, in exec_module
  File "<frozen importlib._bootstrap_external>", line 1129, in get_code
  File "<frozen importlib._bootstrap_external>", line 1059, in source_to_code
  File "<frozen importlib._bootstrap>", line 488, in _call_with_frames_removed
  File "/opt/airflow/dags/flight-pipeline.py", line 27
    )
     ^
SyntaxError: expected ':'
[2026-04-10T07:06:58.303+0000] {processor.py:842} WARNING - No viable dags retrieved from /opt/airflow/dags/flight-pipeline.py
[2026-04-10T07:06:58.339+0000] {processor.py:183} INFO - Processing /opt/airflow/dags/flight-pipeline.py took 0.078 seconds
[2026-04-10T07:07:28.670+0000] {processor.py:161} INFO - Started process (PID=163) to work on /opt/airflow/dags/flight-pipeline.py
[2026-04-10T07:07:28.672+0000] {processor.py:830} INFO - Processing file /opt/airflow/dags/flight-pipeline.py for tasks to queue
[2026-04-10T07:07:28.675+0000] {logging_mixin.py:188} INFO - [2026-04-10T07:07:28.674+0000] {dagbag.py:545} INFO - Filling up the DagBag from /opt/airflow/dags/flight-pipeline.py
[2026-04-10T07:07:28.692+0000] {logging_mixin.py:188} INFO - [2026-04-10T07:07:28.691+0000] {dagbag.py:355} ERROR - Failed to import: /opt/airflow/dags/flight-pipeline.py
Traceback (most recent call last):
  File "/home/airflow/.local/lib/python3.12/site-packages/airflow/models/dagbag.py", line 351, in parse
    loader.exec_module(new_module)
  File "<frozen importlib._bootstrap_external>", line 991, in exec_module
  File "<frozen importlib._bootstrap_external>", line 1129, in get_code
  File "<frozen importlib._bootstrap_external>", line 1059, in source_to_code
  File "<frozen importlib._bootstrap>", line 488, in _call_with_frames_removed
  File "/opt/airflow/dags/flight-pipeline.py", line 27
    )
     ^
SyntaxError: expected ':'
[2026-04-10T07:07:28.693+0000] {processor.py:842} WARNING - No viable dags retrieved from /opt/airflow/dags/flight-pipeline.py
[2026-04-10T07:07:28.724+0000] {processor.py:183} INFO - Processing /opt/airflow/dags/flight-pipeline.py took 0.062 seconds
[2026-04-10T07:07:59.087+0000] {processor.py:161} INFO - Started process (PID=164) to work on /opt/airflow/dags/flight-pipeline.py
[2026-04-10T07:07:59.089+0000] {processor.py:830} INFO - Processing file /opt/airflow/dags/flight-pipeline.py for tasks to queue
[2026-04-10T07:07:59.091+0000] {logging_mixin.py:188} INFO - [2026-04-10T07:07:59.091+0000] {dagbag.py:545} INFO - Filling up the DagBag from /opt/airflow/dags/flight-pipeline.py
[2026-04-10T07:07:59.108+0000] {logging_mixin.py:188} INFO - [2026-04-10T07:07:59.107+0000] {dagbag.py:355} ERROR - Failed to import: /opt/airflow/dags/flight-pipeline.py
Traceback (most recent call last):
  File "/home/airflow/.local/lib/python3.12/site-packages/airflow/models/dagbag.py", line 351, in parse
    loader.exec_module(new_module)
  File "<frozen importlib._bootstrap_external>", line 991, in exec_module
  File "<frozen importlib._bootstrap_external>", line 1129, in get_code
  File "<frozen importlib._bootstrap_external>", line 1059, in source_to_code
  File "<frozen importlib._bootstrap>", line 488, in _call_with_frames_removed
  File "/opt/airflow/dags/flight-pipeline.py", line 27
    )
     ^
SyntaxError: expected ':'
[2026-04-10T07:07:59.109+0000] {processor.py:842} WARNING - No viable dags retrieved from /opt/airflow/dags/flight-pipeline.py
[2026-04-10T07:07:59.141+0000] {processor.py:183} INFO - Processing /opt/airflow/dags/flight-pipeline.py took 0.061 seconds
[2026-04-10T07:08:29.472+0000] {processor.py:161} INFO - Started process (PID=165) to work on /opt/airflow/dags/flight-pipeline.py
[2026-04-10T07:08:29.475+0000] {processor.py:830} INFO - Processing file /opt/airflow/dags/flight-pipeline.py for tasks to queue
[2026-04-10T07:08:29.480+0000] {logging_mixin.py:188} INFO - [2026-04-10T07:08:29.480+0000] {dagbag.py:545} INFO - Filling up the DagBag from /opt/airflow/dags/flight-pipeline.py
[2026-04-10T07:08:29.515+0000] {logging_mixin.py:188} INFO - [2026-04-10T07:08:29.513+0000] {dagbag.py:355} ERROR - Failed to import: /opt/airflow/dags/flight-pipeline.py
Traceback (most recent call last):
  File "/home/airflow/.local/lib/python3.12/site-packages/airflow/models/dagbag.py", line 351, in parse
    loader.exec_module(new_module)
  File "<frozen importlib._bootstrap_external>", line 991, in exec_module
  File "<frozen importlib._bootstrap_external>", line 1129, in get_code
  File "<frozen importlib._bootstrap_external>", line 1059, in source_to_code
  File "<frozen importlib._bootstrap>", line 488, in _call_with_frames_removed
  File "/opt/airflow/dags/flight-pipeline.py", line 27
    )
     ^
SyntaxError: expected ':'
[2026-04-10T07:08:29.517+0000] {processor.py:842} WARNING - No viable dags retrieved from /opt/airflow/dags/flight-pipeline.py
[2026-04-10T07:08:29.553+0000] {processor.py:183} INFO - Processing /opt/airflow/dags/flight-pipeline.py took 0.092 seconds
[2026-04-10T07:08:59.837+0000] {processor.py:161} INFO - Started process (PID=166) to work on /opt/airflow/dags/flight-pipeline.py
[2026-04-10T07:08:59.838+0000] {processor.py:830} INFO - Processing file /opt/airflow/dags/flight-pipeline.py for tasks to queue
[2026-04-10T07:08:59.841+0000] {logging_mixin.py:188} INFO - [2026-04-10T07:08:59.840+0000] {dagbag.py:545} INFO - Filling up the DagBag from /opt/airflow/dags/flight-pipeline.py
[2026-04-10T07:08:59.886+0000] {logging_mixin.py:188} INFO - [2026-04-10T07:08:59.883+0000] {dagbag.py:355} ERROR - Failed to import: /opt/airflow/dags/flight-pipeline.py
Traceback (most recent call last):
  File "/home/airflow/.local/lib/python3.12/site-packages/airflow/models/dagbag.py", line 351, in parse
    loader.exec_module(new_module)
  File "<frozen importlib._bootstrap_external>", line 991, in exec_module
  File "<frozen importlib._bootstrap_external>", line 1129, in get_code
  File "<frozen importlib._bootstrap_external>", line 1059, in source_to_code
  File "<frozen importlib._bootstrap>", line 488, in _call_with_frames_removed
  File "/opt/airflow/dags/flight-pipeline.py", line 27
    )
     ^
SyntaxError: expected ':'
[2026-04-10T07:08:59.887+0000] {processor.py:842} WARNING - No viable dags retrieved from /opt/airflow/dags/flight-pipeline.py
[2026-04-10T07:08:59.928+0000] {processor.py:183} INFO - Processing /opt/airflow/dags/flight-pipeline.py took 0.100 seconds
[2026-04-10T07:09:30.251+0000] {processor.py:161} INFO - Started process (PID=167) to work on /opt/airflow/dags/flight-pipeline.py
[2026-04-10T07:09:30.252+0000] {processor.py:830} INFO - Processing file /opt/airflow/dags/flight-pipeline.py for tasks to queue
[2026-04-10T07:09:30.256+0000] {logging_mixin.py:188} INFO - [2026-04-10T07:09:30.255+0000] {dagbag.py:545} INFO - Filling up the DagBag from /opt/airflow/dags/flight-pipeline.py
[2026-04-10T07:09:30.277+0000] {logging_mixin.py:188} INFO - [2026-04-10T07:09:30.274+0000] {dagbag.py:355} ERROR - Failed to import: /opt/airflow/dags/flight-pipeline.py
Traceback (most recent call last):
  File "/home/airflow/.local/lib/python3.12/site-packages/airflow/models/dagbag.py", line 351, in parse
    loader.exec_module(new_module)
  File "<frozen importlib._bootstrap_external>", line 991, in exec_module
  File "<frozen importlib._bootstrap_external>", line 1129, in get_code
  File "<frozen importlib._bootstrap_external>", line 1059, in source_to_code
  File "<frozen importlib._bootstrap>", line 488, in _call_with_frames_removed
  File "/opt/airflow/dags/flight-pipeline.py", line 27
    )
     ^
SyntaxError: expected ':'
[2026-04-10T07:09:30.278+0000] {processor.py:842} WARNING - No viable dags retrieved from /opt/airflow/dags/flight-pipeline.py
[2026-04-10T07:09:30.311+0000] {processor.py:183} INFO - Processing /opt/airflow/dags/flight-pipeline.py took 0.073 seconds
[2026-04-10T07:10:00.638+0000] {processor.py:161} INFO - Started process (PID=168) to work on /opt/airflow/dags/flight-pipeline.py
[2026-04-10T07:10:00.640+0000] {processor.py:830} INFO - Processing file /opt/airflow/dags/flight-pipeline.py for tasks to queue
[2026-04-10T07:10:00.642+0000] {logging_mixin.py:188} INFO - [2026-04-10T07:10:00.642+0000] {dagbag.py:545} INFO - Filling up the DagBag from /opt/airflow/dags/flight-pipeline.py
[2026-04-10T07:10:00.660+0000] {logging_mixin.py:188} INFO - [2026-04-10T07:10:00.658+0000] {dagbag.py:355} ERROR - Failed to import: /opt/airflow/dags/flight-pipeline.py
Traceback (most recent call last):
  File "/home/airflow/.local/lib/python3.12/site-packages/airflow/models/dagbag.py", line 351, in parse
    loader.exec_module(new_module)
  File "<frozen importlib._bootstrap_external>", line 991, in exec_module
  File "<frozen importlib._bootstrap_external>", line 1129, in get_code
  File "<frozen importlib._bootstrap_external>", line 1059, in source_to_code
  File "<frozen importlib._bootstrap>", line 488, in _call_with_frames_removed
  File "/opt/airflow/dags/flight-pipeline.py", line 27
    )
     ^
SyntaxError: expected ':'
[2026-04-10T07:10:00.661+0000] {processor.py:842} WARNING - No viable dags retrieved from /opt/airflow/dags/flight-pipeline.py
[2026-04-10T07:10:00.693+0000] {processor.py:183} INFO - Processing /opt/airflow/dags/flight-pipeline.py took 0.064 seconds
[2026-04-10T07:10:30.977+0000] {processor.py:161} INFO - Started process (PID=169) to work on /opt/airflow/dags/flight-pipeline.py
[2026-04-10T07:10:30.979+0000] {processor.py:830} INFO - Processing file /opt/airflow/dags/flight-pipeline.py for tasks to queue
[2026-04-10T07:10:30.983+0000] {logging_mixin.py:188} INFO - [2026-04-10T07:10:30.981+0000] {dagbag.py:545} INFO - Filling up the DagBag from /opt/airflow/dags/flight-pipeline.py
[2026-04-10T07:10:31.003+0000] {logging_mixin.py:188} INFO - [2026-04-10T07:10:31.002+0000] {dagbag.py:355} ERROR - Failed to import: /opt/airflow/dags/flight-pipeline.py
Traceback (most recent call last):
  File "/home/airflow/.local/lib/python3.12/site-packages/airflow/models/dagbag.py", line 351, in parse
    loader.exec_module(new_module)
  File "<frozen importlib._bootstrap_external>", line 991, in exec_module
  File "<frozen importlib._bootstrap_external>", line 1129, in get_code
  File "<frozen importlib._bootstrap_external>", line 1059, in source_to_code
  File "<frozen importlib._bootstrap>", line 488, in _call_with_frames_removed
  File "/opt/airflow/dags/flight-pipeline.py", line 27
    )
     ^
SyntaxError: expected ':'
[2026-04-10T07:10:31.004+0000] {processor.py:842} WARNING - No viable dags retrieved from /opt/airflow/dags/flight-pipeline.py
[2026-04-10T07:10:31.037+0000] {processor.py:183} INFO - Processing /opt/airflow/dags/flight-pipeline.py took 0.070 seconds
[2026-04-10T07:10:32.019+0000] {processor.py:161} INFO - Started process (PID=170) to work on /opt/airflow/dags/flight-pipeline.py
[2026-04-10T07:10:32.021+0000] {processor.py:830} INFO - Processing file /opt/airflow/dags/flight-pipeline.py for tasks to queue
[2026-04-10T07:10:32.025+0000] {logging_mixin.py:188} INFO - [2026-04-10T07:10:32.024+0000] {dagbag.py:545} INFO - Filling up the DagBag from /opt/airflow/dags/flight-pipeline.py
[2026-04-10T07:10:32.044+0000] {logging_mixin.py:188} INFO - [2026-04-10T07:10:32.042+0000] {dagbag.py:355} ERROR - Failed to import: /opt/airflow/dags/flight-pipeline.py
Traceback (most recent call last):
  File "/home/airflow/.local/lib/python3.12/site-packages/airflow/models/dagbag.py", line 351, in parse
    loader.exec_module(new_module)
  File "<frozen importlib._bootstrap_external>", line 991, in exec_module
  File "<frozen importlib._bootstrap_external>", line 1129, in get_code
  File "<frozen importlib._bootstrap_external>", line 1059, in source_to_code
  File "<frozen importlib._bootstrap>", line 488, in _call_with_frames_removed
  File "/opt/airflow/dags/flight-pipeline.py", line 26
    schedule_interval="* /30 * * * * "
                      
SyntaxError: invalid syntax. Perhaps you forgot a comma?
[2026-04-10T07:10:32.045+0000] {processor.py:842} WARNING - No viable dags retrieved from /opt/airflow/dags/flight-pipeline.py
[2026-04-10T07:10:32.078+0000] {processor.py:183} INFO - Processing /opt/airflow/dags/flight-pipeline.py took 0.069 seconds
[2026-04-10T07:10:42.245+0000] {processor.py:161} INFO - Started process (PID=171) to work on /opt/airflow/dags/flight-pipeline.py
[2026-04-10T07:10:42.247+0000] {processor.py:830} INFO - Processing file /opt/airflow/dags/flight-pipeline.py for tasks to queue
[2026-04-10T07:10:42.250+0000] {logging_mixin.py:188} INFO - [2026-04-10T07:10:42.249+0000] {dagbag.py:545} INFO - Filling up the DagBag from /opt/airflow/dags/flight-pipeline.py
[2026-04-10T07:10:42.270+0000] {logging_mixin.py:188} INFO - [2026-04-10T07:10:42.268+0000] {dagbag.py:355} ERROR - Failed to import: /opt/airflow/dags/flight-pipeline.py
Traceback (most recent call last):
  File "/home/airflow/.local/lib/python3.12/site-packages/airflow/models/dagbag.py", line 351, in parse
    loader.exec_module(new_module)
  File "<frozen importlib._bootstrap_external>", line 991, in exec_module
  File "<frozen importlib._bootstrap_external>", line 1129, in get_code
  File "<frozen importlib._bootstrap_external>", line 1059, in source_to_code
  File "<frozen importlib._bootstrap>", line 488, in _call_with_frames_removed
  File "/opt/airflow/dags/flight-pipeline.py", line 26
    schedule_interval="* /30 * * * * "
                      
SyntaxError: invalid syntax. Perhaps you forgot a comma?
[2026-04-10T07:10:42.270+0000] {processor.py:842} WARNING - No viable dags retrieved from /opt/airflow/dags/flight-pipeline.py
[2026-04-10T07:10:42.299+0000] {processor.py:183} INFO - Processing /opt/airflow/dags/flight-pipeline.py took 0.063 seconds
[2026-04-10T07:11:12.564+0000] {processor.py:161} INFO - Started process (PID=172) to work on /opt/airflow/dags/flight-pipeline.py
[2026-04-10T07:11:12.566+0000] {processor.py:830} INFO - Processing file /opt/airflow/dags/flight-pipeline.py for tasks to queue
[2026-04-10T07:11:12.569+0000] {logging_mixin.py:188} INFO - [2026-04-10T07:11:12.569+0000] {dagbag.py:545} INFO - Filling up the DagBag from /opt/airflow/dags/flight-pipeline.py
[2026-04-10T07:11:12.590+0000] {logging_mixin.py:188} INFO - [2026-04-10T07:11:12.588+0000] {dagbag.py:355} ERROR - Failed to import: /opt/airflow/dags/flight-pipeline.py
Traceback (most recent call last):
  File "/home/airflow/.local/lib/python3.12/site-packages/airflow/models/dagbag.py", line 351, in parse
    loader.exec_module(new_module)
  File "<frozen importlib._bootstrap_external>", line 991, in exec_module
  File "<frozen importlib._bootstrap_external>", line 1129, in get_code
  File "<frozen importlib._bootstrap_external>", line 1059, in source_to_code
  File "<frozen importlib._bootstrap>", line 488, in _call_with_frames_removed
  File "/opt/airflow/dags/flight-pipeline.py", line 26
    schedule_interval="* /30 * * * * "
                      
SyntaxError: invalid syntax. Perhaps you forgot a comma?
[2026-04-10T07:11:12.591+0000] {processor.py:842} WARNING - No viable dags retrieved from /opt/airflow/dags/flight-pipeline.py
[2026-04-10T07:11:12.628+0000] {processor.py:183} INFO - Processing /opt/airflow/dags/flight-pipeline.py took 0.073 seconds
[2026-04-10T07:11:32.909+0000] {processor.py:161} INFO - Started process (PID=173) to work on /opt/airflow/dags/flight-pipeline.py
[2026-04-10T07:11:32.911+0000] {processor.py:830} INFO - Processing file /opt/airflow/dags/flight-pipeline.py for tasks to queue
[2026-04-10T07:11:32.914+0000] {logging_mixin.py:188} INFO - [2026-04-10T07:11:32.914+0000] {dagbag.py:545} INFO - Filling up the DagBag from /opt/airflow/dags/flight-pipeline.py
[2026-04-10T07:11:32.933+0000] {logging_mixin.py:188} INFO - [2026-04-10T07:11:32.932+0000] {dagbag.py:355} ERROR - Failed to import: /opt/airflow/dags/flight-pipeline.py
Traceback (most recent call last):
  File "/home/airflow/.local/lib/python3.12/site-packages/airflow/models/dagbag.py", line 351, in parse
    loader.exec_module(new_module)
  File "<frozen importlib._bootstrap_external>", line 991, in exec_module
  File "<frozen importlib._bootstrap_external>", line 1129, in get_code
  File "<frozen importlib._bootstrap_external>", line 1059, in source_to_code
  File "<frozen importlib._bootstrap>", line 488, in _call_with_frames_removed
  File "/opt/airflow/dags/flight-pipeline.py", line 26
    schedule_interval="* /30 * * * * "
                      
SyntaxError: invalid syntax. Perhaps you forgot a comma?
[2026-04-10T07:11:32.934+0000] {processor.py:842} WARNING - No viable dags retrieved from /opt/airflow/dags/flight-pipeline.py
[2026-04-10T07:11:32.965+0000] {processor.py:183} INFO - Processing /opt/airflow/dags/flight-pipeline.py took 0.064 seconds
[2026-04-10T07:11:35.970+0000] {processor.py:161} INFO - Started process (PID=174) to work on /opt/airflow/dags/flight-pipeline.py
[2026-04-10T07:11:35.972+0000] {processor.py:830} INFO - Processing file /opt/airflow/dags/flight-pipeline.py for tasks to queue
[2026-04-10T07:11:35.975+0000] {logging_mixin.py:188} INFO - [2026-04-10T07:11:35.974+0000] {dagbag.py:545} INFO - Filling up the DagBag from /opt/airflow/dags/flight-pipeline.py
[2026-04-10T07:11:35.993+0000] {logging_mixin.py:188} INFO - [2026-04-10T07:11:35.992+0000] {dagbag.py:355} ERROR - Failed to import: /opt/airflow/dags/flight-pipeline.py
Traceback (most recent call last):
  File "/home/airflow/.local/lib/python3.12/site-packages/airflow/models/dagbag.py", line 351, in parse
    loader.exec_module(new_module)
  File "<frozen importlib._bootstrap_external>", line 991, in exec_module
  File "<frozen importlib._bootstrap_external>", line 1129, in get_code
  File "<frozen importlib._bootstrap_external>", line 1059, in source_to_code
  File "<frozen importlib._bootstrap>", line 488, in _call_with_frames_removed
  File "/opt/airflow/dags/flight-pipeline.py", line 26
    schedule_interval="* /30 * * * * "
                      
SyntaxError: invalid syntax. Perhaps you forgot a comma?
[2026-04-10T07:11:35.994+0000] {processor.py:842} WARNING - No viable dags retrieved from /opt/airflow/dags/flight-pipeline.py
[2026-04-10T07:11:36.024+0000] {processor.py:183} INFO - Processing /opt/airflow/dags/flight-pipeline.py took 0.064 seconds
[2026-04-10T07:11:51.221+0000] {processor.py:161} INFO - Started process (PID=175) to work on /opt/airflow/dags/flight-pipeline.py
[2026-04-10T07:11:51.222+0000] {processor.py:830} INFO - Processing file /opt/airflow/dags/flight-pipeline.py for tasks to queue
[2026-04-10T07:11:51.225+0000] {logging_mixin.py:188} INFO - [2026-04-10T07:11:51.224+0000] {dagbag.py:545} INFO - Filling up the DagBag from /opt/airflow/dags/flight-pipeline.py
[2026-04-10T07:11:51.245+0000] {logging_mixin.py:188} INFO - [2026-04-10T07:11:51.243+0000] {dagbag.py:355} ERROR - Failed to import: /opt/airflow/dags/flight-pipeline.py
Traceback (most recent call last):
  File "/home/airflow/.local/lib/python3.12/site-packages/airflow/models/dagbag.py", line 351, in parse
    loader.exec_module(new_module)
  File "<frozen importlib._bootstrap_external>", line 991, in exec_module
  File "<frozen importlib._bootstrap_external>", line 1129, in get_code
  File "<frozen importlib._bootstrap_external>", line 1059, in source_to_code
  File "<frozen importlib._bootstrap>", line 488, in _call_with_frames_removed
  File "/opt/airflow/dags/flight-pipeline.py", line 31
    task_id="bronze_ingest"
            ^^^^^^^
SyntaxError: invalid syntax. Perhaps you forgot a comma?
[2026-04-10T07:11:51.246+0000] {processor.py:842} WARNING - No viable dags retrieved from /opt/airflow/dags/flight-pipeline.py
[2026-04-10T07:11:51.280+0000] {processor.py:183} INFO - Processing /opt/airflow/dags/flight-pipeline.py took 0.066 seconds
[2026-04-10T07:12:21.688+0000] {processor.py:161} INFO - Started process (PID=176) to work on /opt/airflow/dags/flight-pipeline.py
[2026-04-10T07:12:21.689+0000] {processor.py:830} INFO - Processing file /opt/airflow/dags/flight-pipeline.py for tasks to queue
[2026-04-10T07:12:21.692+0000] {logging_mixin.py:188} INFO - [2026-04-10T07:12:21.691+0000] {dagbag.py:545} INFO - Filling up the DagBag from /opt/airflow/dags/flight-pipeline.py
[2026-04-10T07:12:21.712+0000] {logging_mixin.py:188} INFO - [2026-04-10T07:12:21.710+0000] {dagbag.py:355} ERROR - Failed to import: /opt/airflow/dags/flight-pipeline.py
Traceback (most recent call last):
  File "/home/airflow/.local/lib/python3.12/site-packages/airflow/models/dagbag.py", line 351, in parse
    loader.exec_module(new_module)
  File "<frozen importlib._bootstrap_external>", line 991, in exec_module
  File "<frozen importlib._bootstrap_external>", line 1129, in get_code
  File "<frozen importlib._bootstrap_external>", line 1059, in source_to_code
  File "<frozen importlib._bootstrap>", line 488, in _call_with_frames_removed
  File "/opt/airflow/dags/flight-pipeline.py", line 31
    task_id="bronze_ingest"
            ^^^^^^^
SyntaxError: invalid syntax. Perhaps you forgot a comma?
[2026-04-10T07:12:21.713+0000] {processor.py:842} WARNING - No viable dags retrieved from /opt/airflow/dags/flight-pipeline.py
[2026-04-10T07:12:21.743+0000] {processor.py:183} INFO - Processing /opt/airflow/dags/flight-pipeline.py took 0.063 seconds
[2026-04-10T07:12:37.006+0000] {processor.py:161} INFO - Started process (PID=177) to work on /opt/airflow/dags/flight-pipeline.py
[2026-04-10T07:12:37.007+0000] {processor.py:830} INFO - Processing file /opt/airflow/dags/flight-pipeline.py for tasks to queue
[2026-04-10T07:12:37.009+0000] {logging_mixin.py:188} INFO - [2026-04-10T07:12:37.009+0000] {dagbag.py:545} INFO - Filling up the DagBag from /opt/airflow/dags/flight-pipeline.py
[2026-04-10T07:12:37.085+0000] {logging_mixin.py:188} INFO - [2026-04-10T07:12:37.078+0000] {dagbag.py:452} ERROR - Failed to bag_dag: /opt/airflow/dags/flight-pipeline.py
Traceback (most recent call last):
  File "/home/airflow/.local/lib/python3.12/site-packages/croniter/croniter.py", line 194, in _alphaconv
    return cls.ALPHACONV[index][key]
           ~~~~~~~~~~~~~~~~~~~~^^^^^
KeyError: '/30'

During handling of the above exception, another exception occurred:

Traceback (most recent call last):
  File "/home/airflow/.local/lib/python3.12/site-packages/airflow/timetables/_cron.py", line 100, in validate
    croniter(self._expression)
  File "/home/airflow/.local/lib/python3.12/site-packages/croniter/croniter.py", line 187, in __init__
    self.expanded, self.nth_weekday_of_month = self.expand(expr_format, hash_id=hash_id)
                                               ^^^^^^^^^^^^^^^^^^^^^^^^^^^^^^^^^^^^^^^^^
  File "/home/airflow/.local/lib/python3.12/site-packages/croniter/croniter.py", line 821, in expand
    return cls._expand(expr_format, hash_id=hash_id)
           ^^^^^^^^^^^^^^^^^^^^^^^^^^^^^^^^^^^^^^^^^
  File "/home/airflow/.local/lib/python3.12/site-packages/croniter/croniter.py", line 755, in _expand
    t = cls._alphaconv(i, t, expressions)
        ^^^^^^^^^^^^^^^^^^^^^^^^^^^^^^^^^
  File "/home/airflow/.local/lib/python3.12/site-packages/croniter/croniter.py", line 196, in _alphaconv
    raise CroniterNotAlphaError(
croniter.croniter.CroniterNotAlphaError: [* /30 * * * *] is not acceptable

During handling of the above exception, another exception occurred:

Traceback (most recent call last):
  File "/home/airflow/.local/lib/python3.12/site-packages/airflow/models/dagbag.py", line 447, in _process_modules
    dag.validate()
  File "/home/airflow/.local/lib/python3.12/site-packages/airflow/models/dag.py", line 768, in validate
    self.timetable.validate()
  File "/home/airflow/.local/lib/python3.12/site-packages/airflow/timetables/_cron.py", line 102, in validate
    raise AirflowTimetableInvalid(str(e))
airflow.exceptions.AirflowTimetableInvalid: [* /30 * * * *] is not acceptable
[2026-04-10T07:12:37.086+0000] {processor.py:842} WARNING - No viable dags retrieved from /opt/airflow/dags/flight-pipeline.py
[2026-04-10T07:12:37.118+0000] {processor.py:183} INFO - Processing /opt/airflow/dags/flight-pipeline.py took 0.119 seconds
[2026-04-10T07:13:07.403+0000] {processor.py:161} INFO - Started process (PID=178) to work on /opt/airflow/dags/flight-pipeline.py
[2026-04-10T07:13:07.404+0000] {processor.py:830} INFO - Processing file /opt/airflow/dags/flight-pipeline.py for tasks to queue
[2026-04-10T07:13:07.407+0000] {logging_mixin.py:188} INFO - [2026-04-10T07:13:07.407+0000] {dagbag.py:545} INFO - Filling up the DagBag from /opt/airflow/dags/flight-pipeline.py
[2026-04-10T07:13:07.451+0000] {logging_mixin.py:188} INFO - [2026-04-10T07:13:07.447+0000] {dagbag.py:452} ERROR - Failed to bag_dag: /opt/airflow/dags/flight-pipeline.py
Traceback (most recent call last):
  File "/home/airflow/.local/lib/python3.12/site-packages/croniter/croniter.py", line 194, in _alphaconv
    return cls.ALPHACONV[index][key]
           ~~~~~~~~~~~~~~~~~~~~^^^^^
KeyError: '/30'

During handling of the above exception, another exception occurred:

Traceback (most recent call last):
  File "/home/airflow/.local/lib/python3.12/site-packages/airflow/timetables/_cron.py", line 100, in validate
    croniter(self._expression)
  File "/home/airflow/.local/lib/python3.12/site-packages/croniter/croniter.py", line 187, in __init__
    self.expanded, self.nth_weekday_of_month = self.expand(expr_format, hash_id=hash_id)
                                               ^^^^^^^^^^^^^^^^^^^^^^^^^^^^^^^^^^^^^^^^^
  File "/home/airflow/.local/lib/python3.12/site-packages/croniter/croniter.py", line 821, in expand
    return cls._expand(expr_format, hash_id=hash_id)
           ^^^^^^^^^^^^^^^^^^^^^^^^^^^^^^^^^^^^^^^^^
  File "/home/airflow/.local/lib/python3.12/site-packages/croniter/croniter.py", line 755, in _expand
    t = cls._alphaconv(i, t, expressions)
        ^^^^^^^^^^^^^^^^^^^^^^^^^^^^^^^^^
  File "/home/airflow/.local/lib/python3.12/site-packages/croniter/croniter.py", line 196, in _alphaconv
    raise CroniterNotAlphaError(
croniter.croniter.CroniterNotAlphaError: [* /30 * * * *] is not acceptable

During handling of the above exception, another exception occurred:

Traceback (most recent call last):
  File "/home/airflow/.local/lib/python3.12/site-packages/airflow/models/dagbag.py", line 447, in _process_modules
    dag.validate()
  File "/home/airflow/.local/lib/python3.12/site-packages/airflow/models/dag.py", line 768, in validate
    self.timetable.validate()
  File "/home/airflow/.local/lib/python3.12/site-packages/airflow/timetables/_cron.py", line 102, in validate
    raise AirflowTimetableInvalid(str(e))
airflow.exceptions.AirflowTimetableInvalid: [* /30 * * * *] is not acceptable
[2026-04-10T07:13:07.452+0000] {processor.py:842} WARNING - No viable dags retrieved from /opt/airflow/dags/flight-pipeline.py
[2026-04-10T07:13:07.487+0000] {processor.py:183} INFO - Processing /opt/airflow/dags/flight-pipeline.py took 0.096 seconds
[2026-04-10T07:13:37.880+0000] {processor.py:161} INFO - Started process (PID=179) to work on /opt/airflow/dags/flight-pipeline.py
[2026-04-10T07:13:37.881+0000] {processor.py:830} INFO - Processing file /opt/airflow/dags/flight-pipeline.py for tasks to queue
[2026-04-10T07:13:37.885+0000] {logging_mixin.py:188} INFO - [2026-04-10T07:13:37.884+0000] {dagbag.py:545} INFO - Filling up the DagBag from /opt/airflow/dags/flight-pipeline.py
[2026-04-10T07:13:37.928+0000] {logging_mixin.py:188} INFO - [2026-04-10T07:13:37.923+0000] {dagbag.py:452} ERROR - Failed to bag_dag: /opt/airflow/dags/flight-pipeline.py
Traceback (most recent call last):
  File "/home/airflow/.local/lib/python3.12/site-packages/croniter/croniter.py", line 194, in _alphaconv
    return cls.ALPHACONV[index][key]
           ~~~~~~~~~~~~~~~~~~~~^^^^^
KeyError: '/30'

During handling of the above exception, another exception occurred:

Traceback (most recent call last):
  File "/home/airflow/.local/lib/python3.12/site-packages/airflow/timetables/_cron.py", line 100, in validate
    croniter(self._expression)
  File "/home/airflow/.local/lib/python3.12/site-packages/croniter/croniter.py", line 187, in __init__
    self.expanded, self.nth_weekday_of_month = self.expand(expr_format, hash_id=hash_id)
                                               ^^^^^^^^^^^^^^^^^^^^^^^^^^^^^^^^^^^^^^^^^
  File "/home/airflow/.local/lib/python3.12/site-packages/croniter/croniter.py", line 821, in expand
    return cls._expand(expr_format, hash_id=hash_id)
           ^^^^^^^^^^^^^^^^^^^^^^^^^^^^^^^^^^^^^^^^^
  File "/home/airflow/.local/lib/python3.12/site-packages/croniter/croniter.py", line 755, in _expand
    t = cls._alphaconv(i, t, expressions)
        ^^^^^^^^^^^^^^^^^^^^^^^^^^^^^^^^^
  File "/home/airflow/.local/lib/python3.12/site-packages/croniter/croniter.py", line 196, in _alphaconv
    raise CroniterNotAlphaError(
croniter.croniter.CroniterNotAlphaError: [* /30 * * * *] is not acceptable

During handling of the above exception, another exception occurred:

Traceback (most recent call last):
  File "/home/airflow/.local/lib/python3.12/site-packages/airflow/models/dagbag.py", line 447, in _process_modules
    dag.validate()
  File "/home/airflow/.local/lib/python3.12/site-packages/airflow/models/dag.py", line 768, in validate
    self.timetable.validate()
  File "/home/airflow/.local/lib/python3.12/site-packages/airflow/timetables/_cron.py", line 102, in validate
    raise AirflowTimetableInvalid(str(e))
airflow.exceptions.AirflowTimetableInvalid: [* /30 * * * *] is not acceptable
[2026-04-10T07:13:37.929+0000] {processor.py:842} WARNING - No viable dags retrieved from /opt/airflow/dags/flight-pipeline.py
[2026-04-10T07:13:37.960+0000] {processor.py:183} INFO - Processing /opt/airflow/dags/flight-pipeline.py took 0.088 seconds
[2026-04-10T07:14:08.281+0000] {processor.py:161} INFO - Started process (PID=180) to work on /opt/airflow/dags/flight-pipeline.py
[2026-04-10T07:14:08.282+0000] {processor.py:830} INFO - Processing file /opt/airflow/dags/flight-pipeline.py for tasks to queue
[2026-04-10T07:14:08.286+0000] {logging_mixin.py:188} INFO - [2026-04-10T07:14:08.285+0000] {dagbag.py:545} INFO - Filling up the DagBag from /opt/airflow/dags/flight-pipeline.py
[2026-04-10T07:14:08.325+0000] {logging_mixin.py:188} INFO - [2026-04-10T07:14:08.321+0000] {dagbag.py:452} ERROR - Failed to bag_dag: /opt/airflow/dags/flight-pipeline.py
Traceback (most recent call last):
  File "/home/airflow/.local/lib/python3.12/site-packages/croniter/croniter.py", line 194, in _alphaconv
    return cls.ALPHACONV[index][key]
           ~~~~~~~~~~~~~~~~~~~~^^^^^
KeyError: '/30'

During handling of the above exception, another exception occurred:

Traceback (most recent call last):
  File "/home/airflow/.local/lib/python3.12/site-packages/airflow/timetables/_cron.py", line 100, in validate
    croniter(self._expression)
  File "/home/airflow/.local/lib/python3.12/site-packages/croniter/croniter.py", line 187, in __init__
    self.expanded, self.nth_weekday_of_month = self.expand(expr_format, hash_id=hash_id)
                                               ^^^^^^^^^^^^^^^^^^^^^^^^^^^^^^^^^^^^^^^^^
  File "/home/airflow/.local/lib/python3.12/site-packages/croniter/croniter.py", line 821, in expand
    return cls._expand(expr_format, hash_id=hash_id)
           ^^^^^^^^^^^^^^^^^^^^^^^^^^^^^^^^^^^^^^^^^
  File "/home/airflow/.local/lib/python3.12/site-packages/croniter/croniter.py", line 755, in _expand
    t = cls._alphaconv(i, t, expressions)
        ^^^^^^^^^^^^^^^^^^^^^^^^^^^^^^^^^
  File "/home/airflow/.local/lib/python3.12/site-packages/croniter/croniter.py", line 196, in _alphaconv
    raise CroniterNotAlphaError(
croniter.croniter.CroniterNotAlphaError: [* /30 * * * *] is not acceptable

During handling of the above exception, another exception occurred:

Traceback (most recent call last):
  File "/home/airflow/.local/lib/python3.12/site-packages/airflow/models/dagbag.py", line 447, in _process_modules
    dag.validate()
  File "/home/airflow/.local/lib/python3.12/site-packages/airflow/models/dag.py", line 768, in validate
    self.timetable.validate()
  File "/home/airflow/.local/lib/python3.12/site-packages/airflow/timetables/_cron.py", line 102, in validate
    raise AirflowTimetableInvalid(str(e))
airflow.exceptions.AirflowTimetableInvalid: [* /30 * * * *] is not acceptable
[2026-04-10T07:14:08.326+0000] {processor.py:842} WARNING - No viable dags retrieved from /opt/airflow/dags/flight-pipeline.py
[2026-04-10T07:14:08.357+0000] {processor.py:183} INFO - Processing /opt/airflow/dags/flight-pipeline.py took 0.086 seconds
[2026-04-10T07:14:38.735+0000] {processor.py:161} INFO - Started process (PID=181) to work on /opt/airflow/dags/flight-pipeline.py
[2026-04-10T07:14:38.741+0000] {processor.py:830} INFO - Processing file /opt/airflow/dags/flight-pipeline.py for tasks to queue
[2026-04-10T07:14:38.752+0000] {logging_mixin.py:188} INFO - [2026-04-10T07:14:38.751+0000] {dagbag.py:545} INFO - Filling up the DagBag from /opt/airflow/dags/flight-pipeline.py
[2026-04-10T07:14:38.834+0000] {logging_mixin.py:188} INFO - [2026-04-10T07:14:38.821+0000] {dagbag.py:452} ERROR - Failed to bag_dag: /opt/airflow/dags/flight-pipeline.py
Traceback (most recent call last):
  File "/home/airflow/.local/lib/python3.12/site-packages/croniter/croniter.py", line 194, in _alphaconv
    return cls.ALPHACONV[index][key]
           ~~~~~~~~~~~~~~~~~~~~^^^^^
KeyError: '/30'

During handling of the above exception, another exception occurred:

Traceback (most recent call last):
  File "/home/airflow/.local/lib/python3.12/site-packages/airflow/timetables/_cron.py", line 100, in validate
    croniter(self._expression)
  File "/home/airflow/.local/lib/python3.12/site-packages/croniter/croniter.py", line 187, in __init__
    self.expanded, self.nth_weekday_of_month = self.expand(expr_format, hash_id=hash_id)
                                               ^^^^^^^^^^^^^^^^^^^^^^^^^^^^^^^^^^^^^^^^^
  File "/home/airflow/.local/lib/python3.12/site-packages/croniter/croniter.py", line 821, in expand
    return cls._expand(expr_format, hash_id=hash_id)
           ^^^^^^^^^^^^^^^^^^^^^^^^^^^^^^^^^^^^^^^^^
  File "/home/airflow/.local/lib/python3.12/site-packages/croniter/croniter.py", line 755, in _expand
    t = cls._alphaconv(i, t, expressions)
        ^^^^^^^^^^^^^^^^^^^^^^^^^^^^^^^^^
  File "/home/airflow/.local/lib/python3.12/site-packages/croniter/croniter.py", line 196, in _alphaconv
    raise CroniterNotAlphaError(
croniter.croniter.CroniterNotAlphaError: [* /30 * * * *] is not acceptable

During handling of the above exception, another exception occurred:

Traceback (most recent call last):
  File "/home/airflow/.local/lib/python3.12/site-packages/airflow/models/dagbag.py", line 447, in _process_modules
    dag.validate()
  File "/home/airflow/.local/lib/python3.12/site-packages/airflow/models/dag.py", line 768, in validate
    self.timetable.validate()
  File "/home/airflow/.local/lib/python3.12/site-packages/airflow/timetables/_cron.py", line 102, in validate
    raise AirflowTimetableInvalid(str(e))
airflow.exceptions.AirflowTimetableInvalid: [* /30 * * * *] is not acceptable
[2026-04-10T07:14:38.835+0000] {processor.py:842} WARNING - No viable dags retrieved from /opt/airflow/dags/flight-pipeline.py
[2026-04-10T07:14:38.906+0000] {processor.py:183} INFO - Processing /opt/airflow/dags/flight-pipeline.py took 0.198 seconds
[2026-04-10T07:15:09.140+0000] {processor.py:161} INFO - Started process (PID=182) to work on /opt/airflow/dags/flight-pipeline.py
[2026-04-10T07:15:09.143+0000] {processor.py:830} INFO - Processing file /opt/airflow/dags/flight-pipeline.py for tasks to queue
[2026-04-10T07:15:09.150+0000] {logging_mixin.py:188} INFO - [2026-04-10T07:15:09.148+0000] {dagbag.py:545} INFO - Filling up the DagBag from /opt/airflow/dags/flight-pipeline.py
[2026-04-10T07:15:09.250+0000] {logging_mixin.py:188} INFO - [2026-04-10T07:15:09.243+0000] {dagbag.py:452} ERROR - Failed to bag_dag: /opt/airflow/dags/flight-pipeline.py
Traceback (most recent call last):
  File "/home/airflow/.local/lib/python3.12/site-packages/croniter/croniter.py", line 194, in _alphaconv
    return cls.ALPHACONV[index][key]
           ~~~~~~~~~~~~~~~~~~~~^^^^^
KeyError: '/30'

During handling of the above exception, another exception occurred:

Traceback (most recent call last):
  File "/home/airflow/.local/lib/python3.12/site-packages/airflow/timetables/_cron.py", line 100, in validate
    croniter(self._expression)
  File "/home/airflow/.local/lib/python3.12/site-packages/croniter/croniter.py", line 187, in __init__
    self.expanded, self.nth_weekday_of_month = self.expand(expr_format, hash_id=hash_id)
                                               ^^^^^^^^^^^^^^^^^^^^^^^^^^^^^^^^^^^^^^^^^
  File "/home/airflow/.local/lib/python3.12/site-packages/croniter/croniter.py", line 821, in expand
    return cls._expand(expr_format, hash_id=hash_id)
           ^^^^^^^^^^^^^^^^^^^^^^^^^^^^^^^^^^^^^^^^^
  File "/home/airflow/.local/lib/python3.12/site-packages/croniter/croniter.py", line 755, in _expand
    t = cls._alphaconv(i, t, expressions)
        ^^^^^^^^^^^^^^^^^^^^^^^^^^^^^^^^^
  File "/home/airflow/.local/lib/python3.12/site-packages/croniter/croniter.py", line 196, in _alphaconv
    raise CroniterNotAlphaError(
croniter.croniter.CroniterNotAlphaError: [* /30 * * * *] is not acceptable

During handling of the above exception, another exception occurred:

Traceback (most recent call last):
  File "/home/airflow/.local/lib/python3.12/site-packages/airflow/models/dagbag.py", line 447, in _process_modules
    dag.validate()
  File "/home/airflow/.local/lib/python3.12/site-packages/airflow/models/dag.py", line 768, in validate
    self.timetable.validate()
  File "/home/airflow/.local/lib/python3.12/site-packages/airflow/timetables/_cron.py", line 102, in validate
    raise AirflowTimetableInvalid(str(e))
airflow.exceptions.AirflowTimetableInvalid: [* /30 * * * *] is not acceptable
[2026-04-10T07:15:09.251+0000] {processor.py:842} WARNING - No viable dags retrieved from /opt/airflow/dags/flight-pipeline.py
[2026-04-10T07:15:09.290+0000] {processor.py:183} INFO - Processing /opt/airflow/dags/flight-pipeline.py took 0.164 seconds
[2026-04-10T07:15:39.585+0000] {processor.py:161} INFO - Started process (PID=183) to work on /opt/airflow/dags/flight-pipeline.py
[2026-04-10T07:15:39.586+0000] {processor.py:830} INFO - Processing file /opt/airflow/dags/flight-pipeline.py for tasks to queue
[2026-04-10T07:15:39.589+0000] {logging_mixin.py:188} INFO - [2026-04-10T07:15:39.588+0000] {dagbag.py:545} INFO - Filling up the DagBag from /opt/airflow/dags/flight-pipeline.py
[2026-04-10T07:15:39.627+0000] {logging_mixin.py:188} INFO - [2026-04-10T07:15:39.624+0000] {dagbag.py:452} ERROR - Failed to bag_dag: /opt/airflow/dags/flight-pipeline.py
Traceback (most recent call last):
  File "/home/airflow/.local/lib/python3.12/site-packages/croniter/croniter.py", line 194, in _alphaconv
    return cls.ALPHACONV[index][key]
           ~~~~~~~~~~~~~~~~~~~~^^^^^
KeyError: '/30'

During handling of the above exception, another exception occurred:

Traceback (most recent call last):
  File "/home/airflow/.local/lib/python3.12/site-packages/airflow/timetables/_cron.py", line 100, in validate
    croniter(self._expression)
  File "/home/airflow/.local/lib/python3.12/site-packages/croniter/croniter.py", line 187, in __init__
    self.expanded, self.nth_weekday_of_month = self.expand(expr_format, hash_id=hash_id)
                                               ^^^^^^^^^^^^^^^^^^^^^^^^^^^^^^^^^^^^^^^^^
  File "/home/airflow/.local/lib/python3.12/site-packages/croniter/croniter.py", line 821, in expand
    return cls._expand(expr_format, hash_id=hash_id)
           ^^^^^^^^^^^^^^^^^^^^^^^^^^^^^^^^^^^^^^^^^
  File "/home/airflow/.local/lib/python3.12/site-packages/croniter/croniter.py", line 755, in _expand
    t = cls._alphaconv(i, t, expressions)
        ^^^^^^^^^^^^^^^^^^^^^^^^^^^^^^^^^
  File "/home/airflow/.local/lib/python3.12/site-packages/croniter/croniter.py", line 196, in _alphaconv
    raise CroniterNotAlphaError(
croniter.croniter.CroniterNotAlphaError: [* /30 * * * *] is not acceptable

During handling of the above exception, another exception occurred:

Traceback (most recent call last):
  File "/home/airflow/.local/lib/python3.12/site-packages/airflow/models/dagbag.py", line 447, in _process_modules
    dag.validate()
  File "/home/airflow/.local/lib/python3.12/site-packages/airflow/models/dag.py", line 768, in validate
    self.timetable.validate()
  File "/home/airflow/.local/lib/python3.12/site-packages/airflow/timetables/_cron.py", line 102, in validate
    raise AirflowTimetableInvalid(str(e))
airflow.exceptions.AirflowTimetableInvalid: [* /30 * * * *] is not acceptable
[2026-04-10T07:15:39.628+0000] {processor.py:842} WARNING - No viable dags retrieved from /opt/airflow/dags/flight-pipeline.py
[2026-04-10T07:15:39.667+0000] {processor.py:183} INFO - Processing /opt/airflow/dags/flight-pipeline.py took 0.091 seconds
[2026-04-10T07:16:09.944+0000] {processor.py:161} INFO - Started process (PID=184) to work on /opt/airflow/dags/flight-pipeline.py
[2026-04-10T07:16:09.947+0000] {processor.py:830} INFO - Processing file /opt/airflow/dags/flight-pipeline.py for tasks to queue
[2026-04-10T07:16:09.956+0000] {logging_mixin.py:188} INFO - [2026-04-10T07:16:09.955+0000] {dagbag.py:545} INFO - Filling up the DagBag from /opt/airflow/dags/flight-pipeline.py
[2026-04-10T07:16:10.007+0000] {logging_mixin.py:188} INFO - [2026-04-10T07:16:10.004+0000] {dagbag.py:452} ERROR - Failed to bag_dag: /opt/airflow/dags/flight-pipeline.py
Traceback (most recent call last):
  File "/home/airflow/.local/lib/python3.12/site-packages/croniter/croniter.py", line 194, in _alphaconv
    return cls.ALPHACONV[index][key]
           ~~~~~~~~~~~~~~~~~~~~^^^^^
KeyError: '/30'

During handling of the above exception, another exception occurred:

Traceback (most recent call last):
  File "/home/airflow/.local/lib/python3.12/site-packages/airflow/timetables/_cron.py", line 100, in validate
    croniter(self._expression)
  File "/home/airflow/.local/lib/python3.12/site-packages/croniter/croniter.py", line 187, in __init__
    self.expanded, self.nth_weekday_of_month = self.expand(expr_format, hash_id=hash_id)
                                               ^^^^^^^^^^^^^^^^^^^^^^^^^^^^^^^^^^^^^^^^^
  File "/home/airflow/.local/lib/python3.12/site-packages/croniter/croniter.py", line 821, in expand
    return cls._expand(expr_format, hash_id=hash_id)
           ^^^^^^^^^^^^^^^^^^^^^^^^^^^^^^^^^^^^^^^^^
  File "/home/airflow/.local/lib/python3.12/site-packages/croniter/croniter.py", line 755, in _expand
    t = cls._alphaconv(i, t, expressions)
        ^^^^^^^^^^^^^^^^^^^^^^^^^^^^^^^^^
  File "/home/airflow/.local/lib/python3.12/site-packages/croniter/croniter.py", line 196, in _alphaconv
    raise CroniterNotAlphaError(
croniter.croniter.CroniterNotAlphaError: [* /30 * * * *] is not acceptable

During handling of the above exception, another exception occurred:

Traceback (most recent call last):
  File "/home/airflow/.local/lib/python3.12/site-packages/airflow/models/dagbag.py", line 447, in _process_modules
    dag.validate()
  File "/home/airflow/.local/lib/python3.12/site-packages/airflow/models/dag.py", line 768, in validate
    self.timetable.validate()
  File "/home/airflow/.local/lib/python3.12/site-packages/airflow/timetables/_cron.py", line 102, in validate
    raise AirflowTimetableInvalid(str(e))
airflow.exceptions.AirflowTimetableInvalid: [* /30 * * * *] is not acceptable
[2026-04-10T07:16:10.012+0000] {processor.py:842} WARNING - No viable dags retrieved from /opt/airflow/dags/flight-pipeline.py
[2026-04-10T07:16:10.051+0000] {processor.py:183} INFO - Processing /opt/airflow/dags/flight-pipeline.py took 0.121 seconds
[2026-04-10T07:16:38.307+0000] {processor.py:161} INFO - Started process (PID=185) to work on /opt/airflow/dags/flight-pipeline.py
[2026-04-10T07:16:38.309+0000] {processor.py:830} INFO - Processing file /opt/airflow/dags/flight-pipeline.py for tasks to queue
[2026-04-10T07:16:38.312+0000] {logging_mixin.py:188} INFO - [2026-04-10T07:16:38.312+0000] {dagbag.py:545} INFO - Filling up the DagBag from /opt/airflow/dags/flight-pipeline.py
[2026-04-10T07:16:38.406+0000] {processor.py:840} INFO - DAG(s) 'flights_ops_medallion_pipe' retrieved from /opt/airflow/dags/flight-pipeline.py
[2026-04-10T07:16:38.955+0000] {logging_mixin.py:188} INFO - [2026-04-10T07:16:38.954+0000] {override.py:1858} INFO - Created Permission View: can delete on DAG:flights_ops_medallion_pipe
[2026-04-10T07:16:38.974+0000] {logging_mixin.py:188} INFO - [2026-04-10T07:16:38.974+0000] {override.py:1858} INFO - Created Permission View: can read on DAG:flights_ops_medallion_pipe
[2026-04-10T07:16:38.986+0000] {logging_mixin.py:188} INFO - [2026-04-10T07:16:38.986+0000] {override.py:1858} INFO - Created Permission View: can edit on DAG:flights_ops_medallion_pipe
[2026-04-10T07:16:38.988+0000] {logging_mixin.py:188} INFO - [2026-04-10T07:16:38.987+0000] {dag.py:3089} INFO - Sync 1 DAGs
[2026-04-10T07:16:39.014+0000] {logging_mixin.py:188} INFO - [2026-04-10T07:16:39.014+0000] {dag.py:3111} INFO - Creating ORM DAG for flights_ops_medallion_pipe
[2026-04-10T07:16:39.043+0000] {logging_mixin.py:188} INFO - [2026-04-10T07:16:39.043+0000] {dag.py:3947} INFO - Setting next_dagrun for flights_ops_medallion_pipe to 2026-04-09 00:00:00+00:00, run_after=2026-04-10 00:00:00+00:00
[2026-04-10T07:16:39.079+0000] {processor.py:183} INFO - Processing /opt/airflow/dags/flight-pipeline.py took 0.788 seconds
[2026-04-10T07:16:40.208+0000] {processor.py:161} INFO - Started process (PID=186) to work on /opt/airflow/dags/flight-pipeline.py
[2026-04-10T07:16:40.210+0000] {processor.py:830} INFO - Processing file /opt/airflow/dags/flight-pipeline.py for tasks to queue
[2026-04-10T07:16:40.223+0000] {logging_mixin.py:188} INFO - [2026-04-10T07:16:40.221+0000] {dagbag.py:545} INFO - Filling up the DagBag from /opt/airflow/dags/flight-pipeline.py
[2026-04-10T07:16:40.288+0000] {processor.py:840} INFO - DAG(s) 'flights_ops_medallion_pipe' retrieved from /opt/airflow/dags/flight-pipeline.py
[2026-04-10T07:16:40.310+0000] {logging_mixin.py:188} INFO - [2026-04-10T07:16:40.310+0000] {dag.py:3089} INFO - Sync 1 DAGs
[2026-04-10T07:16:40.349+0000] {logging_mixin.py:188} INFO - [2026-04-10T07:16:40.348+0000] {dag.py:3947} INFO - Setting next_dagrun for flights_ops_medallion_pipe to 2026-04-09 00:00:00+00:00, run_after=2026-04-10 00:00:00+00:00
[2026-04-10T07:16:40.388+0000] {processor.py:183} INFO - Processing /opt/airflow/dags/flight-pipeline.py took 0.198 seconds
[2026-04-10T07:16:47.288+0000] {processor.py:161} INFO - Started process (PID=187) to work on /opt/airflow/dags/flight-pipeline.py
[2026-04-10T07:16:47.290+0000] {processor.py:830} INFO - Processing file /opt/airflow/dags/flight-pipeline.py for tasks to queue
[2026-04-10T07:16:47.294+0000] {logging_mixin.py:188} INFO - [2026-04-10T07:16:47.294+0000] {dagbag.py:545} INFO - Filling up the DagBag from /opt/airflow/dags/flight-pipeline.py
[2026-04-10T07:16:47.360+0000] {processor.py:840} INFO - DAG(s) 'flights_ops_medallion_pipe' retrieved from /opt/airflow/dags/flight-pipeline.py
[2026-04-10T07:16:47.384+0000] {logging_mixin.py:188} INFO - [2026-04-10T07:16:47.384+0000] {dag.py:3089} INFO - Sync 1 DAGs
[2026-04-10T07:16:47.425+0000] {logging_mixin.py:188} INFO - [2026-04-10T07:16:47.424+0000] {dag.py:3947} INFO - Setting next_dagrun for flights_ops_medallion_pipe to 2026-04-09 00:00:00+00:00, run_after=2026-04-10 00:00:00+00:00
[2026-04-10T07:16:47.466+0000] {processor.py:183} INFO - Processing /opt/airflow/dags/flight-pipeline.py took 0.186 seconds
[2026-04-10T07:16:50.549+0000] {processor.py:161} INFO - Started process (PID=188) to work on /opt/airflow/dags/flight-pipeline.py
[2026-04-10T07:16:50.551+0000] {processor.py:830} INFO - Processing file /opt/airflow/dags/flight-pipeline.py for tasks to queue
[2026-04-10T07:16:50.553+0000] {logging_mixin.py:188} INFO - [2026-04-10T07:16:50.553+0000] {dagbag.py:545} INFO - Filling up the DagBag from /opt/airflow/dags/flight-pipeline.py
[2026-04-10T07:16:50.604+0000] {processor.py:840} INFO - DAG(s) 'flights_ops_medallion_pipe' retrieved from /opt/airflow/dags/flight-pipeline.py
[2026-04-10T07:16:50.624+0000] {logging_mixin.py:188} INFO - [2026-04-10T07:16:50.623+0000] {dag.py:3089} INFO - Sync 1 DAGs
[2026-04-10T07:16:50.658+0000] {logging_mixin.py:188} INFO - [2026-04-10T07:16:50.657+0000] {dag.py:3947} INFO - Setting next_dagrun for flights_ops_medallion_pipe to 2026-04-09 00:00:00+00:00, run_after=2026-04-10 00:00:00+00:00
[2026-04-10T07:16:50.693+0000] {processor.py:183} INFO - Processing /opt/airflow/dags/flight-pipeline.py took 0.150 seconds
[2026-04-10T07:16:51.644+0000] {processor.py:161} INFO - Started process (PID=189) to work on /opt/airflow/dags/flight-pipeline.py
[2026-04-10T07:16:51.646+0000] {processor.py:830} INFO - Processing file /opt/airflow/dags/flight-pipeline.py for tasks to queue
[2026-04-10T07:16:51.648+0000] {logging_mixin.py:188} INFO - [2026-04-10T07:16:51.648+0000] {dagbag.py:545} INFO - Filling up the DagBag from /opt/airflow/dags/flight-pipeline.py
[2026-04-10T07:16:51.703+0000] {processor.py:840} INFO - DAG(s) 'flights_ops_medallion_pipe' retrieved from /opt/airflow/dags/flight-pipeline.py
[2026-04-10T07:16:51.727+0000] {logging_mixin.py:188} INFO - [2026-04-10T07:16:51.726+0000] {dag.py:3089} INFO - Sync 1 DAGs
[2026-04-10T07:16:51.766+0000] {logging_mixin.py:188} INFO - [2026-04-10T07:16:51.766+0000] {dag.py:3947} INFO - Setting next_dagrun for flights_ops_medallion_pipe to 2026-04-09 00:00:00+00:00, run_after=2026-04-10 00:00:00+00:00
[2026-04-10T07:16:51.802+0000] {processor.py:183} INFO - Processing /opt/airflow/dags/flight-pipeline.py took 0.177 seconds
[2026-04-10T07:16:52.844+0000] {processor.py:161} INFO - Started process (PID=190) to work on /opt/airflow/dags/flight-pipeline.py
[2026-04-10T07:16:52.845+0000] {processor.py:830} INFO - Processing file /opt/airflow/dags/flight-pipeline.py for tasks to queue
[2026-04-10T07:16:52.848+0000] {logging_mixin.py:188} INFO - [2026-04-10T07:16:52.848+0000] {dagbag.py:545} INFO - Filling up the DagBag from /opt/airflow/dags/flight-pipeline.py
[2026-04-10T07:16:52.899+0000] {processor.py:840} INFO - DAG(s) 'flights_ops_medallion_pipe' retrieved from /opt/airflow/dags/flight-pipeline.py
[2026-04-10T07:16:52.919+0000] {logging_mixin.py:188} INFO - [2026-04-10T07:16:52.919+0000] {dag.py:3089} INFO - Sync 1 DAGs
[2026-04-10T07:16:52.952+0000] {logging_mixin.py:188} INFO - [2026-04-10T07:16:52.952+0000] {dag.py:3947} INFO - Setting next_dagrun for flights_ops_medallion_pipe to 2026-04-09 00:00:00+00:00, run_after=2026-04-10 00:00:00+00:00
[2026-04-10T07:16:52.991+0000] {processor.py:183} INFO - Processing /opt/airflow/dags/flight-pipeline.py took 0.157 seconds
[2026-04-10T07:16:53.897+0000] {processor.py:161} INFO - Started process (PID=191) to work on /opt/airflow/dags/flight-pipeline.py
[2026-04-10T07:16:53.899+0000] {processor.py:830} INFO - Processing file /opt/airflow/dags/flight-pipeline.py for tasks to queue
[2026-04-10T07:16:53.905+0000] {logging_mixin.py:188} INFO - [2026-04-10T07:16:53.903+0000] {dagbag.py:545} INFO - Filling up the DagBag from /opt/airflow/dags/flight-pipeline.py
[2026-04-10T07:16:53.965+0000] {processor.py:840} INFO - DAG(s) 'flights_ops_medallion_pipe' retrieved from /opt/airflow/dags/flight-pipeline.py
[2026-04-10T07:16:53.990+0000] {logging_mixin.py:188} INFO - [2026-04-10T07:16:53.989+0000] {dag.py:3089} INFO - Sync 1 DAGs
[2026-04-10T07:16:54.023+0000] {logging_mixin.py:188} INFO - [2026-04-10T07:16:54.022+0000] {dag.py:3947} INFO - Setting next_dagrun for flights_ops_medallion_pipe to 2026-04-09 00:00:00+00:00, run_after=2026-04-10 00:00:00+00:00
[2026-04-10T07:16:54.065+0000] {processor.py:183} INFO - Processing /opt/airflow/dags/flight-pipeline.py took 0.181 seconds
[2026-04-10T07:17:11.296+0000] {processor.py:161} INFO - Started process (PID=192) to work on /opt/airflow/dags/flight-pipeline.py
[2026-04-10T07:17:11.297+0000] {processor.py:830} INFO - Processing file /opt/airflow/dags/flight-pipeline.py for tasks to queue
[2026-04-10T07:17:11.300+0000] {logging_mixin.py:188} INFO - [2026-04-10T07:17:11.299+0000] {dagbag.py:545} INFO - Filling up the DagBag from /opt/airflow/dags/flight-pipeline.py
[2026-04-10T07:17:11.350+0000] {processor.py:840} INFO - DAG(s) 'flights_ops_medallion_pipe' retrieved from /opt/airflow/dags/flight-pipeline.py
[2026-04-10T07:17:11.392+0000] {logging_mixin.py:188} INFO - [2026-04-10T07:17:11.392+0000] {dag.py:3089} INFO - Sync 1 DAGs
[2026-04-10T07:17:11.422+0000] {logging_mixin.py:188} INFO - [2026-04-10T07:17:11.421+0000] {dag.py:3947} INFO - Setting next_dagrun for flights_ops_medallion_pipe to 2026-04-09 00:00:00+00:00, run_after=2026-04-10 00:00:00+00:00
[2026-04-10T07:17:11.456+0000] {processor.py:183} INFO - Processing /opt/airflow/dags/flight-pipeline.py took 0.170 seconds
[2026-04-10T07:17:41.641+0000] {processor.py:161} INFO - Started process (PID=193) to work on /opt/airflow/dags/flight-pipeline.py
[2026-04-10T07:17:41.642+0000] {processor.py:830} INFO - Processing file /opt/airflow/dags/flight-pipeline.py for tasks to queue
[2026-04-10T07:17:41.645+0000] {logging_mixin.py:188} INFO - [2026-04-10T07:17:41.644+0000] {dagbag.py:545} INFO - Filling up the DagBag from /opt/airflow/dags/flight-pipeline.py
[2026-04-10T07:17:41.690+0000] {processor.py:840} INFO - DAG(s) 'flights_ops_medallion_pipe' retrieved from /opt/airflow/dags/flight-pipeline.py
[2026-04-10T07:17:41.741+0000] {logging_mixin.py:188} INFO - [2026-04-10T07:17:41.741+0000] {dag.py:3089} INFO - Sync 1 DAGs
[2026-04-10T07:17:41.775+0000] {logging_mixin.py:188} INFO - [2026-04-10T07:17:41.775+0000] {dag.py:3947} INFO - Setting next_dagrun for flights_ops_medallion_pipe to 2026-04-09 00:00:00+00:00, run_after=2026-04-10 00:00:00+00:00
[2026-04-10T07:17:41.804+0000] {processor.py:183} INFO - Processing /opt/airflow/dags/flight-pipeline.py took 0.175 seconds
[2026-04-10T07:18:12.042+0000] {processor.py:161} INFO - Started process (PID=194) to work on /opt/airflow/dags/flight-pipeline.py
[2026-04-10T07:18:12.044+0000] {processor.py:830} INFO - Processing file /opt/airflow/dags/flight-pipeline.py for tasks to queue
[2026-04-10T07:18:12.047+0000] {logging_mixin.py:188} INFO - [2026-04-10T07:18:12.047+0000] {dagbag.py:545} INFO - Filling up the DagBag from /opt/airflow/dags/flight-pipeline.py
[2026-04-10T07:18:12.085+0000] {processor.py:840} INFO - DAG(s) 'flights_ops_medallion_pipe' retrieved from /opt/airflow/dags/flight-pipeline.py
[2026-04-10T07:18:12.131+0000] {logging_mixin.py:188} INFO - [2026-04-10T07:18:12.130+0000] {dag.py:3089} INFO - Sync 1 DAGs
[2026-04-10T07:18:12.160+0000] {logging_mixin.py:188} INFO - [2026-04-10T07:18:12.160+0000] {dag.py:3947} INFO - Setting next_dagrun for flights_ops_medallion_pipe to 2026-04-09 00:00:00+00:00, run_after=2026-04-10 00:00:00+00:00
[2026-04-10T07:18:12.187+0000] {processor.py:183} INFO - Processing /opt/airflow/dags/flight-pipeline.py took 0.153 seconds
[2026-04-10T07:18:42.407+0000] {processor.py:161} INFO - Started process (PID=195) to work on /opt/airflow/dags/flight-pipeline.py
[2026-04-10T07:18:42.409+0000] {processor.py:830} INFO - Processing file /opt/airflow/dags/flight-pipeline.py for tasks to queue
[2026-04-10T07:18:42.413+0000] {logging_mixin.py:188} INFO - [2026-04-10T07:18:42.412+0000] {dagbag.py:545} INFO - Filling up the DagBag from /opt/airflow/dags/flight-pipeline.py
[2026-04-10T07:18:42.457+0000] {processor.py:840} INFO - DAG(s) 'flights_ops_medallion_pipe' retrieved from /opt/airflow/dags/flight-pipeline.py
[2026-04-10T07:18:42.502+0000] {logging_mixin.py:188} INFO - [2026-04-10T07:18:42.502+0000] {dag.py:3089} INFO - Sync 1 DAGs
[2026-04-10T07:18:42.531+0000] {logging_mixin.py:188} INFO - [2026-04-10T07:18:42.531+0000] {dag.py:3947} INFO - Setting next_dagrun for flights_ops_medallion_pipe to 2026-04-09 00:00:00+00:00, run_after=2026-04-10 00:00:00+00:00
[2026-04-10T07:18:42.561+0000] {processor.py:183} INFO - Processing /opt/airflow/dags/flight-pipeline.py took 0.166 seconds
[2026-04-10T07:19:12.779+0000] {processor.py:161} INFO - Started process (PID=196) to work on /opt/airflow/dags/flight-pipeline.py
[2026-04-10T07:19:12.781+0000] {processor.py:830} INFO - Processing file /opt/airflow/dags/flight-pipeline.py for tasks to queue
[2026-04-10T07:19:12.786+0000] {logging_mixin.py:188} INFO - [2026-04-10T07:19:12.785+0000] {dagbag.py:545} INFO - Filling up the DagBag from /opt/airflow/dags/flight-pipeline.py
[2026-04-10T07:19:12.874+0000] {processor.py:840} INFO - DAG(s) 'flights_ops_medallion_pipe' retrieved from /opt/airflow/dags/flight-pipeline.py
[2026-04-10T07:19:12.973+0000] {logging_mixin.py:188} INFO - [2026-04-10T07:19:12.973+0000] {dag.py:3089} INFO - Sync 1 DAGs
[2026-04-10T07:19:13.050+0000] {logging_mixin.py:188} INFO - [2026-04-10T07:19:13.049+0000] {dag.py:3947} INFO - Setting next_dagrun for flights_ops_medallion_pipe to 2026-04-09 00:00:00+00:00, run_after=2026-04-10 00:00:00+00:00
[2026-04-10T07:19:13.106+0000] {processor.py:183} INFO - Processing /opt/airflow/dags/flight-pipeline.py took 0.346 seconds
[2026-04-10T07:19:32.037+0000] {processor.py:161} INFO - Started process (PID=197) to work on /opt/airflow/dags/flight-pipeline.py
[2026-04-10T07:19:32.043+0000] {processor.py:830} INFO - Processing file /opt/airflow/dags/flight-pipeline.py for tasks to queue
[2026-04-10T07:19:32.049+0000] {logging_mixin.py:188} INFO - [2026-04-10T07:19:32.047+0000] {dagbag.py:545} INFO - Filling up the DagBag from /opt/airflow/dags/flight-pipeline.py
[2026-04-10T07:19:32.187+0000] {processor.py:840} INFO - DAG(s) 'flights_ops_medallion_pipe' retrieved from /opt/airflow/dags/flight-pipeline.py
[2026-04-10T07:19:32.331+0000] {logging_mixin.py:188} INFO - [2026-04-10T07:19:32.330+0000] {dag.py:3089} INFO - Sync 1 DAGs
[2026-04-10T07:19:32.455+0000] {logging_mixin.py:188} INFO - [2026-04-10T07:19:32.453+0000] {dag.py:3947} INFO - Setting next_dagrun for flights_ops_medallion_pipe to 2026-04-09 00:00:00+00:00, run_after=2026-04-10 00:00:00+00:00
[2026-04-10T07:19:32.575+0000] {processor.py:183} INFO - Processing /opt/airflow/dags/flight-pipeline.py took 0.561 seconds
[2026-04-10T07:19:45.583+0000] {processor.py:161} INFO - Started process (PID=198) to work on /opt/airflow/dags/flight-pipeline.py
[2026-04-10T07:19:45.587+0000] {processor.py:830} INFO - Processing file /opt/airflow/dags/flight-pipeline.py for tasks to queue
[2026-04-10T07:19:45.594+0000] {logging_mixin.py:188} INFO - [2026-04-10T07:19:45.593+0000] {dagbag.py:545} INFO - Filling up the DagBag from /opt/airflow/dags/flight-pipeline.py
[2026-04-10T07:19:45.732+0000] {processor.py:840} INFO - DAG(s) 'flights_ops_medallion_pipe' retrieved from /opt/airflow/dags/flight-pipeline.py
[2026-04-10T07:19:45.846+0000] {logging_mixin.py:188} INFO - [2026-04-10T07:19:45.846+0000] {dag.py:3089} INFO - Sync 1 DAGs
[2026-04-10T07:19:45.935+0000] {logging_mixin.py:188} INFO - [2026-04-10T07:19:45.935+0000] {dag.py:3947} INFO - Setting next_dagrun for flights_ops_medallion_pipe to 2026-04-09 00:00:00+00:00, run_after=2026-04-10 00:00:00+00:00
[2026-04-10T07:19:46.026+0000] {processor.py:183} INFO - Processing /opt/airflow/dags/flight-pipeline.py took 0.480 seconds
[2026-04-10T07:20:16.392+0000] {processor.py:161} INFO - Started process (PID=199) to work on /opt/airflow/dags/flight-pipeline.py
[2026-04-10T07:20:16.394+0000] {processor.py:830} INFO - Processing file /opt/airflow/dags/flight-pipeline.py for tasks to queue
[2026-04-10T07:20:16.397+0000] {logging_mixin.py:188} INFO - [2026-04-10T07:20:16.397+0000] {dagbag.py:545} INFO - Filling up the DagBag from /opt/airflow/dags/flight-pipeline.py
[2026-04-10T07:20:16.444+0000] {processor.py:840} INFO - DAG(s) 'flights_ops_medallion_pipe' retrieved from /opt/airflow/dags/flight-pipeline.py
[2026-04-10T07:20:16.500+0000] {logging_mixin.py:188} INFO - [2026-04-10T07:20:16.499+0000] {dag.py:3089} INFO - Sync 1 DAGs
[2026-04-10T07:20:16.538+0000] {logging_mixin.py:188} INFO - [2026-04-10T07:20:16.538+0000] {dag.py:3947} INFO - Setting next_dagrun for flights_ops_medallion_pipe to 2026-04-09 00:00:00+00:00, run_after=2026-04-10 00:00:00+00:00
[2026-04-10T07:20:16.569+0000] {processor.py:183} INFO - Processing /opt/airflow/dags/flight-pipeline.py took 0.192 seconds
[2026-04-10T07:20:43.735+0000] {processor.py:161} INFO - Started process (PID=200) to work on /opt/airflow/dags/flight-pipeline.py
[2026-04-10T07:20:43.736+0000] {processor.py:830} INFO - Processing file /opt/airflow/dags/flight-pipeline.py for tasks to queue
[2026-04-10T07:20:43.739+0000] {logging_mixin.py:188} INFO - [2026-04-10T07:20:43.739+0000] {dagbag.py:545} INFO - Filling up the DagBag from /opt/airflow/dags/flight-pipeline.py
[2026-04-10T07:20:43.791+0000] {processor.py:840} INFO - DAG(s) 'flights_ops_medallion_pipe' retrieved from /opt/airflow/dags/flight-pipeline.py
[2026-04-10T07:20:43.837+0000] {logging_mixin.py:188} INFO - [2026-04-10T07:20:43.837+0000] {dag.py:3089} INFO - Sync 1 DAGs
[2026-04-10T07:20:43.870+0000] {logging_mixin.py:188} INFO - [2026-04-10T07:20:43.869+0000] {dag.py:3947} INFO - Setting next_dagrun for flights_ops_medallion_pipe to 2026-04-09 00:00:00+00:00, run_after=2026-04-10 00:00:00+00:00
[2026-04-10T07:20:43.901+0000] {processor.py:183} INFO - Processing /opt/airflow/dags/flight-pipeline.py took 0.179 seconds
[2026-04-10T07:21:14.152+0000] {processor.py:161} INFO - Started process (PID=201) to work on /opt/airflow/dags/flight-pipeline.py
[2026-04-10T07:21:14.154+0000] {processor.py:830} INFO - Processing file /opt/airflow/dags/flight-pipeline.py for tasks to queue
[2026-04-10T07:21:14.157+0000] {logging_mixin.py:188} INFO - [2026-04-10T07:21:14.156+0000] {dagbag.py:545} INFO - Filling up the DagBag from /opt/airflow/dags/flight-pipeline.py
[2026-04-10T07:21:14.192+0000] {processor.py:840} INFO - DAG(s) 'flights_ops_medallion_pipe' retrieved from /opt/airflow/dags/flight-pipeline.py
[2026-04-10T07:21:14.233+0000] {logging_mixin.py:188} INFO - [2026-04-10T07:21:14.233+0000] {dag.py:3089} INFO - Sync 1 DAGs
[2026-04-10T07:21:14.262+0000] {logging_mixin.py:188} INFO - [2026-04-10T07:21:14.261+0000] {dag.py:3947} INFO - Setting next_dagrun for flights_ops_medallion_pipe to 2026-04-09 00:00:00+00:00, run_after=2026-04-10 00:00:00+00:00
[2026-04-10T07:21:14.288+0000] {processor.py:183} INFO - Processing /opt/airflow/dags/flight-pipeline.py took 0.144 seconds
[2026-04-10T07:21:44.466+0000] {processor.py:161} INFO - Started process (PID=202) to work on /opt/airflow/dags/flight-pipeline.py
[2026-04-10T07:21:44.467+0000] {processor.py:830} INFO - Processing file /opt/airflow/dags/flight-pipeline.py for tasks to queue
[2026-04-10T07:21:44.471+0000] {logging_mixin.py:188} INFO - [2026-04-10T07:21:44.470+0000] {dagbag.py:545} INFO - Filling up the DagBag from /opt/airflow/dags/flight-pipeline.py
[2026-04-10T07:21:44.524+0000] {processor.py:840} INFO - DAG(s) 'flights_ops_medallion_pipe' retrieved from /opt/airflow/dags/flight-pipeline.py
[2026-04-10T07:21:44.578+0000] {logging_mixin.py:188} INFO - [2026-04-10T07:21:44.578+0000] {dag.py:3089} INFO - Sync 1 DAGs
[2026-04-10T07:21:44.617+0000] {logging_mixin.py:188} INFO - [2026-04-10T07:21:44.617+0000] {dag.py:3947} INFO - Setting next_dagrun for flights_ops_medallion_pipe to 2026-04-09 00:00:00+00:00, run_after=2026-04-10 00:00:00+00:00
[2026-04-10T07:21:44.652+0000] {processor.py:183} INFO - Processing /opt/airflow/dags/flight-pipeline.py took 0.199 seconds
[2026-04-10T07:22:14.926+0000] {processor.py:161} INFO - Started process (PID=203) to work on /opt/airflow/dags/flight-pipeline.py
[2026-04-10T07:22:14.927+0000] {processor.py:830} INFO - Processing file /opt/airflow/dags/flight-pipeline.py for tasks to queue
[2026-04-10T07:22:14.931+0000] {logging_mixin.py:188} INFO - [2026-04-10T07:22:14.930+0000] {dagbag.py:545} INFO - Filling up the DagBag from /opt/airflow/dags/flight-pipeline.py
[2026-04-10T07:22:14.972+0000] {processor.py:840} INFO - DAG(s) 'flights_ops_medallion_pipe' retrieved from /opt/airflow/dags/flight-pipeline.py
[2026-04-10T07:22:15.017+0000] {logging_mixin.py:188} INFO - [2026-04-10T07:22:15.017+0000] {dag.py:3089} INFO - Sync 1 DAGs
[2026-04-10T07:22:15.050+0000] {logging_mixin.py:188} INFO - [2026-04-10T07:22:15.050+0000] {dag.py:3947} INFO - Setting next_dagrun for flights_ops_medallion_pipe to 2026-04-09 00:00:00+00:00, run_after=2026-04-10 00:00:00+00:00
[2026-04-10T07:22:15.081+0000] {processor.py:183} INFO - Processing /opt/airflow/dags/flight-pipeline.py took 0.163 seconds
[2026-04-10T07:22:45.242+0000] {processor.py:161} INFO - Started process (PID=204) to work on /opt/airflow/dags/flight-pipeline.py
[2026-04-10T07:22:45.243+0000] {processor.py:830} INFO - Processing file /opt/airflow/dags/flight-pipeline.py for tasks to queue
[2026-04-10T07:22:45.246+0000] {logging_mixin.py:188} INFO - [2026-04-10T07:22:45.246+0000] {dagbag.py:545} INFO - Filling up the DagBag from /opt/airflow/dags/flight-pipeline.py
[2026-04-10T07:22:45.292+0000] {processor.py:840} INFO - DAG(s) 'flights_ops_medallion_pipe' retrieved from /opt/airflow/dags/flight-pipeline.py
[2026-04-10T07:22:45.341+0000] {logging_mixin.py:188} INFO - [2026-04-10T07:22:45.340+0000] {dag.py:3089} INFO - Sync 1 DAGs
[2026-04-10T07:22:45.374+0000] {logging_mixin.py:188} INFO - [2026-04-10T07:22:45.373+0000] {dag.py:3947} INFO - Setting next_dagrun for flights_ops_medallion_pipe to 2026-04-09 00:00:00+00:00, run_after=2026-04-10 00:00:00+00:00
[2026-04-10T07:22:45.404+0000] {processor.py:183} INFO - Processing /opt/airflow/dags/flight-pipeline.py took 0.170 seconds
[2026-04-10T07:23:15.627+0000] {processor.py:161} INFO - Started process (PID=205) to work on /opt/airflow/dags/flight-pipeline.py
[2026-04-10T07:23:15.628+0000] {processor.py:830} INFO - Processing file /opt/airflow/dags/flight-pipeline.py for tasks to queue
[2026-04-10T07:23:15.631+0000] {logging_mixin.py:188} INFO - [2026-04-10T07:23:15.631+0000] {dagbag.py:545} INFO - Filling up the DagBag from /opt/airflow/dags/flight-pipeline.py
[2026-04-10T07:23:15.676+0000] {processor.py:840} INFO - DAG(s) 'flights_ops_medallion_pipe' retrieved from /opt/airflow/dags/flight-pipeline.py
[2026-04-10T07:23:15.720+0000] {logging_mixin.py:188} INFO - [2026-04-10T07:23:15.720+0000] {dag.py:3089} INFO - Sync 1 DAGs
[2026-04-10T07:23:15.751+0000] {logging_mixin.py:188} INFO - [2026-04-10T07:23:15.751+0000] {dag.py:3947} INFO - Setting next_dagrun for flights_ops_medallion_pipe to 2026-04-09 00:00:00+00:00, run_after=2026-04-10 00:00:00+00:00
[2026-04-10T07:23:15.780+0000] {processor.py:183} INFO - Processing /opt/airflow/dags/flight-pipeline.py took 0.161 seconds
[2026-04-10T07:23:45.946+0000] {processor.py:161} INFO - Started process (PID=206) to work on /opt/airflow/dags/flight-pipeline.py
[2026-04-10T07:23:45.948+0000] {processor.py:830} INFO - Processing file /opt/airflow/dags/flight-pipeline.py for tasks to queue
[2026-04-10T07:23:45.950+0000] {logging_mixin.py:188} INFO - [2026-04-10T07:23:45.950+0000] {dagbag.py:545} INFO - Filling up the DagBag from /opt/airflow/dags/flight-pipeline.py
[2026-04-10T07:23:45.998+0000] {processor.py:840} INFO - DAG(s) 'flights_ops_medallion_pipe' retrieved from /opt/airflow/dags/flight-pipeline.py
[2026-04-10T07:23:46.042+0000] {logging_mixin.py:188} INFO - [2026-04-10T07:23:46.041+0000] {dag.py:3089} INFO - Sync 1 DAGs
[2026-04-10T07:23:46.075+0000] {logging_mixin.py:188} INFO - [2026-04-10T07:23:46.075+0000] {dag.py:3947} INFO - Setting next_dagrun for flights_ops_medallion_pipe to 2026-04-09 00:00:00+00:00, run_after=2026-04-10 00:00:00+00:00
[2026-04-10T07:23:46.106+0000] {processor.py:183} INFO - Processing /opt/airflow/dags/flight-pipeline.py took 0.168 seconds
[2026-04-10T07:24:16.271+0000] {processor.py:161} INFO - Started process (PID=207) to work on /opt/airflow/dags/flight-pipeline.py
[2026-04-10T07:24:16.273+0000] {processor.py:830} INFO - Processing file /opt/airflow/dags/flight-pipeline.py for tasks to queue
[2026-04-10T07:24:16.277+0000] {logging_mixin.py:188} INFO - [2026-04-10T07:24:16.277+0000] {dagbag.py:545} INFO - Filling up the DagBag from /opt/airflow/dags/flight-pipeline.py
[2026-04-10T07:24:16.331+0000] {processor.py:840} INFO - DAG(s) 'flights_ops_medallion_pipe' retrieved from /opt/airflow/dags/flight-pipeline.py
[2026-04-10T07:24:16.384+0000] {logging_mixin.py:188} INFO - [2026-04-10T07:24:16.383+0000] {dag.py:3089} INFO - Sync 1 DAGs
[2026-04-10T07:24:16.420+0000] {logging_mixin.py:188} INFO - [2026-04-10T07:24:16.419+0000] {dag.py:3947} INFO - Setting next_dagrun for flights_ops_medallion_pipe to 2026-04-09 00:00:00+00:00, run_after=2026-04-10 00:00:00+00:00
[2026-04-10T07:24:16.453+0000] {processor.py:183} INFO - Processing /opt/airflow/dags/flight-pipeline.py took 0.193 seconds
[2026-04-10T07:24:21.567+0000] {processor.py:161} INFO - Started process (PID=208) to work on /opt/airflow/dags/flight-pipeline.py
[2026-04-10T07:24:21.570+0000] {processor.py:830} INFO - Processing file /opt/airflow/dags/flight-pipeline.py for tasks to queue
[2026-04-10T07:24:21.576+0000] {logging_mixin.py:188} INFO - [2026-04-10T07:24:21.576+0000] {dagbag.py:545} INFO - Filling up the DagBag from /opt/airflow/dags/flight-pipeline.py
[2026-04-10T07:24:21.651+0000] {processor.py:840} INFO - DAG(s) 'flights_ops_medallion_pipe' retrieved from /opt/airflow/dags/flight-pipeline.py
[2026-04-10T07:24:21.704+0000] {logging_mixin.py:188} INFO - [2026-04-10T07:24:21.703+0000] {dag.py:3089} INFO - Sync 1 DAGs
[2026-04-10T07:24:21.745+0000] {logging_mixin.py:188} INFO - [2026-04-10T07:24:21.744+0000] {dag.py:3947} INFO - Setting next_dagrun for flights_ops_medallion_pipe to 2026-04-09 00:00:00+00:00, run_after=2026-04-10 00:00:00+00:00
[2026-04-10T07:24:21.789+0000] {processor.py:183} INFO - Processing /opt/airflow/dags/flight-pipeline.py took 0.233 seconds
[2026-04-10T07:24:28.639+0000] {processor.py:161} INFO - Started process (PID=209) to work on /opt/airflow/dags/flight-pipeline.py
[2026-04-10T07:24:28.640+0000] {processor.py:830} INFO - Processing file /opt/airflow/dags/flight-pipeline.py for tasks to queue
[2026-04-10T07:24:28.645+0000] {logging_mixin.py:188} INFO - [2026-04-10T07:24:28.643+0000] {dagbag.py:545} INFO - Filling up the DagBag from /opt/airflow/dags/flight-pipeline.py
[2026-04-10T07:24:28.733+0000] {processor.py:840} INFO - DAG(s) 'flights_ops_medallion_pipe' retrieved from /opt/airflow/dags/flight-pipeline.py
[2026-04-10T07:24:28.781+0000] {logging_mixin.py:188} INFO - [2026-04-10T07:24:28.780+0000] {dag.py:3089} INFO - Sync 1 DAGs
[2026-04-10T07:24:28.830+0000] {logging_mixin.py:188} INFO - [2026-04-10T07:24:28.830+0000] {dag.py:3947} INFO - Setting next_dagrun for flights_ops_medallion_pipe to 2026-04-09 00:00:00+00:00, run_after=2026-04-10 00:00:00+00:00
[2026-04-10T07:24:28.867+0000] {processor.py:183} INFO - Processing /opt/airflow/dags/flight-pipeline.py took 0.240 seconds
[2026-04-10T07:24:46.056+0000] {processor.py:161} INFO - Started process (PID=210) to work on /opt/airflow/dags/flight-pipeline.py
[2026-04-10T07:24:46.058+0000] {processor.py:830} INFO - Processing file /opt/airflow/dags/flight-pipeline.py for tasks to queue
[2026-04-10T07:24:46.061+0000] {logging_mixin.py:188} INFO - [2026-04-10T07:24:46.060+0000] {dagbag.py:545} INFO - Filling up the DagBag from /opt/airflow/dags/flight-pipeline.py
[2026-04-10T07:24:46.124+0000] {processor.py:840} INFO - DAG(s) 'flights_ops_medallion_pipe' retrieved from /opt/airflow/dags/flight-pipeline.py
[2026-04-10T07:24:46.170+0000] {logging_mixin.py:188} INFO - [2026-04-10T07:24:46.170+0000] {dag.py:3089} INFO - Sync 1 DAGs
[2026-04-10T07:24:46.204+0000] {logging_mixin.py:188} INFO - [2026-04-10T07:24:46.204+0000] {dag.py:3947} INFO - Setting next_dagrun for flights_ops_medallion_pipe to 2026-04-09 00:00:00+00:00, run_after=2026-04-10 00:00:00+00:00
[2026-04-10T07:24:46.243+0000] {processor.py:183} INFO - Processing /opt/airflow/dags/flight-pipeline.py took 0.195 seconds
[2026-04-10T07:25:13.282+0000] {processor.py:161} INFO - Started process (PID=211) to work on /opt/airflow/dags/flight-pipeline.py
[2026-04-10T07:25:13.284+0000] {processor.py:830} INFO - Processing file /opt/airflow/dags/flight-pipeline.py for tasks to queue
[2026-04-10T07:25:13.287+0000] {logging_mixin.py:188} INFO - [2026-04-10T07:25:13.286+0000] {dagbag.py:545} INFO - Filling up the DagBag from /opt/airflow/dags/flight-pipeline.py
[2026-04-10T07:25:13.343+0000] {processor.py:840} INFO - DAG(s) 'flights_ops_medallion_pipe' retrieved from /opt/airflow/dags/flight-pipeline.py
[2026-04-10T07:25:13.388+0000] {logging_mixin.py:188} INFO - [2026-04-10T07:25:13.388+0000] {dag.py:3089} INFO - Sync 1 DAGs
[2026-04-10T07:25:13.423+0000] {logging_mixin.py:188} INFO - [2026-04-10T07:25:13.422+0000] {dag.py:3947} INFO - Setting next_dagrun for flights_ops_medallion_pipe to 2026-04-09 00:00:00+00:00, run_after=2026-04-10 00:00:00+00:00
[2026-04-10T07:25:13.464+0000] {processor.py:183} INFO - Processing /opt/airflow/dags/flight-pipeline.py took 0.193 seconds
[2026-04-10T07:25:43.725+0000] {processor.py:161} INFO - Started process (PID=212) to work on /opt/airflow/dags/flight-pipeline.py
[2026-04-10T07:25:43.727+0000] {processor.py:830} INFO - Processing file /opt/airflow/dags/flight-pipeline.py for tasks to queue
[2026-04-10T07:25:43.730+0000] {logging_mixin.py:188} INFO - [2026-04-10T07:25:43.729+0000] {dagbag.py:545} INFO - Filling up the DagBag from /opt/airflow/dags/flight-pipeline.py
[2026-04-10T07:25:43.772+0000] {processor.py:840} INFO - DAG(s) 'flights_ops_medallion_pipe' retrieved from /opt/airflow/dags/flight-pipeline.py
[2026-04-10T07:25:43.819+0000] {logging_mixin.py:188} INFO - [2026-04-10T07:25:43.819+0000] {dag.py:3089} INFO - Sync 1 DAGs
[2026-04-10T07:25:43.856+0000] {logging_mixin.py:188} INFO - [2026-04-10T07:25:43.856+0000] {dag.py:3947} INFO - Setting next_dagrun for flights_ops_medallion_pipe to 2026-04-09 00:00:00+00:00, run_after=2026-04-10 00:00:00+00:00
[2026-04-10T07:25:43.887+0000] {processor.py:183} INFO - Processing /opt/airflow/dags/flight-pipeline.py took 0.171 seconds
[2026-04-10T07:26:14.057+0000] {processor.py:161} INFO - Started process (PID=213) to work on /opt/airflow/dags/flight-pipeline.py
[2026-04-10T07:26:14.059+0000] {processor.py:830} INFO - Processing file /opt/airflow/dags/flight-pipeline.py for tasks to queue
[2026-04-10T07:26:14.062+0000] {logging_mixin.py:188} INFO - [2026-04-10T07:26:14.062+0000] {dagbag.py:545} INFO - Filling up the DagBag from /opt/airflow/dags/flight-pipeline.py
[2026-04-10T07:26:14.103+0000] {processor.py:840} INFO - DAG(s) 'flights_ops_medallion_pipe' retrieved from /opt/airflow/dags/flight-pipeline.py
[2026-04-10T07:26:14.150+0000] {logging_mixin.py:188} INFO - [2026-04-10T07:26:14.150+0000] {dag.py:3089} INFO - Sync 1 DAGs
[2026-04-10T07:26:14.182+0000] {logging_mixin.py:188} INFO - [2026-04-10T07:26:14.181+0000] {dag.py:3947} INFO - Setting next_dagrun for flights_ops_medallion_pipe to 2026-04-09 00:00:00+00:00, run_after=2026-04-10 00:00:00+00:00
[2026-04-10T07:26:14.211+0000] {processor.py:183} INFO - Processing /opt/airflow/dags/flight-pipeline.py took 0.164 seconds
[2026-04-10T07:26:44.522+0000] {processor.py:161} INFO - Started process (PID=223) to work on /opt/airflow/dags/flight-pipeline.py
[2026-04-10T07:26:44.523+0000] {processor.py:830} INFO - Processing file /opt/airflow/dags/flight-pipeline.py for tasks to queue
[2026-04-10T07:26:44.525+0000] {logging_mixin.py:188} INFO - [2026-04-10T07:26:44.525+0000] {dagbag.py:545} INFO - Filling up the DagBag from /opt/airflow/dags/flight-pipeline.py
[2026-04-10T07:26:44.561+0000] {processor.py:840} INFO - DAG(s) 'flights_ops_medallion_pipe' retrieved from /opt/airflow/dags/flight-pipeline.py
[2026-04-10T07:26:44.600+0000] {logging_mixin.py:188} INFO - [2026-04-10T07:26:44.600+0000] {dag.py:3089} INFO - Sync 1 DAGs
[2026-04-10T07:26:44.629+0000] {logging_mixin.py:188} INFO - [2026-04-10T07:26:44.629+0000] {dag.py:3947} INFO - Setting next_dagrun for flights_ops_medallion_pipe to 2026-04-10 00:00:00+00:00, run_after=2026-04-11 00:00:00+00:00
[2026-04-10T07:26:44.657+0000] {processor.py:183} INFO - Processing /opt/airflow/dags/flight-pipeline.py took 0.142 seconds
[2026-04-10T07:27:14.852+0000] {processor.py:161} INFO - Started process (PID=224) to work on /opt/airflow/dags/flight-pipeline.py
[2026-04-10T07:27:14.854+0000] {processor.py:830} INFO - Processing file /opt/airflow/dags/flight-pipeline.py for tasks to queue
[2026-04-10T07:27:14.859+0000] {logging_mixin.py:188} INFO - [2026-04-10T07:27:14.858+0000] {dagbag.py:545} INFO - Filling up the DagBag from /opt/airflow/dags/flight-pipeline.py
[2026-04-10T07:27:14.932+0000] {processor.py:840} INFO - DAG(s) 'flights_ops_medallion_pipe' retrieved from /opt/airflow/dags/flight-pipeline.py
[2026-04-10T07:27:14.998+0000] {logging_mixin.py:188} INFO - [2026-04-10T07:27:14.997+0000] {dag.py:3089} INFO - Sync 1 DAGs
[2026-04-10T07:27:15.040+0000] {logging_mixin.py:188} INFO - [2026-04-10T07:27:15.040+0000] {dag.py:3947} INFO - Setting next_dagrun for flights_ops_medallion_pipe to 2026-04-10 00:00:00+00:00, run_after=2026-04-11 00:00:00+00:00
[2026-04-10T07:27:15.076+0000] {processor.py:183} INFO - Processing /opt/airflow/dags/flight-pipeline.py took 0.238 seconds
[2026-04-10T07:27:45.436+0000] {processor.py:161} INFO - Started process (PID=225) to work on /opt/airflow/dags/flight-pipeline.py
[2026-04-10T07:27:45.439+0000] {processor.py:830} INFO - Processing file /opt/airflow/dags/flight-pipeline.py for tasks to queue
[2026-04-10T07:27:45.444+0000] {logging_mixin.py:188} INFO - [2026-04-10T07:27:45.443+0000] {dagbag.py:545} INFO - Filling up the DagBag from /opt/airflow/dags/flight-pipeline.py
[2026-04-10T07:27:45.499+0000] {processor.py:840} INFO - DAG(s) 'flights_ops_medallion_pipe' retrieved from /opt/airflow/dags/flight-pipeline.py
[2026-04-10T07:27:45.554+0000] {logging_mixin.py:188} INFO - [2026-04-10T07:27:45.554+0000] {dag.py:3089} INFO - Sync 1 DAGs
[2026-04-10T07:27:45.590+0000] {logging_mixin.py:188} INFO - [2026-04-10T07:27:45.590+0000] {dag.py:3947} INFO - Setting next_dagrun for flights_ops_medallion_pipe to 2026-04-10 00:00:00+00:00, run_after=2026-04-11 00:00:00+00:00
[2026-04-10T07:27:45.620+0000] {processor.py:183} INFO - Processing /opt/airflow/dags/flight-pipeline.py took 0.197 seconds
[2026-04-10T07:28:15.808+0000] {processor.py:161} INFO - Started process (PID=226) to work on /opt/airflow/dags/flight-pipeline.py
[2026-04-10T07:28:15.810+0000] {processor.py:830} INFO - Processing file /opt/airflow/dags/flight-pipeline.py for tasks to queue
[2026-04-10T07:28:15.812+0000] {logging_mixin.py:188} INFO - [2026-04-10T07:28:15.812+0000] {dagbag.py:545} INFO - Filling up the DagBag from /opt/airflow/dags/flight-pipeline.py
[2026-04-10T07:28:15.849+0000] {processor.py:840} INFO - DAG(s) 'flights_ops_medallion_pipe' retrieved from /opt/airflow/dags/flight-pipeline.py
[2026-04-10T07:28:15.889+0000] {logging_mixin.py:188} INFO - [2026-04-10T07:28:15.889+0000] {dag.py:3089} INFO - Sync 1 DAGs
[2026-04-10T07:28:15.921+0000] {logging_mixin.py:188} INFO - [2026-04-10T07:28:15.921+0000] {dag.py:3947} INFO - Setting next_dagrun for flights_ops_medallion_pipe to 2026-04-10 00:00:00+00:00, run_after=2026-04-11 00:00:00+00:00
[2026-04-10T07:28:15.950+0000] {processor.py:183} INFO - Processing /opt/airflow/dags/flight-pipeline.py took 0.149 seconds
[2026-04-10T07:28:46.258+0000] {processor.py:161} INFO - Started process (PID=227) to work on /opt/airflow/dags/flight-pipeline.py
[2026-04-10T07:28:46.259+0000] {processor.py:830} INFO - Processing file /opt/airflow/dags/flight-pipeline.py for tasks to queue
[2026-04-10T07:28:46.261+0000] {logging_mixin.py:188} INFO - [2026-04-10T07:28:46.261+0000] {dagbag.py:545} INFO - Filling up the DagBag from /opt/airflow/dags/flight-pipeline.py
[2026-04-10T07:28:46.296+0000] {processor.py:840} INFO - DAG(s) 'flights_ops_medallion_pipe' retrieved from /opt/airflow/dags/flight-pipeline.py
[2026-04-10T07:28:46.335+0000] {logging_mixin.py:188} INFO - [2026-04-10T07:28:46.334+0000] {dag.py:3089} INFO - Sync 1 DAGs
[2026-04-10T07:28:46.367+0000] {logging_mixin.py:188} INFO - [2026-04-10T07:28:46.367+0000] {dag.py:3947} INFO - Setting next_dagrun for flights_ops_medallion_pipe to 2026-04-10 00:00:00+00:00, run_after=2026-04-11 00:00:00+00:00
[2026-04-10T07:28:46.398+0000] {processor.py:183} INFO - Processing /opt/airflow/dags/flight-pipeline.py took 0.148 seconds
[2026-04-10T07:29:16.583+0000] {processor.py:161} INFO - Started process (PID=228) to work on /opt/airflow/dags/flight-pipeline.py
[2026-04-10T07:29:16.584+0000] {processor.py:830} INFO - Processing file /opt/airflow/dags/flight-pipeline.py for tasks to queue
[2026-04-10T07:29:16.586+0000] {logging_mixin.py:188} INFO - [2026-04-10T07:29:16.586+0000] {dagbag.py:545} INFO - Filling up the DagBag from /opt/airflow/dags/flight-pipeline.py
[2026-04-10T07:29:16.623+0000] {processor.py:840} INFO - DAG(s) 'flights_ops_medallion_pipe' retrieved from /opt/airflow/dags/flight-pipeline.py
[2026-04-10T07:29:16.662+0000] {logging_mixin.py:188} INFO - [2026-04-10T07:29:16.662+0000] {dag.py:3089} INFO - Sync 1 DAGs
[2026-04-10T07:29:16.695+0000] {logging_mixin.py:188} INFO - [2026-04-10T07:29:16.695+0000] {dag.py:3947} INFO - Setting next_dagrun for flights_ops_medallion_pipe to 2026-04-10 00:00:00+00:00, run_after=2026-04-11 00:00:00+00:00
[2026-04-10T07:29:16.724+0000] {processor.py:183} INFO - Processing /opt/airflow/dags/flight-pipeline.py took 0.149 seconds
[2026-04-10T07:29:47.051+0000] {processor.py:161} INFO - Started process (PID=229) to work on /opt/airflow/dags/flight-pipeline.py
[2026-04-10T07:29:47.053+0000] {processor.py:830} INFO - Processing file /opt/airflow/dags/flight-pipeline.py for tasks to queue
[2026-04-10T07:29:47.057+0000] {logging_mixin.py:188} INFO - [2026-04-10T07:29:47.056+0000] {dagbag.py:545} INFO - Filling up the DagBag from /opt/airflow/dags/flight-pipeline.py
[2026-04-10T07:29:47.104+0000] {processor.py:840} INFO - DAG(s) 'flights_ops_medallion_pipe' retrieved from /opt/airflow/dags/flight-pipeline.py
[2026-04-10T07:29:47.157+0000] {logging_mixin.py:188} INFO - [2026-04-10T07:29:47.156+0000] {dag.py:3089} INFO - Sync 1 DAGs
[2026-04-10T07:29:47.192+0000] {logging_mixin.py:188} INFO - [2026-04-10T07:29:47.191+0000] {dag.py:3947} INFO - Setting next_dagrun for flights_ops_medallion_pipe to 2026-04-10 00:00:00+00:00, run_after=2026-04-11 00:00:00+00:00
[2026-04-10T07:29:47.227+0000] {processor.py:183} INFO - Processing /opt/airflow/dags/flight-pipeline.py took 0.188 seconds
[2026-04-10T07:30:17.386+0000] {processor.py:161} INFO - Started process (PID=231) to work on /opt/airflow/dags/flight-pipeline.py
[2026-04-10T07:30:17.388+0000] {processor.py:830} INFO - Processing file /opt/airflow/dags/flight-pipeline.py for tasks to queue
[2026-04-10T07:30:17.392+0000] {logging_mixin.py:188} INFO - [2026-04-10T07:30:17.391+0000] {dagbag.py:545} INFO - Filling up the DagBag from /opt/airflow/dags/flight-pipeline.py
[2026-04-10T07:30:17.440+0000] {processor.py:840} INFO - DAG(s) 'flights_ops_medallion_pipe' retrieved from /opt/airflow/dags/flight-pipeline.py
[2026-04-10T07:30:17.495+0000] {logging_mixin.py:188} INFO - [2026-04-10T07:30:17.495+0000] {dag.py:3089} INFO - Sync 1 DAGs
[2026-04-10T07:30:17.535+0000] {logging_mixin.py:188} INFO - [2026-04-10T07:30:17.534+0000] {dag.py:3947} INFO - Setting next_dagrun for flights_ops_medallion_pipe to 2026-04-10 00:00:00+00:00, run_after=2026-04-11 00:00:00+00:00
[2026-04-10T07:30:17.559+0000] {processor.py:183} INFO - Processing /opt/airflow/dags/flight-pipeline.py took 0.185 seconds
[2026-04-10T07:30:47.910+0000] {processor.py:161} INFO - Started process (PID=240) to work on /opt/airflow/dags/flight-pipeline.py
[2026-04-10T07:30:47.913+0000] {processor.py:830} INFO - Processing file /opt/airflow/dags/flight-pipeline.py for tasks to queue
[2026-04-10T07:30:47.917+0000] {logging_mixin.py:188} INFO - [2026-04-10T07:30:47.916+0000] {dagbag.py:545} INFO - Filling up the DagBag from /opt/airflow/dags/flight-pipeline.py
[2026-04-10T07:30:47.955+0000] {processor.py:840} INFO - DAG(s) 'flights_ops_medallion_pipe' retrieved from /opt/airflow/dags/flight-pipeline.py
[2026-04-10T07:30:47.999+0000] {logging_mixin.py:188} INFO - [2026-04-10T07:30:47.999+0000] {dag.py:3089} INFO - Sync 1 DAGs
[2026-04-10T07:30:48.031+0000] {logging_mixin.py:188} INFO - [2026-04-10T07:30:48.031+0000] {dag.py:3947} INFO - Setting next_dagrun for flights_ops_medallion_pipe to 2026-04-10 00:00:00+00:00, run_after=2026-04-11 00:00:00+00:00
[2026-04-10T07:30:48.061+0000] {processor.py:183} INFO - Processing /opt/airflow/dags/flight-pipeline.py took 0.158 seconds
[2026-04-10T07:31:18.248+0000] {processor.py:161} INFO - Started process (PID=241) to work on /opt/airflow/dags/flight-pipeline.py
[2026-04-10T07:31:18.250+0000] {processor.py:830} INFO - Processing file /opt/airflow/dags/flight-pipeline.py for tasks to queue
[2026-04-10T07:31:18.253+0000] {logging_mixin.py:188} INFO - [2026-04-10T07:31:18.253+0000] {dagbag.py:545} INFO - Filling up the DagBag from /opt/airflow/dags/flight-pipeline.py
[2026-04-10T07:31:18.306+0000] {processor.py:840} INFO - DAG(s) 'flights_ops_medallion_pipe' retrieved from /opt/airflow/dags/flight-pipeline.py
[2026-04-10T07:31:18.347+0000] {logging_mixin.py:188} INFO - [2026-04-10T07:31:18.347+0000] {dag.py:3089} INFO - Sync 1 DAGs
[2026-04-10T07:31:18.380+0000] {logging_mixin.py:188} INFO - [2026-04-10T07:31:18.380+0000] {dag.py:3947} INFO - Setting next_dagrun for flights_ops_medallion_pipe to 2026-04-10 00:00:00+00:00, run_after=2026-04-11 00:00:00+00:00
[2026-04-10T07:31:18.407+0000] {processor.py:183} INFO - Processing /opt/airflow/dags/flight-pipeline.py took 0.167 seconds
[2026-04-10T07:31:33.667+0000] {processor.py:161} INFO - Started process (PID=242) to work on /opt/airflow/dags/flight-pipeline.py
[2026-04-10T07:31:33.668+0000] {processor.py:830} INFO - Processing file /opt/airflow/dags/flight-pipeline.py for tasks to queue
[2026-04-10T07:31:33.671+0000] {logging_mixin.py:188} INFO - [2026-04-10T07:31:33.671+0000] {dagbag.py:545} INFO - Filling up the DagBag from /opt/airflow/dags/flight-pipeline.py
[2026-04-10T07:31:33.717+0000] {processor.py:840} INFO - DAG(s) 'flights_ops_medallion_pipe' retrieved from /opt/airflow/dags/flight-pipeline.py
[2026-04-10T07:31:33.759+0000] {logging_mixin.py:188} INFO - [2026-04-10T07:31:33.759+0000] {dag.py:3089} INFO - Sync 1 DAGs
[2026-04-10T07:31:33.791+0000] {logging_mixin.py:188} INFO - [2026-04-10T07:31:33.790+0000] {dag.py:3947} INFO - Setting next_dagrun for flights_ops_medallion_pipe to 2026-04-10 00:00:00+00:00, run_after=2026-04-11 00:00:00+00:00
[2026-04-10T07:31:33.821+0000] {processor.py:183} INFO - Processing /opt/airflow/dags/flight-pipeline.py took 0.161 seconds
[2026-04-10T07:32:04.068+0000] {processor.py:161} INFO - Started process (PID=243) to work on /opt/airflow/dags/flight-pipeline.py
[2026-04-10T07:32:04.069+0000] {processor.py:830} INFO - Processing file /opt/airflow/dags/flight-pipeline.py for tasks to queue
[2026-04-10T07:32:04.072+0000] {logging_mixin.py:188} INFO - [2026-04-10T07:32:04.071+0000] {dagbag.py:545} INFO - Filling up the DagBag from /opt/airflow/dags/flight-pipeline.py
[2026-04-10T07:32:04.109+0000] {processor.py:840} INFO - DAG(s) 'flights_ops_medallion_pipe' retrieved from /opt/airflow/dags/flight-pipeline.py
[2026-04-10T07:32:04.152+0000] {logging_mixin.py:188} INFO - [2026-04-10T07:32:04.151+0000] {dag.py:3089} INFO - Sync 1 DAGs
[2026-04-10T07:32:04.182+0000] {logging_mixin.py:188} INFO - [2026-04-10T07:32:04.182+0000] {dag.py:3947} INFO - Setting next_dagrun for flights_ops_medallion_pipe to 2026-04-10 00:00:00+00:00, run_after=2026-04-11 00:00:00+00:00
[2026-04-10T07:32:04.209+0000] {processor.py:183} INFO - Processing /opt/airflow/dags/flight-pipeline.py took 0.149 seconds
[2026-04-10T07:32:34.567+0000] {processor.py:161} INFO - Started process (PID=244) to work on /opt/airflow/dags/flight-pipeline.py
[2026-04-10T07:32:34.568+0000] {processor.py:830} INFO - Processing file /opt/airflow/dags/flight-pipeline.py for tasks to queue
[2026-04-10T07:32:34.570+0000] {logging_mixin.py:188} INFO - [2026-04-10T07:32:34.570+0000] {dagbag.py:545} INFO - Filling up the DagBag from /opt/airflow/dags/flight-pipeline.py
[2026-04-10T07:32:34.606+0000] {processor.py:840} INFO - DAG(s) 'flights_ops_medallion_pipe' retrieved from /opt/airflow/dags/flight-pipeline.py
[2026-04-10T07:32:34.642+0000] {logging_mixin.py:188} INFO - [2026-04-10T07:32:34.641+0000] {dag.py:3089} INFO - Sync 1 DAGs
[2026-04-10T07:32:34.671+0000] {logging_mixin.py:188} INFO - [2026-04-10T07:32:34.671+0000] {dag.py:3947} INFO - Setting next_dagrun for flights_ops_medallion_pipe to 2026-04-10 00:00:00+00:00, run_after=2026-04-11 00:00:00+00:00
[2026-04-10T07:32:34.698+0000] {processor.py:183} INFO - Processing /opt/airflow/dags/flight-pipeline.py took 0.138 seconds
[2026-04-10T07:33:04.936+0000] {processor.py:161} INFO - Started process (PID=245) to work on /opt/airflow/dags/flight-pipeline.py
[2026-04-10T07:33:04.937+0000] {processor.py:830} INFO - Processing file /opt/airflow/dags/flight-pipeline.py for tasks to queue
[2026-04-10T07:33:04.939+0000] {logging_mixin.py:188} INFO - [2026-04-10T07:33:04.939+0000] {dagbag.py:545} INFO - Filling up the DagBag from /opt/airflow/dags/flight-pipeline.py
[2026-04-10T07:33:04.974+0000] {processor.py:840} INFO - DAG(s) 'flights_ops_medallion_pipe' retrieved from /opt/airflow/dags/flight-pipeline.py
[2026-04-10T07:33:05.014+0000] {logging_mixin.py:188} INFO - [2026-04-10T07:33:05.014+0000] {dag.py:3089} INFO - Sync 1 DAGs
[2026-04-10T07:33:05.043+0000] {logging_mixin.py:188} INFO - [2026-04-10T07:33:05.043+0000] {dag.py:3947} INFO - Setting next_dagrun for flights_ops_medallion_pipe to 2026-04-10 00:00:00+00:00, run_after=2026-04-11 00:00:00+00:00
[2026-04-10T07:33:05.072+0000] {processor.py:183} INFO - Processing /opt/airflow/dags/flight-pipeline.py took 0.144 seconds
[2026-04-10T07:33:35.372+0000] {processor.py:161} INFO - Started process (PID=246) to work on /opt/airflow/dags/flight-pipeline.py
[2026-04-10T07:33:35.374+0000] {processor.py:830} INFO - Processing file /opt/airflow/dags/flight-pipeline.py for tasks to queue
[2026-04-10T07:33:35.378+0000] {logging_mixin.py:188} INFO - [2026-04-10T07:33:35.377+0000] {dagbag.py:545} INFO - Filling up the DagBag from /opt/airflow/dags/flight-pipeline.py
[2026-04-10T07:33:35.416+0000] {processor.py:840} INFO - DAG(s) 'flights_ops_medallion_pipe' retrieved from /opt/airflow/dags/flight-pipeline.py
[2026-04-10T07:33:35.461+0000] {logging_mixin.py:188} INFO - [2026-04-10T07:33:35.461+0000] {dag.py:3089} INFO - Sync 1 DAGs
[2026-04-10T07:33:35.494+0000] {logging_mixin.py:188} INFO - [2026-04-10T07:33:35.493+0000] {dag.py:3947} INFO - Setting next_dagrun for flights_ops_medallion_pipe to 2026-04-10 00:00:00+00:00, run_after=2026-04-11 00:00:00+00:00
[2026-04-10T07:33:35.520+0000] {processor.py:183} INFO - Processing /opt/airflow/dags/flight-pipeline.py took 0.156 seconds
[2026-04-10T07:33:50.563+0000] {processor.py:161} INFO - Started process (PID=247) to work on /opt/airflow/dags/flight-pipeline.py
[2026-04-10T07:33:50.565+0000] {processor.py:830} INFO - Processing file /opt/airflow/dags/flight-pipeline.py for tasks to queue
[2026-04-10T07:33:50.568+0000] {logging_mixin.py:188} INFO - [2026-04-10T07:33:50.567+0000] {dagbag.py:545} INFO - Filling up the DagBag from /opt/airflow/dags/flight-pipeline.py
[2026-04-10T07:33:50.639+0000] {processor.py:840} INFO - DAG(s) 'flights_ops_medallion_pipe' retrieved from /opt/airflow/dags/flight-pipeline.py
[2026-04-10T07:33:50.687+0000] {logging_mixin.py:188} INFO - [2026-04-10T07:33:50.686+0000] {dag.py:3089} INFO - Sync 1 DAGs
[2026-04-10T07:33:50.718+0000] {logging_mixin.py:188} INFO - [2026-04-10T07:33:50.718+0000] {dag.py:3947} INFO - Setting next_dagrun for flights_ops_medallion_pipe to 2026-04-10 00:00:00+00:00, run_after=2026-04-11 00:00:00+00:00
[2026-04-10T07:33:50.760+0000] {processor.py:183} INFO - Processing /opt/airflow/dags/flight-pipeline.py took 0.208 seconds
[2026-04-10T07:33:52.727+0000] {processor.py:161} INFO - Started process (PID=248) to work on /opt/airflow/dags/flight-pipeline.py
[2026-04-10T07:33:52.728+0000] {processor.py:830} INFO - Processing file /opt/airflow/dags/flight-pipeline.py for tasks to queue
[2026-04-10T07:33:52.732+0000] {logging_mixin.py:188} INFO - [2026-04-10T07:33:52.731+0000] {dagbag.py:545} INFO - Filling up the DagBag from /opt/airflow/dags/flight-pipeline.py
[2026-04-10T07:33:52.785+0000] {processor.py:840} INFO - DAG(s) 'flights_ops_medallion_pipe' retrieved from /opt/airflow/dags/flight-pipeline.py
[2026-04-10T07:33:52.831+0000] {logging_mixin.py:188} INFO - [2026-04-10T07:33:52.831+0000] {dag.py:3089} INFO - Sync 1 DAGs
[2026-04-10T07:33:52.866+0000] {logging_mixin.py:188} INFO - [2026-04-10T07:33:52.866+0000] {dag.py:3947} INFO - Setting next_dagrun for flights_ops_medallion_pipe to 2026-04-10 00:00:00+00:00, run_after=2026-04-11 00:00:00+00:00
[2026-04-10T07:33:52.906+0000] {processor.py:183} INFO - Processing /opt/airflow/dags/flight-pipeline.py took 0.189 seconds
[2026-04-10T07:34:23.190+0000] {processor.py:161} INFO - Started process (PID=249) to work on /opt/airflow/dags/flight-pipeline.py
[2026-04-10T07:34:23.192+0000] {processor.py:830} INFO - Processing file /opt/airflow/dags/flight-pipeline.py for tasks to queue
[2026-04-10T07:34:23.197+0000] {logging_mixin.py:188} INFO - [2026-04-10T07:34:23.196+0000] {dagbag.py:545} INFO - Filling up the DagBag from /opt/airflow/dags/flight-pipeline.py
[2026-04-10T07:34:23.247+0000] {processor.py:840} INFO - DAG(s) 'flights_ops_medallion_pipe' retrieved from /opt/airflow/dags/flight-pipeline.py
[2026-04-10T07:34:23.295+0000] {logging_mixin.py:188} INFO - [2026-04-10T07:34:23.295+0000] {dag.py:3089} INFO - Sync 1 DAGs
[2026-04-10T07:34:23.335+0000] {logging_mixin.py:188} INFO - [2026-04-10T07:34:23.335+0000] {dag.py:3947} INFO - Setting next_dagrun for flights_ops_medallion_pipe to 2026-04-10 00:00:00+00:00, run_after=2026-04-11 00:00:00+00:00
[2026-04-10T07:34:23.364+0000] {processor.py:183} INFO - Processing /opt/airflow/dags/flight-pipeline.py took 0.184 seconds
[2026-04-10T07:34:53.583+0000] {processor.py:161} INFO - Started process (PID=250) to work on /opt/airflow/dags/flight-pipeline.py
[2026-04-10T07:34:53.584+0000] {processor.py:830} INFO - Processing file /opt/airflow/dags/flight-pipeline.py for tasks to queue
[2026-04-10T07:34:53.587+0000] {logging_mixin.py:188} INFO - [2026-04-10T07:34:53.587+0000] {dagbag.py:545} INFO - Filling up the DagBag from /opt/airflow/dags/flight-pipeline.py
[2026-04-10T07:34:53.635+0000] {processor.py:840} INFO - DAG(s) 'flights_ops_medallion_pipe' retrieved from /opt/airflow/dags/flight-pipeline.py
[2026-04-10T07:34:53.681+0000] {logging_mixin.py:188} INFO - [2026-04-10T07:34:53.680+0000] {dag.py:3089} INFO - Sync 1 DAGs
[2026-04-10T07:34:53.714+0000] {logging_mixin.py:188} INFO - [2026-04-10T07:34:53.713+0000] {dag.py:3947} INFO - Setting next_dagrun for flights_ops_medallion_pipe to 2026-04-10 00:00:00+00:00, run_after=2026-04-11 00:00:00+00:00
[2026-04-10T07:34:53.746+0000] {processor.py:183} INFO - Processing /opt/airflow/dags/flight-pipeline.py took 0.172 seconds
[2026-04-10T07:35:23.959+0000] {processor.py:161} INFO - Started process (PID=251) to work on /opt/airflow/dags/flight-pipeline.py
[2026-04-10T07:35:23.961+0000] {processor.py:830} INFO - Processing file /opt/airflow/dags/flight-pipeline.py for tasks to queue
[2026-04-10T07:35:23.967+0000] {logging_mixin.py:188} INFO - [2026-04-10T07:35:23.965+0000] {dagbag.py:545} INFO - Filling up the DagBag from /opt/airflow/dags/flight-pipeline.py
[2026-04-10T07:35:24.015+0000] {processor.py:840} INFO - DAG(s) 'flights_ops_medallion_pipe' retrieved from /opt/airflow/dags/flight-pipeline.py
[2026-04-10T07:35:24.062+0000] {logging_mixin.py:188} INFO - [2026-04-10T07:35:24.062+0000] {dag.py:3089} INFO - Sync 1 DAGs
[2026-04-10T07:35:24.100+0000] {logging_mixin.py:188} INFO - [2026-04-10T07:35:24.099+0000] {dag.py:3947} INFO - Setting next_dagrun for flights_ops_medallion_pipe to 2026-04-10 00:00:00+00:00, run_after=2026-04-11 00:00:00+00:00
[2026-04-10T07:35:24.129+0000] {processor.py:183} INFO - Processing /opt/airflow/dags/flight-pipeline.py took 0.183 seconds
[2026-04-10T07:35:48.427+0000] {processor.py:161} INFO - Started process (PID=252) to work on /opt/airflow/dags/flight-pipeline.py
[2026-04-10T07:35:48.429+0000] {processor.py:830} INFO - Processing file /opt/airflow/dags/flight-pipeline.py for tasks to queue
[2026-04-10T07:35:48.434+0000] {logging_mixin.py:188} INFO - [2026-04-10T07:35:48.434+0000] {dagbag.py:545} INFO - Filling up the DagBag from /opt/airflow/dags/flight-pipeline.py
[2026-04-10T07:35:48.475+0000] {logging_mixin.py:188} INFO - [2026-04-10T07:35:48.469+0000] {dagbag.py:355} ERROR - Failed to import: /opt/airflow/dags/flight-pipeline.py
Traceback (most recent call last):
  File "/home/airflow/.local/lib/python3.12/site-packages/airflow/models/dagbag.py", line 351, in parse
    loader.exec_module(new_module)
  File "<frozen importlib._bootstrap_external>", line 995, in exec_module
  File "<frozen importlib._bootstrap>", line 488, in _call_with_frames_removed
  File "/opt/airflow/dags/flight-pipeline.py", line 5, in <module>
    from airflow.providers.standard.operators.python import PythonOperator
ModuleNotFoundError: No module named 'airflow.providers.standard'
[2026-04-10T07:35:48.478+0000] {processor.py:842} WARNING - No viable dags retrieved from /opt/airflow/dags/flight-pipeline.py
[2026-04-10T07:35:48.520+0000] {processor.py:183} INFO - Processing /opt/airflow/dags/flight-pipeline.py took 0.103 seconds
[2026-04-10T07:35:52.630+0000] {processor.py:161} INFO - Started process (PID=253) to work on /opt/airflow/dags/flight-pipeline.py
[2026-04-10T07:35:52.632+0000] {processor.py:830} INFO - Processing file /opt/airflow/dags/flight-pipeline.py for tasks to queue
[2026-04-10T07:35:52.635+0000] {logging_mixin.py:188} INFO - [2026-04-10T07:35:52.635+0000] {dagbag.py:545} INFO - Filling up the DagBag from /opt/airflow/dags/flight-pipeline.py
[2026-04-10T07:35:52.670+0000] {logging_mixin.py:188} INFO - [2026-04-10T07:35:52.665+0000] {dagbag.py:355} ERROR - Failed to import: /opt/airflow/dags/flight-pipeline.py
Traceback (most recent call last):
  File "/home/airflow/.local/lib/python3.12/site-packages/airflow/models/dagbag.py", line 351, in parse
    loader.exec_module(new_module)
  File "<frozen importlib._bootstrap_external>", line 995, in exec_module
  File "<frozen importlib._bootstrap>", line 488, in _call_with_frames_removed
  File "/opt/airflow/dags/flight-pipeline.py", line 5, in <module>
    from airflow.providers.standard.operators.python import PythonOperator
ModuleNotFoundError: No module named 'airflow.providers.standard'
[2026-04-10T07:35:52.671+0000] {processor.py:842} WARNING - No viable dags retrieved from /opt/airflow/dags/flight-pipeline.py
[2026-04-10T07:35:52.703+0000] {processor.py:183} INFO - Processing /opt/airflow/dags/flight-pipeline.py took 0.082 seconds
[2026-04-10T07:35:58.732+0000] {processor.py:161} INFO - Started process (PID=254) to work on /opt/airflow/dags/flight-pipeline.py
[2026-04-10T07:35:58.733+0000] {processor.py:830} INFO - Processing file /opt/airflow/dags/flight-pipeline.py for tasks to queue
[2026-04-10T07:35:58.736+0000] {logging_mixin.py:188} INFO - [2026-04-10T07:35:58.735+0000] {dagbag.py:545} INFO - Filling up the DagBag from /opt/airflow/dags/flight-pipeline.py
[2026-04-10T07:35:58.767+0000] {logging_mixin.py:188} INFO - [2026-04-10T07:35:58.763+0000] {dagbag.py:355} ERROR - Failed to import: /opt/airflow/dags/flight-pipeline.py
Traceback (most recent call last):
  File "/home/airflow/.local/lib/python3.12/site-packages/airflow/models/dagbag.py", line 351, in parse
    loader.exec_module(new_module)
  File "<frozen importlib._bootstrap_external>", line 995, in exec_module
  File "<frozen importlib._bootstrap>", line 488, in _call_with_frames_removed
  File "/opt/airflow/dags/flight-pipeline.py", line 5, in <module>
    from airflow.providers.standard.operators.python import PythonOperator
ModuleNotFoundError: No module named 'airflow.providers.standard'
[2026-04-10T07:35:58.768+0000] {processor.py:842} WARNING - No viable dags retrieved from /opt/airflow/dags/flight-pipeline.py
[2026-04-10T07:35:58.798+0000] {processor.py:183} INFO - Processing /opt/airflow/dags/flight-pipeline.py took 0.074 seconds
[2026-04-10T07:36:25.175+0000] {processor.py:161} INFO - Started process (PID=255) to work on /opt/airflow/dags/flight-pipeline.py
[2026-04-10T07:36:25.177+0000] {processor.py:830} INFO - Processing file /opt/airflow/dags/flight-pipeline.py for tasks to queue
[2026-04-10T07:36:25.180+0000] {logging_mixin.py:188} INFO - [2026-04-10T07:36:25.180+0000] {dagbag.py:545} INFO - Filling up the DagBag from /opt/airflow/dags/flight-pipeline.py
[2026-04-10T07:36:25.235+0000] {logging_mixin.py:188} INFO - [2026-04-10T07:36:25.228+0000] {dagbag.py:355} ERROR - Failed to import: /opt/airflow/dags/flight-pipeline.py
Traceback (most recent call last):
  File "/home/airflow/.local/lib/python3.12/site-packages/airflow/models/dagbag.py", line 351, in parse
    loader.exec_module(new_module)
  File "<frozen importlib._bootstrap_external>", line 995, in exec_module
  File "<frozen importlib._bootstrap>", line 488, in _call_with_frames_removed
  File "/opt/airflow/dags/flight-pipeline.py", line 5, in <module>
    from airflow.providers.standard.operators.python import PythonOperator
ModuleNotFoundError: No module named 'airflow.providers.standard'
[2026-04-10T07:36:25.237+0000] {processor.py:842} WARNING - No viable dags retrieved from /opt/airflow/dags/flight-pipeline.py
[2026-04-10T07:36:25.270+0000] {processor.py:183} INFO - Processing /opt/airflow/dags/flight-pipeline.py took 0.106 seconds
[2026-04-10T07:36:31.299+0000] {processor.py:161} INFO - Started process (PID=256) to work on /opt/airflow/dags/flight-pipeline.py
[2026-04-10T07:36:31.300+0000] {processor.py:830} INFO - Processing file /opt/airflow/dags/flight-pipeline.py for tasks to queue
[2026-04-10T07:36:31.301+0000] {logging_mixin.py:188} INFO - [2026-04-10T07:36:31.301+0000] {dagbag.py:545} INFO - Filling up the DagBag from /opt/airflow/dags/flight-pipeline.py
[2026-04-10T07:36:31.336+0000] {logging_mixin.py:188} INFO - [2026-04-10T07:36:31.330+0000] {dagbag.py:355} ERROR - Failed to import: /opt/airflow/dags/flight-pipeline.py
Traceback (most recent call last):
  File "/home/airflow/.local/lib/python3.12/site-packages/airflow/models/dagbag.py", line 351, in parse
    loader.exec_module(new_module)
  File "<frozen importlib._bootstrap_external>", line 995, in exec_module
  File "<frozen importlib._bootstrap>", line 488, in _call_with_frames_removed
  File "/opt/airflow/dags/flight-pipeline.py", line 5, in <module>
    from airflow.providers.standard.operators.python import PythonOperator
ModuleNotFoundError: No module named 'airflow.providers.standard'
[2026-04-10T07:36:31.338+0000] {processor.py:842} WARNING - No viable dags retrieved from /opt/airflow/dags/flight-pipeline.py
[2026-04-10T07:36:31.368+0000] {processor.py:183} INFO - Processing /opt/airflow/dags/flight-pipeline.py took 0.078 seconds
[2026-04-10T07:36:36.423+0000] {processor.py:161} INFO - Started process (PID=257) to work on /opt/airflow/dags/flight-pipeline.py
[2026-04-10T07:36:36.425+0000] {processor.py:830} INFO - Processing file /opt/airflow/dags/flight-pipeline.py for tasks to queue
[2026-04-10T07:36:36.426+0000] {logging_mixin.py:188} INFO - [2026-04-10T07:36:36.426+0000] {dagbag.py:545} INFO - Filling up the DagBag from /opt/airflow/dags/flight-pipeline.py
[2026-04-10T07:36:36.454+0000] {logging_mixin.py:188} INFO - [2026-04-10T07:36:36.450+0000] {dagbag.py:355} ERROR - Failed to import: /opt/airflow/dags/flight-pipeline.py
Traceback (most recent call last):
  File "/home/airflow/.local/lib/python3.12/site-packages/airflow/models/dagbag.py", line 351, in parse
    loader.exec_module(new_module)
  File "<frozen importlib._bootstrap_external>", line 995, in exec_module
  File "<frozen importlib._bootstrap>", line 488, in _call_with_frames_removed
  File "/opt/airflow/dags/flight-pipeline.py", line 5, in <module>
    from airflow.providers.standard.operators.python import PythonOperator
ModuleNotFoundError: No module named 'airflow.providers.standard'
[2026-04-10T07:36:36.455+0000] {processor.py:842} WARNING - No viable dags retrieved from /opt/airflow/dags/flight-pipeline.py
[2026-04-10T07:36:36.482+0000] {processor.py:183} INFO - Processing /opt/airflow/dags/flight-pipeline.py took 0.067 seconds
[2026-04-10T07:36:54.679+0000] {processor.py:161} INFO - Started process (PID=258) to work on /opt/airflow/dags/flight-pipeline.py
[2026-04-10T07:36:54.681+0000] {processor.py:830} INFO - Processing file /opt/airflow/dags/flight-pipeline.py for tasks to queue
[2026-04-10T07:36:54.682+0000] {logging_mixin.py:188} INFO - [2026-04-10T07:36:54.681+0000] {dagbag.py:545} INFO - Filling up the DagBag from /opt/airflow/dags/flight-pipeline.py
[2026-04-10T07:36:54.711+0000] {logging_mixin.py:188} INFO - [2026-04-10T07:36:54.706+0000] {dagbag.py:355} ERROR - Failed to import: /opt/airflow/dags/flight-pipeline.py
Traceback (most recent call last):
  File "/home/airflow/.local/lib/python3.12/site-packages/airflow/models/dagbag.py", line 351, in parse
    loader.exec_module(new_module)
  File "<frozen importlib._bootstrap_external>", line 995, in exec_module
  File "<frozen importlib._bootstrap>", line 488, in _call_with_frames_removed
  File "/opt/airflow/dags/flight-pipeline.py", line 5, in <module>
    from airflow.providers.standard.operators.python import PythonOperator
ModuleNotFoundError: No module named 'airflow.providers.standard'
[2026-04-10T07:36:54.713+0000] {processor.py:842} WARNING - No viable dags retrieved from /opt/airflow/dags/flight-pipeline.py
[2026-04-10T07:36:54.743+0000] {processor.py:183} INFO - Processing /opt/airflow/dags/flight-pipeline.py took 0.071 seconds
[2026-04-10T07:37:25.024+0000] {processor.py:161} INFO - Started process (PID=259) to work on /opt/airflow/dags/flight-pipeline.py
[2026-04-10T07:37:25.026+0000] {processor.py:830} INFO - Processing file /opt/airflow/dags/flight-pipeline.py for tasks to queue
[2026-04-10T07:37:25.027+0000] {logging_mixin.py:188} INFO - [2026-04-10T07:37:25.027+0000] {dagbag.py:545} INFO - Filling up the DagBag from /opt/airflow/dags/flight-pipeline.py
[2026-04-10T07:37:25.052+0000] {logging_mixin.py:188} INFO - [2026-04-10T07:37:25.045+0000] {dagbag.py:355} ERROR - Failed to import: /opt/airflow/dags/flight-pipeline.py
Traceback (most recent call last):
  File "/home/airflow/.local/lib/python3.12/site-packages/airflow/models/dagbag.py", line 351, in parse
    loader.exec_module(new_module)
  File "<frozen importlib._bootstrap_external>", line 995, in exec_module
  File "<frozen importlib._bootstrap>", line 488, in _call_with_frames_removed
  File "/opt/airflow/dags/flight-pipeline.py", line 5, in <module>
    from airflow.providers.standard.operators.python import PythonOperator
ModuleNotFoundError: No module named 'airflow.providers.standard'
[2026-04-10T07:37:25.055+0000] {processor.py:842} WARNING - No viable dags retrieved from /opt/airflow/dags/flight-pipeline.py
[2026-04-10T07:37:25.088+0000] {processor.py:183} INFO - Processing /opt/airflow/dags/flight-pipeline.py took 0.073 seconds
[2026-04-10T07:37:55.322+0000] {processor.py:161} INFO - Started process (PID=260) to work on /opt/airflow/dags/flight-pipeline.py
[2026-04-10T07:37:55.324+0000] {processor.py:830} INFO - Processing file /opt/airflow/dags/flight-pipeline.py for tasks to queue
[2026-04-10T07:37:55.325+0000] {logging_mixin.py:188} INFO - [2026-04-10T07:37:55.325+0000] {dagbag.py:545} INFO - Filling up the DagBag from /opt/airflow/dags/flight-pipeline.py
[2026-04-10T07:37:55.346+0000] {logging_mixin.py:188} INFO - [2026-04-10T07:37:55.342+0000] {dagbag.py:355} ERROR - Failed to import: /opt/airflow/dags/flight-pipeline.py
Traceback (most recent call last):
  File "/home/airflow/.local/lib/python3.12/site-packages/airflow/models/dagbag.py", line 351, in parse
    loader.exec_module(new_module)
  File "<frozen importlib._bootstrap_external>", line 995, in exec_module
  File "<frozen importlib._bootstrap>", line 488, in _call_with_frames_removed
  File "/opt/airflow/dags/flight-pipeline.py", line 5, in <module>
    from airflow.providers.standard.operators.python import PythonOperator
ModuleNotFoundError: No module named 'airflow.providers.standard'
[2026-04-10T07:37:55.348+0000] {processor.py:842} WARNING - No viable dags retrieved from /opt/airflow/dags/flight-pipeline.py
[2026-04-10T07:37:55.385+0000] {processor.py:183} INFO - Processing /opt/airflow/dags/flight-pipeline.py took 0.072 seconds
[2026-04-10T07:38:25.664+0000] {processor.py:161} INFO - Started process (PID=261) to work on /opt/airflow/dags/flight-pipeline.py
[2026-04-10T07:38:25.668+0000] {processor.py:830} INFO - Processing file /opt/airflow/dags/flight-pipeline.py for tasks to queue
[2026-04-10T07:38:25.675+0000] {logging_mixin.py:188} INFO - [2026-04-10T07:38:25.674+0000] {dagbag.py:545} INFO - Filling up the DagBag from /opt/airflow/dags/flight-pipeline.py
[2026-04-10T07:38:25.721+0000] {logging_mixin.py:188} INFO - [2026-04-10T07:38:25.710+0000] {dagbag.py:355} ERROR - Failed to import: /opt/airflow/dags/flight-pipeline.py
Traceback (most recent call last):
  File "/home/airflow/.local/lib/python3.12/site-packages/airflow/models/dagbag.py", line 351, in parse
    loader.exec_module(new_module)
  File "<frozen importlib._bootstrap_external>", line 995, in exec_module
  File "<frozen importlib._bootstrap>", line 488, in _call_with_frames_removed
  File "/opt/airflow/dags/flight-pipeline.py", line 5, in <module>
    from airflow.providers.standard.operators.python import PythonOperator
ModuleNotFoundError: No module named 'airflow.providers.standard'
[2026-04-10T07:38:25.724+0000] {processor.py:842} WARNING - No viable dags retrieved from /opt/airflow/dags/flight-pipeline.py
[2026-04-10T07:38:25.797+0000] {processor.py:183} INFO - Processing /opt/airflow/dags/flight-pipeline.py took 0.155 seconds
[2026-04-10T07:38:56.043+0000] {processor.py:161} INFO - Started process (PID=262) to work on /opt/airflow/dags/flight-pipeline.py
[2026-04-10T07:38:56.045+0000] {processor.py:830} INFO - Processing file /opt/airflow/dags/flight-pipeline.py for tasks to queue
[2026-04-10T07:38:56.046+0000] {logging_mixin.py:188} INFO - [2026-04-10T07:38:56.046+0000] {dagbag.py:545} INFO - Filling up the DagBag from /opt/airflow/dags/flight-pipeline.py
[2026-04-10T07:38:56.073+0000] {logging_mixin.py:188} INFO - [2026-04-10T07:38:56.067+0000] {dagbag.py:355} ERROR - Failed to import: /opt/airflow/dags/flight-pipeline.py
Traceback (most recent call last):
  File "/home/airflow/.local/lib/python3.12/site-packages/airflow/models/dagbag.py", line 351, in parse
    loader.exec_module(new_module)
  File "<frozen importlib._bootstrap_external>", line 995, in exec_module
  File "<frozen importlib._bootstrap>", line 488, in _call_with_frames_removed
  File "/opt/airflow/dags/flight-pipeline.py", line 5, in <module>
    from airflow.providers.standard.operators.python import PythonOperator
ModuleNotFoundError: No module named 'airflow.providers.standard'
[2026-04-10T07:38:56.076+0000] {processor.py:842} WARNING - No viable dags retrieved from /opt/airflow/dags/flight-pipeline.py
[2026-04-10T07:38:56.117+0000] {processor.py:183} INFO - Processing /opt/airflow/dags/flight-pipeline.py took 0.085 seconds
[2026-04-10T07:39:26.424+0000] {processor.py:161} INFO - Started process (PID=263) to work on /opt/airflow/dags/flight-pipeline.py
[2026-04-10T07:39:26.428+0000] {processor.py:830} INFO - Processing file /opt/airflow/dags/flight-pipeline.py for tasks to queue
[2026-04-10T07:39:26.431+0000] {logging_mixin.py:188} INFO - [2026-04-10T07:39:26.430+0000] {dagbag.py:545} INFO - Filling up the DagBag from /opt/airflow/dags/flight-pipeline.py
[2026-04-10T07:39:26.491+0000] {logging_mixin.py:188} INFO - [2026-04-10T07:39:26.478+0000] {dagbag.py:355} ERROR - Failed to import: /opt/airflow/dags/flight-pipeline.py
Traceback (most recent call last):
  File "/home/airflow/.local/lib/python3.12/site-packages/airflow/models/dagbag.py", line 351, in parse
    loader.exec_module(new_module)
  File "<frozen importlib._bootstrap_external>", line 995, in exec_module
  File "<frozen importlib._bootstrap>", line 488, in _call_with_frames_removed
  File "/opt/airflow/dags/flight-pipeline.py", line 5, in <module>
    from airflow.providers.standard.operators.python import PythonOperator
ModuleNotFoundError: No module named 'airflow.providers.standard'
[2026-04-10T07:39:26.498+0000] {processor.py:842} WARNING - No viable dags retrieved from /opt/airflow/dags/flight-pipeline.py
[2026-04-10T07:39:26.596+0000] {processor.py:183} INFO - Processing /opt/airflow/dags/flight-pipeline.py took 0.194 seconds
[2026-04-10T07:39:56.771+0000] {processor.py:161} INFO - Started process (PID=264) to work on /opt/airflow/dags/flight-pipeline.py
[2026-04-10T07:39:56.774+0000] {processor.py:830} INFO - Processing file /opt/airflow/dags/flight-pipeline.py for tasks to queue
[2026-04-10T07:39:56.777+0000] {logging_mixin.py:188} INFO - [2026-04-10T07:39:56.777+0000] {dagbag.py:545} INFO - Filling up the DagBag from /opt/airflow/dags/flight-pipeline.py
[2026-04-10T07:39:56.817+0000] {logging_mixin.py:188} INFO - [2026-04-10T07:39:56.807+0000] {dagbag.py:355} ERROR - Failed to import: /opt/airflow/dags/flight-pipeline.py
Traceback (most recent call last):
  File "/home/airflow/.local/lib/python3.12/site-packages/airflow/models/dagbag.py", line 351, in parse
    loader.exec_module(new_module)
  File "<frozen importlib._bootstrap_external>", line 995, in exec_module
  File "<frozen importlib._bootstrap>", line 488, in _call_with_frames_removed
  File "/opt/airflow/dags/flight-pipeline.py", line 5, in <module>
    from airflow.providers.standard.operators.python import PythonOperator
ModuleNotFoundError: No module named 'airflow.providers.standard'
[2026-04-10T07:39:56.821+0000] {processor.py:842} WARNING - No viable dags retrieved from /opt/airflow/dags/flight-pipeline.py
[2026-04-10T07:39:56.880+0000] {processor.py:183} INFO - Processing /opt/airflow/dags/flight-pipeline.py took 0.127 seconds
[2026-04-10T07:40:27.115+0000] {processor.py:161} INFO - Started process (PID=265) to work on /opt/airflow/dags/flight-pipeline.py
[2026-04-10T07:40:27.118+0000] {processor.py:830} INFO - Processing file /opt/airflow/dags/flight-pipeline.py for tasks to queue
[2026-04-10T07:40:27.119+0000] {logging_mixin.py:188} INFO - [2026-04-10T07:40:27.119+0000] {dagbag.py:545} INFO - Filling up the DagBag from /opt/airflow/dags/flight-pipeline.py
[2026-04-10T07:40:27.146+0000] {logging_mixin.py:188} INFO - [2026-04-10T07:40:27.141+0000] {dagbag.py:355} ERROR - Failed to import: /opt/airflow/dags/flight-pipeline.py
Traceback (most recent call last):
  File "/home/airflow/.local/lib/python3.12/site-packages/airflow/models/dagbag.py", line 351, in parse
    loader.exec_module(new_module)
  File "<frozen importlib._bootstrap_external>", line 995, in exec_module
  File "<frozen importlib._bootstrap>", line 488, in _call_with_frames_removed
  File "/opt/airflow/dags/flight-pipeline.py", line 5, in <module>
    from airflow.providers.standard.operators.python import PythonOperator
ModuleNotFoundError: No module named 'airflow.providers.standard'
[2026-04-10T07:40:27.148+0000] {processor.py:842} WARNING - No viable dags retrieved from /opt/airflow/dags/flight-pipeline.py
[2026-04-10T07:40:27.180+0000] {processor.py:183} INFO - Processing /opt/airflow/dags/flight-pipeline.py took 0.074 seconds
[2026-04-10T07:40:57.332+0000] {processor.py:161} INFO - Started process (PID=266) to work on /opt/airflow/dags/flight-pipeline.py
[2026-04-10T07:40:57.334+0000] {processor.py:830} INFO - Processing file /opt/airflow/dags/flight-pipeline.py for tasks to queue
[2026-04-10T07:40:57.336+0000] {logging_mixin.py:188} INFO - [2026-04-10T07:40:57.335+0000] {dagbag.py:545} INFO - Filling up the DagBag from /opt/airflow/dags/flight-pipeline.py
[2026-04-10T07:40:57.361+0000] {logging_mixin.py:188} INFO - [2026-04-10T07:40:57.355+0000] {dagbag.py:355} ERROR - Failed to import: /opt/airflow/dags/flight-pipeline.py
Traceback (most recent call last):
  File "/home/airflow/.local/lib/python3.12/site-packages/airflow/models/dagbag.py", line 351, in parse
    loader.exec_module(new_module)
  File "<frozen importlib._bootstrap_external>", line 995, in exec_module
  File "<frozen importlib._bootstrap>", line 488, in _call_with_frames_removed
  File "/opt/airflow/dags/flight-pipeline.py", line 5, in <module>
    from airflow.providers.standard.operators.python import PythonOperator
ModuleNotFoundError: No module named 'airflow.providers.standard'
[2026-04-10T07:40:57.363+0000] {processor.py:842} WARNING - No viable dags retrieved from /opt/airflow/dags/flight-pipeline.py
[2026-04-10T07:40:57.403+0000] {processor.py:183} INFO - Processing /opt/airflow/dags/flight-pipeline.py took 0.080 seconds
[2026-04-10T07:41:27.741+0000] {processor.py:161} INFO - Started process (PID=267) to work on /opt/airflow/dags/flight-pipeline.py
[2026-04-10T07:41:27.743+0000] {processor.py:830} INFO - Processing file /opt/airflow/dags/flight-pipeline.py for tasks to queue
[2026-04-10T07:41:27.745+0000] {logging_mixin.py:188} INFO - [2026-04-10T07:41:27.744+0000] {dagbag.py:545} INFO - Filling up the DagBag from /opt/airflow/dags/flight-pipeline.py
[2026-04-10T07:41:27.772+0000] {logging_mixin.py:188} INFO - [2026-04-10T07:41:27.765+0000] {dagbag.py:355} ERROR - Failed to import: /opt/airflow/dags/flight-pipeline.py
Traceback (most recent call last):
  File "/home/airflow/.local/lib/python3.12/site-packages/airflow/models/dagbag.py", line 351, in parse
    loader.exec_module(new_module)
  File "<frozen importlib._bootstrap_external>", line 995, in exec_module
  File "<frozen importlib._bootstrap>", line 488, in _call_with_frames_removed
  File "/opt/airflow/dags/flight-pipeline.py", line 5, in <module>
    from airflow.providers.standard.operators.python import PythonOperator
ModuleNotFoundError: No module named 'airflow.providers.standard'
[2026-04-10T07:41:27.774+0000] {processor.py:842} WARNING - No viable dags retrieved from /opt/airflow/dags/flight-pipeline.py
[2026-04-10T07:41:27.816+0000] {processor.py:183} INFO - Processing /opt/airflow/dags/flight-pipeline.py took 0.088 seconds
