[2026-04-10T03:27:36.817+0000] {manager.py:470} INFO - Processing files using up to 2 processes at a time 
[2026-04-10T03:27:36.820+0000] {manager.py:471} INFO - Process each file at most once every 30 seconds
[2026-04-10T03:27:36.824+0000] {manager.py:472} INFO - Checking for new files in /opt/airflow/dags every 300 seconds
[2026-04-10T03:27:36.827+0000] {manager.py:737} INFO - Searching for files in /opt/airflow/dags
[2026-04-10T03:27:36.837+0000] {manager.py:740} INFO - There are 0 files in /opt/airflow/dags
[2026-04-10T03:32:36.834+0000] {manager.py:737} INFO - Searching for files in /opt/airflow/dags
[2026-04-10T03:32:36.888+0000] {manager.py:740} INFO - There are 0 files in /opt/airflow/dags
[2026-04-10T03:37:37.007+0000] {manager.py:737} INFO - Searching for files in /opt/airflow/dags
[2026-04-10T03:37:37.021+0000] {manager.py:740} INFO - There are 0 files in /opt/airflow/dags
[2026-04-10T03:42:37.064+0000] {manager.py:737} INFO - Searching for files in /opt/airflow/dags
[2026-04-10T03:42:37.102+0000] {manager.py:740} INFO - There are 0 files in /opt/airflow/dags
[2026-04-10T03:47:37.114+0000] {manager.py:737} INFO - Searching for files in /opt/airflow/dags
[2026-04-10T03:47:37.144+0000] {manager.py:740} INFO - There are 0 files in /opt/airflow/dags
[2026-04-10T03:52:37.597+0000] {manager.py:737} INFO - Searching for files in /opt/airflow/dags
[2026-04-10T03:52:37.624+0000] {manager.py:740} INFO - There are 0 files in /opt/airflow/dags
[2026-04-10T03:57:38.142+0000] {manager.py:737} INFO - Searching for files in /opt/airflow/dags
[2026-04-10T03:57:38.172+0000] {manager.py:740} INFO - There are 0 files in /opt/airflow/dags
[2026-04-10T04:02:38.643+0000] {manager.py:737} INFO - Searching for files in /opt/airflow/dags
[2026-04-10T04:02:38.674+0000] {manager.py:740} INFO - There are 0 files in /opt/airflow/dags
[2026-04-10T04:07:38.836+0000] {manager.py:737} INFO - Searching for files in /opt/airflow/dags
[2026-04-10T04:07:38.858+0000] {manager.py:740} INFO - There are 0 files in /opt/airflow/dags
[2026-04-10T04:12:39.121+0000] {manager.py:737} INFO - Searching for files in /opt/airflow/dags
[2026-04-10T04:12:39.149+0000] {manager.py:740} INFO - There are 0 files in /opt/airflow/dags
[2026-04-10T05:37:29.068+0000] {manager.py:737} INFO - Searching for files in /opt/airflow/dags
[2026-04-10T05:37:30.052+0000] {manager.py:740} INFO - There are 1 files in /opt/airflow/dags
[2026-04-10T05:37:41.567+0000] {manager.py:878} INFO - 
================================================================================
DAG File Processing Stats

File Path                             PID    Runtime      # DAGs    # Errors  Last Runtime    Last Run
------------------------------------  -----  ---------  --------  ----------  --------------  -------------------
/opt/airflow/dags/flight-pipeline.py                           0           1  2.07s           2026-04-10T05:37:33
================================================================================
[2026-04-10T05:38:11.788+0000] {manager.py:878} INFO - 
================================================================================
DAG File Processing Stats

File Path                             PID    Runtime      # DAGs    # Errors  Last Runtime    Last Run
------------------------------------  -----  ---------  --------  ----------  --------------  -------------------
/opt/airflow/dags/flight-pipeline.py                           0           1  0.10s           2026-04-10T05:38:03
================================================================================
[2026-04-10T05:38:42.029+0000] {manager.py:878} INFO - 
================================================================================
DAG File Processing Stats

File Path                             PID    Runtime      # DAGs    # Errors  Last Runtime    Last Run
------------------------------------  -----  ---------  --------  ----------  --------------  -------------------
/opt/airflow/dags/flight-pipeline.py                           0           1  0.09s           2026-04-10T05:38:34
================================================================================
[2026-04-10T05:39:12.337+0000] {manager.py:878} INFO - 
================================================================================
DAG File Processing Stats

File Path                             PID    Runtime      # DAGs    # Errors  Last Runtime    Last Run
------------------------------------  -----  ---------  --------  ----------  --------------  -------------------
/opt/airflow/dags/flight-pipeline.py                           0           1  0.12s           2026-04-10T05:39:04
================================================================================
[2026-04-10T05:39:42.865+0000] {manager.py:878} INFO - 
================================================================================
DAG File Processing Stats

File Path                             PID    Runtime      # DAGs    # Errors  Last Runtime    Last Run
------------------------------------  -----  ---------  --------  ----------  --------------  -------------------
/opt/airflow/dags/flight-pipeline.py                           0           1  0.11s           2026-04-10T05:39:34
================================================================================
[2026-04-10T05:40:13.325+0000] {manager.py:878} INFO - 
================================================================================
DAG File Processing Stats

File Path                             PID    Runtime      # DAGs    # Errors  Last Runtime    Last Run
------------------------------------  -----  ---------  --------  ----------  --------------  -------------------
/opt/airflow/dags/flight-pipeline.py                           0           1  0.10s           2026-04-10T05:40:05
================================================================================
[2026-04-10T05:40:43.672+0000] {manager.py:878} INFO - 
================================================================================
DAG File Processing Stats

File Path                             PID    Runtime      # DAGs    # Errors  Last Runtime    Last Run
------------------------------------  -----  ---------  --------  ----------  --------------  -------------------
/opt/airflow/dags/flight-pipeline.py                           0           1  0.12s           2026-04-10T05:40:35
================================================================================
[2026-04-10T05:41:14.031+0000] {manager.py:878} INFO - 
================================================================================
DAG File Processing Stats

File Path                             PID    Runtime      # DAGs    # Errors  Last Runtime    Last Run
------------------------------------  -----  ---------  --------  ----------  --------------  -------------------
/opt/airflow/dags/flight-pipeline.py                           0           1  0.10s           2026-04-10T05:41:06
================================================================================
[2026-04-10T05:41:44.348+0000] {manager.py:878} INFO - 
================================================================================
DAG File Processing Stats

File Path                             PID    Runtime      # DAGs    # Errors  Last Runtime    Last Run
------------------------------------  -----  ---------  --------  ----------  --------------  -------------------
/opt/airflow/dags/flight-pipeline.py                           0           1  0.09s           2026-04-10T05:41:36
================================================================================
[2026-04-10T05:42:14.728+0000] {manager.py:878} INFO - 
================================================================================
DAG File Processing Stats

File Path                             PID    Runtime      # DAGs    # Errors  Last Runtime    Last Run
------------------------------------  -----  ---------  --------  ----------  --------------  -------------------
/opt/airflow/dags/flight-pipeline.py                           0           1  0.09s           2026-04-10T05:42:06
================================================================================
[2026-04-10T05:42:29.955+0000] {manager.py:737} INFO - Searching for files in /opt/airflow/dags
[2026-04-10T05:42:29.986+0000] {manager.py:740} INFO - There are 1 files in /opt/airflow/dags
[2026-04-10T05:42:45.211+0000] {manager.py:878} INFO - 
================================================================================
DAG File Processing Stats

File Path                             PID    Runtime      # DAGs    # Errors  Last Runtime    Last Run
------------------------------------  -----  ---------  --------  ----------  --------------  -------------------
/opt/airflow/dags/flight-pipeline.py                           0           1  0.11s           2026-04-10T05:42:37
================================================================================
[2026-04-10T05:43:15.614+0000] {manager.py:878} INFO - 
================================================================================
DAG File Processing Stats

File Path                             PID    Runtime      # DAGs    # Errors  Last Runtime    Last Run
------------------------------------  -----  ---------  --------  ----------  --------------  -------------------
/opt/airflow/dags/flight-pipeline.py                           0           1  0.10s           2026-04-10T05:43:07
================================================================================
[2026-04-10T05:43:46.125+0000] {manager.py:878} INFO - 
================================================================================
DAG File Processing Stats

File Path                             PID    Runtime      # DAGs    # Errors  Last Runtime    Last Run
------------------------------------  -----  ---------  --------  ----------  --------------  -------------------
/opt/airflow/dags/flight-pipeline.py                           0           1  0.10s           2026-04-10T05:43:37
================================================================================
[2026-04-10T05:44:16.494+0000] {manager.py:878} INFO - 
================================================================================
DAG File Processing Stats

File Path                             PID    Runtime      # DAGs    # Errors  Last Runtime    Last Run
------------------------------------  -----  ---------  --------  ----------  --------------  -------------------
/opt/airflow/dags/flight-pipeline.py                           0           1  0.09s           2026-04-10T05:44:08
================================================================================
[2026-04-10T05:44:47.084+0000] {manager.py:878} INFO - 
================================================================================
DAG File Processing Stats

File Path                             PID    Runtime      # DAGs    # Errors  Last Runtime    Last Run
------------------------------------  -----  ---------  --------  ----------  --------------  -------------------
/opt/airflow/dags/flight-pipeline.py                           0           1  0.13s           2026-04-10T05:44:39
================================================================================
[2026-04-10T05:45:17.737+0000] {manager.py:878} INFO - 
================================================================================
DAG File Processing Stats

File Path                             PID    Runtime      # DAGs    # Errors  Last Runtime    Last Run
------------------------------------  -----  ---------  --------  ----------  --------------  -------------------
/opt/airflow/dags/flight-pipeline.py                           0           1  0.10s           2026-04-10T05:45:09
================================================================================
[2026-04-10T05:45:48.358+0000] {manager.py:878} INFO - 
================================================================================
DAG File Processing Stats

File Path                             PID    Runtime      # DAGs    # Errors  Last Runtime    Last Run
------------------------------------  -----  ---------  --------  ----------  --------------  -------------------
/opt/airflow/dags/flight-pipeline.py                           0           1  0.12s           2026-04-10T05:45:40
================================================================================
[2026-04-10T05:46:18.947+0000] {manager.py:878} INFO - 
================================================================================
DAG File Processing Stats

File Path                             PID    Runtime      # DAGs    # Errors  Last Runtime    Last Run
------------------------------------  -----  ---------  --------  ----------  --------------  -------------------
/opt/airflow/dags/flight-pipeline.py                           0           1  0.12s           2026-04-10T05:46:10
================================================================================
[2026-04-10T05:46:49.409+0000] {manager.py:878} INFO - 
================================================================================
DAG File Processing Stats

File Path                             PID    Runtime      # DAGs    # Errors  Last Runtime    Last Run
------------------------------------  -----  ---------  --------  ----------  --------------  -------------------
/opt/airflow/dags/flight-pipeline.py                           0           1  0.11s           2026-04-10T05:46:41
================================================================================
[2026-04-10T05:47:19.864+0000] {manager.py:878} INFO - 
================================================================================
DAG File Processing Stats

File Path                             PID    Runtime      # DAGs    # Errors  Last Runtime    Last Run
------------------------------------  -----  ---------  --------  ----------  --------------  -------------------
/opt/airflow/dags/flight-pipeline.py                           0           1  0.11s           2026-04-10T05:47:11
================================================================================
[2026-04-10T05:47:29.992+0000] {manager.py:737} INFO - Searching for files in /opt/airflow/dags
[2026-04-10T05:47:30.010+0000] {manager.py:740} INFO - There are 1 files in /opt/airflow/dags
[2026-04-10T05:47:50.214+0000] {manager.py:878} INFO - 
================================================================================
DAG File Processing Stats

File Path                             PID    Runtime      # DAGs    # Errors  Last Runtime    Last Run
------------------------------------  -----  ---------  --------  ----------  --------------  -------------------
/opt/airflow/dags/flight-pipeline.py                           0           1  0.10s           2026-04-10T05:47:42
================================================================================
[2026-04-10T05:48:20.670+0000] {manager.py:878} INFO - 
================================================================================
DAG File Processing Stats

File Path                             PID    Runtime      # DAGs    # Errors  Last Runtime    Last Run
------------------------------------  -----  ---------  --------  ----------  --------------  -------------------
/opt/airflow/dags/flight-pipeline.py                           0           1  0.10s           2026-04-10T05:48:12
================================================================================
[2026-04-10T05:48:51.098+0000] {manager.py:878} INFO - 
================================================================================
DAG File Processing Stats

File Path                             PID    Runtime      # DAGs    # Errors  Last Runtime    Last Run
------------------------------------  -----  ---------  --------  ----------  --------------  -------------------
/opt/airflow/dags/flight-pipeline.py                           0           1  0.11s           2026-04-10T05:48:43
================================================================================
[2026-04-10T05:49:21.588+0000] {manager.py:878} INFO - 
================================================================================
DAG File Processing Stats

File Path                             PID    Runtime      # DAGs    # Errors  Last Runtime    Last Run
------------------------------------  -----  ---------  --------  ----------  --------------  -------------------
/opt/airflow/dags/flight-pipeline.py                           0           1  0.10s           2026-04-10T05:49:13
================================================================================
[2026-04-10T05:49:52.146+0000] {manager.py:878} INFO - 
================================================================================
DAG File Processing Stats

File Path                             PID    Runtime      # DAGs    # Errors  Last Runtime    Last Run
------------------------------------  -----  ---------  --------  ----------  --------------  -------------------
/opt/airflow/dags/flight-pipeline.py                           0           1  0.10s           2026-04-10T05:49:44
================================================================================
[2026-04-10T05:50:22.759+0000] {manager.py:878} INFO - 
================================================================================
DAG File Processing Stats

File Path                             PID    Runtime      # DAGs    # Errors  Last Runtime    Last Run
------------------------------------  -----  ---------  --------  ----------  --------------  -------------------
/opt/airflow/dags/flight-pipeline.py                           0           1  0.10s           2026-04-10T05:50:14
================================================================================
[2026-04-10T05:50:53.384+0000] {manager.py:878} INFO - 
================================================================================
DAG File Processing Stats

File Path                             PID    Runtime      # DAGs    # Errors  Last Runtime    Last Run
------------------------------------  -----  ---------  --------  ----------  --------------  -------------------
/opt/airflow/dags/flight-pipeline.py                           0           1  0.10s           2026-04-10T05:50:45
================================================================================
[2026-04-10T05:51:24.016+0000] {manager.py:878} INFO - 
================================================================================
DAG File Processing Stats

File Path                             PID    Runtime      # DAGs    # Errors  Last Runtime    Last Run
------------------------------------  -----  ---------  --------  ----------  --------------  -------------------
/opt/airflow/dags/flight-pipeline.py                           0           1  0.11s           2026-04-10T05:51:16
================================================================================
[2026-04-10T05:51:54.449+0000] {manager.py:878} INFO - 
================================================================================
DAG File Processing Stats

File Path                             PID    Runtime      # DAGs    # Errors  Last Runtime    Last Run
------------------------------------  -----  ---------  --------  ----------  --------------  -------------------
/opt/airflow/dags/flight-pipeline.py                           0           1  0.10s           2026-04-10T05:51:46
================================================================================
[2026-04-10T05:52:24.917+0000] {manager.py:878} INFO - 
================================================================================
DAG File Processing Stats

File Path                             PID    Runtime      # DAGs    # Errors  Last Runtime    Last Run
------------------------------------  -----  ---------  --------  ----------  --------------  -------------------
/opt/airflow/dags/flight-pipeline.py                           0           1  0.09s           2026-04-10T05:52:16
================================================================================
[2026-04-10T05:52:30.976+0000] {manager.py:737} INFO - Searching for files in /opt/airflow/dags
[2026-04-10T05:52:30.997+0000] {manager.py:740} INFO - There are 1 files in /opt/airflow/dags
[2026-04-10T05:52:55.318+0000] {manager.py:878} INFO - 
================================================================================
DAG File Processing Stats

File Path                             PID    Runtime      # DAGs    # Errors  Last Runtime    Last Run
------------------------------------  -----  ---------  --------  ----------  --------------  -------------------
/opt/airflow/dags/flight-pipeline.py                           0           1  0.08s           2026-04-10T05:52:47
================================================================================
[2026-04-10T05:53:25.718+0000] {manager.py:878} INFO - 
================================================================================
DAG File Processing Stats

File Path                             PID    Runtime      # DAGs    # Errors  Last Runtime    Last Run
------------------------------------  -----  ---------  --------  ----------  --------------  -------------------
/opt/airflow/dags/flight-pipeline.py                           0           1  0.09s           2026-04-10T05:53:17
================================================================================
[2026-04-10T05:53:56.062+0000] {manager.py:878} INFO - 
================================================================================
DAG File Processing Stats

File Path                             PID    Runtime      # DAGs    # Errors  Last Runtime    Last Run
------------------------------------  -----  ---------  --------  ----------  --------------  -------------------
/opt/airflow/dags/flight-pipeline.py                           0           1  0.12s           2026-04-10T05:53:48
================================================================================
[2026-04-10T05:54:26.483+0000] {manager.py:878} INFO - 
================================================================================
DAG File Processing Stats

File Path                             PID    Runtime      # DAGs    # Errors  Last Runtime    Last Run
------------------------------------  -----  ---------  --------  ----------  --------------  -------------------
/opt/airflow/dags/flight-pipeline.py                           0           1  0.09s           2026-04-10T05:54:18
================================================================================
[2026-04-10T05:54:56.853+0000] {manager.py:878} INFO - 
================================================================================
DAG File Processing Stats

File Path                             PID    Runtime      # DAGs    # Errors  Last Runtime    Last Run
------------------------------------  -----  ---------  --------  ----------  --------------  -------------------
/opt/airflow/dags/flight-pipeline.py                           0           1  0.10s           2026-04-10T05:54:48
================================================================================
[2026-04-10T05:55:27.274+0000] {manager.py:878} INFO - 
================================================================================
DAG File Processing Stats

File Path                             PID    Runtime      # DAGs    # Errors  Last Runtime    Last Run
------------------------------------  -----  ---------  --------  ----------  --------------  -------------------
/opt/airflow/dags/flight-pipeline.py                           0           1  0.10s           2026-04-10T05:55:19
================================================================================
[2026-04-10T05:55:57.631+0000] {manager.py:878} INFO - 
================================================================================
DAG File Processing Stats

File Path                             PID    Runtime      # DAGs    # Errors  Last Runtime    Last Run
------------------------------------  -----  ---------  --------  ----------  --------------  -------------------
/opt/airflow/dags/flight-pipeline.py                           0           1  0.10s           2026-04-10T05:55:49
================================================================================
[2026-04-10T05:56:28.029+0000] {manager.py:878} INFO - 
================================================================================
DAG File Processing Stats

File Path                             PID    Runtime      # DAGs    # Errors  Last Runtime    Last Run
------------------------------------  -----  ---------  --------  ----------  --------------  -------------------
/opt/airflow/dags/flight-pipeline.py                           0           1  0.11s           2026-04-10T05:56:20
================================================================================
[2026-04-10T05:56:58.399+0000] {manager.py:878} INFO - 
================================================================================
DAG File Processing Stats

File Path                             PID    Runtime      # DAGs    # Errors  Last Runtime    Last Run
------------------------------------  -----  ---------  --------  ----------  --------------  -------------------
/opt/airflow/dags/flight-pipeline.py                           0           1  0.13s           2026-04-10T05:56:50
================================================================================
[2026-04-10T05:57:28.824+0000] {manager.py:878} INFO - 
================================================================================
DAG File Processing Stats

File Path                             PID    Runtime      # DAGs    # Errors  Last Runtime    Last Run
------------------------------------  -----  ---------  --------  ----------  --------------  -------------------
/opt/airflow/dags/flight-pipeline.py                           0           1  0.10s           2026-04-10T05:57:20
================================================================================
[2026-04-10T05:57:31.864+0000] {manager.py:737} INFO - Searching for files in /opt/airflow/dags
[2026-04-10T05:57:31.904+0000] {manager.py:740} INFO - There are 1 files in /opt/airflow/dags
[2026-04-10T05:57:59.253+0000] {manager.py:878} INFO - 
================================================================================
DAG File Processing Stats

File Path                             PID    Runtime      # DAGs    # Errors  Last Runtime    Last Run
------------------------------------  -----  ---------  --------  ----------  --------------  -------------------
/opt/airflow/dags/flight-pipeline.py                           0           1  0.09s           2026-04-10T05:57:51
================================================================================
[2026-04-10T05:58:29.577+0000] {manager.py:878} INFO - 
================================================================================
DAG File Processing Stats

File Path                             PID    Runtime      # DAGs    # Errors  Last Runtime    Last Run
------------------------------------  -----  ---------  --------  ----------  --------------  -------------------
/opt/airflow/dags/flight-pipeline.py                           0           1  0.10s           2026-04-10T05:58:21
================================================================================
[2026-04-10T05:58:59.959+0000] {manager.py:878} INFO - 
================================================================================
DAG File Processing Stats

File Path                             PID    Runtime      # DAGs    # Errors  Last Runtime    Last Run
------------------------------------  -----  ---------  --------  ----------  --------------  -------------------
/opt/airflow/dags/flight-pipeline.py                           0           1  0.09s           2026-04-10T05:58:51
================================================================================
[2026-04-10T05:59:30.316+0000] {manager.py:878} INFO - 
================================================================================
DAG File Processing Stats

File Path                             PID    Runtime      # DAGs    # Errors  Last Runtime    Last Run
------------------------------------  -----  ---------  --------  ----------  --------------  -------------------
/opt/airflow/dags/flight-pipeline.py                           0           1  0.09s           2026-04-10T05:59:22
================================================================================
[2026-04-10T06:00:00.679+0000] {manager.py:878} INFO - 
================================================================================
DAG File Processing Stats

File Path                             PID    Runtime      # DAGs    # Errors  Last Runtime    Last Run
------------------------------------  -----  ---------  --------  ----------  --------------  -------------------
/opt/airflow/dags/flight-pipeline.py                           0           1  0.11s           2026-04-10T05:59:52
================================================================================
[2026-04-10T06:00:31.113+0000] {manager.py:878} INFO - 
================================================================================
DAG File Processing Stats

File Path                             PID    Runtime      # DAGs    # Errors  Last Runtime    Last Run
------------------------------------  -----  ---------  --------  ----------  --------------  -------------------
/opt/airflow/dags/flight-pipeline.py                           0           1  0.09s           2026-04-10T06:00:23
================================================================================
[2026-04-10T06:01:01.495+0000] {manager.py:878} INFO - 
================================================================================
DAG File Processing Stats

File Path                             PID    Runtime      # DAGs    # Errors  Last Runtime    Last Run
------------------------------------  -----  ---------  --------  ----------  --------------  -------------------
/opt/airflow/dags/flight-pipeline.py                           0           1  0.11s           2026-04-10T06:00:53
================================================================================
[2026-04-10T06:01:31.877+0000] {manager.py:878} INFO - 
================================================================================
DAG File Processing Stats

File Path                             PID    Runtime      # DAGs    # Errors  Last Runtime    Last Run
------------------------------------  -----  ---------  --------  ----------  --------------  -------------------
/opt/airflow/dags/flight-pipeline.py                           0           1  0.09s           2026-04-10T06:01:23
================================================================================
[2026-04-10T06:21:46.154+0000] {manager.py:737} INFO - Searching for files in /opt/airflow/dags
[2026-04-10T06:21:46.780+0000] {manager.py:740} INFO - There are 1 files in /opt/airflow/dags
[2026-04-10T06:21:56.436+0000] {manager.py:878} INFO - 
================================================================================
DAG File Processing Stats

File Path                             PID    Runtime      # DAGs    # Errors  Last Runtime    Last Run
------------------------------------  -----  ---------  --------  ----------  --------------  -------------------
/opt/airflow/dags/flight-pipeline.py                           0           1  0.34s           2026-04-10T06:21:47
================================================================================
[2026-04-10T06:22:26.644+0000] {manager.py:878} INFO - 
================================================================================
DAG File Processing Stats

File Path                             PID    Runtime      # DAGs    # Errors  Last Runtime    Last Run
------------------------------------  -----  ---------  --------  ----------  --------------  -------------------
/opt/airflow/dags/flight-pipeline.py                           0           1  0.08s           2026-04-10T06:22:17
================================================================================
[2026-04-10T06:22:56.878+0000] {manager.py:878} INFO - 
================================================================================
DAG File Processing Stats

File Path                             PID    Runtime      # DAGs    # Errors  Last Runtime    Last Run
------------------------------------  -----  ---------  --------  ----------  --------------  -------------------
/opt/airflow/dags/flight-pipeline.py                           0           1  0.08s           2026-04-10T06:22:47
================================================================================
[2026-04-10T06:23:27.270+0000] {manager.py:878} INFO - 
================================================================================
DAG File Processing Stats

File Path                             PID    Runtime      # DAGs    # Errors  Last Runtime    Last Run
------------------------------------  -----  ---------  --------  ----------  --------------  -------------------
/opt/airflow/dags/flight-pipeline.py                           0           1  0.10s           2026-04-10T06:23:18
================================================================================
[2026-04-10T06:23:57.794+0000] {manager.py:878} INFO - 
================================================================================
DAG File Processing Stats

File Path                             PID    Runtime      # DAGs    # Errors  Last Runtime    Last Run
------------------------------------  -----  ---------  --------  ----------  --------------  -------------------
/opt/airflow/dags/flight-pipeline.py                           0           1  0.09s           2026-04-10T06:23:48
================================================================================
[2026-04-10T06:24:28.383+0000] {manager.py:878} INFO - 
================================================================================
DAG File Processing Stats

File Path                             PID    Runtime      # DAGs    # Errors  Last Runtime    Last Run
------------------------------------  -----  ---------  --------  ----------  --------------  -------------------
/opt/airflow/dags/flight-pipeline.py                           0           1  0.09s           2026-04-10T06:24:19
================================================================================
[2026-04-10T06:24:58.939+0000] {manager.py:878} INFO - 
================================================================================
DAG File Processing Stats

File Path                             PID    Runtime      # DAGs    # Errors  Last Runtime    Last Run
------------------------------------  -----  ---------  --------  ----------  --------------  -------------------
/opt/airflow/dags/flight-pipeline.py                           0           1  0.09s           2026-04-10T06:24:49
================================================================================
[2026-04-10T06:25:29.583+0000] {manager.py:878} INFO - 
================================================================================
DAG File Processing Stats

File Path                             PID    Runtime      # DAGs    # Errors  Last Runtime    Last Run
------------------------------------  -----  ---------  --------  ----------  --------------  -------------------
/opt/airflow/dags/flight-pipeline.py                           0           1  0.10s           2026-04-10T06:25:20
================================================================================
[2026-04-10T06:26:00.138+0000] {manager.py:878} INFO - 
================================================================================
DAG File Processing Stats

File Path                             PID    Runtime      # DAGs    # Errors  Last Runtime    Last Run
------------------------------------  -----  ---------  --------  ----------  --------------  -------------------
/opt/airflow/dags/flight-pipeline.py                           0           1  0.10s           2026-04-10T06:25:51
================================================================================
[2026-04-10T06:26:30.635+0000] {manager.py:878} INFO - 
================================================================================
DAG File Processing Stats

File Path                             PID    Runtime      # DAGs    # Errors  Last Runtime    Last Run
------------------------------------  -----  ---------  --------  ----------  --------------  -------------------
/opt/airflow/dags/flight-pipeline.py                           0           1  0.09s           2026-04-10T06:26:21
================================================================================
[2026-04-10T06:26:46.854+0000] {manager.py:737} INFO - Searching for files in /opt/airflow/dags
[2026-04-10T06:26:46.871+0000] {manager.py:740} INFO - There are 1 files in /opt/airflow/dags
[2026-04-10T06:27:01.125+0000] {manager.py:878} INFO - 
================================================================================
DAG File Processing Stats

File Path                             PID    Runtime      # DAGs    # Errors  Last Runtime    Last Run
------------------------------------  -----  ---------  --------  ----------  --------------  -------------------
/opt/airflow/dags/flight-pipeline.py                           0           1  0.10s           2026-04-10T06:26:52
================================================================================
[2026-04-10T06:27:31.657+0000] {manager.py:878} INFO - 
================================================================================
DAG File Processing Stats

File Path                             PID    Runtime      # DAGs    # Errors  Last Runtime    Last Run
------------------------------------  -----  ---------  --------  ----------  --------------  -------------------
/opt/airflow/dags/flight-pipeline.py                           0           1  0.10s           2026-04-10T06:27:22
================================================================================
[2026-04-10T06:28:02.017+0000] {manager.py:878} INFO - 
================================================================================
DAG File Processing Stats

File Path                             PID    Runtime      # DAGs    # Errors  Last Runtime    Last Run
------------------------------------  -----  ---------  --------  ----------  --------------  -------------------
/opt/airflow/dags/flight-pipeline.py                           0           1  0.10s           2026-04-10T06:27:53
================================================================================
[2026-04-10T06:28:32.432+0000] {manager.py:878} INFO - 
================================================================================
DAG File Processing Stats

File Path                             PID    Runtime      # DAGs    # Errors  Last Runtime    Last Run
------------------------------------  -----  ---------  --------  ----------  --------------  -------------------
/opt/airflow/dags/flight-pipeline.py                           0           1  0.11s           2026-04-10T06:28:23
================================================================================
[2026-04-10T06:29:02.952+0000] {manager.py:878} INFO - 
================================================================================
DAG File Processing Stats

File Path                             PID    Runtime      # DAGs    # Errors  Last Runtime    Last Run
------------------------------------  -----  ---------  --------  ----------  --------------  -------------------
/opt/airflow/dags/flight-pipeline.py                           0           1  0.11s           2026-04-10T06:28:53
================================================================================
[2026-04-10T06:29:33.505+0000] {manager.py:878} INFO - 
================================================================================
DAG File Processing Stats

File Path                             PID    Runtime      # DAGs    # Errors  Last Runtime    Last Run
------------------------------------  -----  ---------  --------  ----------  --------------  -------------------
/opt/airflow/dags/flight-pipeline.py                           0           1  0.09s           2026-04-10T06:29:24
================================================================================
[2026-04-10T06:30:03.972+0000] {manager.py:878} INFO - 
================================================================================
DAG File Processing Stats

File Path                             PID    Runtime      # DAGs    # Errors  Last Runtime    Last Run
------------------------------------  -----  ---------  --------  ----------  --------------  -------------------
/opt/airflow/dags/flight-pipeline.py                           0           1  0.10s           2026-04-10T06:29:54
================================================================================
[2026-04-10T06:30:34.421+0000] {manager.py:878} INFO - 
================================================================================
DAG File Processing Stats

File Path                             PID    Runtime      # DAGs    # Errors  Last Runtime    Last Run
------------------------------------  -----  ---------  --------  ----------  --------------  -------------------
/opt/airflow/dags/flight-pipeline.py                           0           1  0.09s           2026-04-10T06:30:25
================================================================================
[2026-04-10T06:31:04.852+0000] {manager.py:878} INFO - 
================================================================================
DAG File Processing Stats

File Path                             PID    Runtime      # DAGs    # Errors  Last Runtime    Last Run
------------------------------------  -----  ---------  --------  ----------  --------------  -------------------
/opt/airflow/dags/flight-pipeline.py                           0           1  0.09s           2026-04-10T06:30:55
================================================================================
[2026-04-10T06:31:35.318+0000] {manager.py:878} INFO - 
================================================================================
DAG File Processing Stats

File Path                             PID    Runtime      # DAGs    # Errors  Last Runtime    Last Run
------------------------------------  -----  ---------  --------  ----------  --------------  -------------------
/opt/airflow/dags/flight-pipeline.py                           0           1  0.09s           2026-04-10T06:31:26
================================================================================
[2026-04-10T06:31:47.490+0000] {manager.py:737} INFO - Searching for files in /opt/airflow/dags
[2026-04-10T06:31:47.553+0000] {manager.py:740} INFO - There are 1 files in /opt/airflow/dags
[2026-04-10T06:32:05.976+0000] {manager.py:878} INFO - 
================================================================================
DAG File Processing Stats

File Path                             PID    Runtime      # DAGs    # Errors  Last Runtime    Last Run
------------------------------------  -----  ---------  --------  ----------  --------------  -------------------
/opt/airflow/dags/flight-pipeline.py                           0           1  0.10s           2026-04-10T06:31:56
================================================================================
[2026-04-10T06:32:36.587+0000] {manager.py:878} INFO - 
================================================================================
DAG File Processing Stats

File Path                             PID    Runtime      # DAGs    # Errors  Last Runtime    Last Run
------------------------------------  -----  ---------  --------  ----------  --------------  -------------------
/opt/airflow/dags/flight-pipeline.py                           0           1  0.10s           2026-04-10T06:32:27
================================================================================
[2026-04-10T06:33:07.094+0000] {manager.py:878} INFO - 
================================================================================
DAG File Processing Stats

File Path                             PID    Runtime      # DAGs    # Errors  Last Runtime    Last Run
------------------------------------  -----  ---------  --------  ----------  --------------  -------------------
/opt/airflow/dags/flight-pipeline.py                           0           1  0.11s           2026-04-10T06:32:58
================================================================================
[2026-04-10T06:33:37.598+0000] {manager.py:878} INFO - 
================================================================================
DAG File Processing Stats

File Path                             PID    Runtime      # DAGs    # Errors  Last Runtime    Last Run
------------------------------------  -----  ---------  --------  ----------  --------------  -------------------
/opt/airflow/dags/flight-pipeline.py                           0           1  0.10s           2026-04-10T06:33:28
================================================================================
[2026-04-10T06:34:08.036+0000] {manager.py:878} INFO - 
================================================================================
DAG File Processing Stats

File Path                             PID    Runtime      # DAGs    # Errors  Last Runtime    Last Run
------------------------------------  -----  ---------  --------  ----------  --------------  -------------------
/opt/airflow/dags/flight-pipeline.py                           0           1  0.09s           2026-04-10T06:33:58
================================================================================
[2026-04-10T06:34:38.680+0000] {manager.py:878} INFO - 
================================================================================
DAG File Processing Stats

File Path                             PID    Runtime      # DAGs    # Errors  Last Runtime    Last Run
------------------------------------  -----  ---------  --------  ----------  --------------  -------------------
/opt/airflow/dags/flight-pipeline.py                           0           1  0.20s           2026-04-10T06:34:29
================================================================================
[2026-04-10T06:35:09.288+0000] {manager.py:878} INFO - 
================================================================================
DAG File Processing Stats

File Path                             PID    Runtime      # DAGs    # Errors  Last Runtime    Last Run
------------------------------------  -----  ---------  --------  ----------  --------------  -------------------
/opt/airflow/dags/flight-pipeline.py                           0           1  0.10s           2026-04-10T06:35:00
================================================================================
[2026-04-10T06:35:39.760+0000] {manager.py:878} INFO - 
================================================================================
DAG File Processing Stats

File Path                             PID    Runtime      # DAGs    # Errors  Last Runtime    Last Run
------------------------------------  -----  ---------  --------  ----------  --------------  -------------------
/opt/airflow/dags/flight-pipeline.py                           0           1  0.10s           2026-04-10T06:35:30
================================================================================
[2026-04-10T06:36:10.284+0000] {manager.py:878} INFO - 
================================================================================
DAG File Processing Stats

File Path                             PID    Runtime      # DAGs    # Errors  Last Runtime    Last Run
------------------------------------  -----  ---------  --------  ----------  --------------  -------------------
/opt/airflow/dags/flight-pipeline.py                           0           1  0.10s           2026-04-10T06:36:01
================================================================================
[2026-04-10T06:36:40.895+0000] {manager.py:878} INFO - 
================================================================================
DAG File Processing Stats

File Path                             PID    Runtime      # DAGs    # Errors  Last Runtime    Last Run
------------------------------------  -----  ---------  --------  ----------  --------------  -------------------
/opt/airflow/dags/flight-pipeline.py                           0           1  0.10s           2026-04-10T06:36:31
================================================================================
[2026-04-10T06:36:47.990+0000] {manager.py:737} INFO - Searching for files in /opt/airflow/dags
[2026-04-10T06:36:48.037+0000] {manager.py:740} INFO - There are 1 files in /opt/airflow/dags
[2026-04-10T06:37:11.442+0000] {manager.py:878} INFO - 
================================================================================
DAG File Processing Stats

File Path                             PID    Runtime      # DAGs    # Errors  Last Runtime    Last Run
------------------------------------  -----  ---------  --------  ----------  --------------  -------------------
/opt/airflow/dags/flight-pipeline.py                           0           1  0.10s           2026-04-10T06:37:02
================================================================================
[2026-04-10T06:37:41.954+0000] {manager.py:878} INFO - 
================================================================================
DAG File Processing Stats

File Path                             PID    Runtime      # DAGs    # Errors  Last Runtime    Last Run
------------------------------------  -----  ---------  --------  ----------  --------------  -------------------
/opt/airflow/dags/flight-pipeline.py                           0           1  0.10s           2026-04-10T06:37:32
================================================================================
[2026-04-10T06:38:12.411+0000] {manager.py:878} INFO - 
================================================================================
DAG File Processing Stats

File Path                             PID    Runtime      # DAGs    # Errors  Last Runtime    Last Run
------------------------------------  -----  ---------  --------  ----------  --------------  -------------------
/opt/airflow/dags/flight-pipeline.py                           0           1  0.09s           2026-04-10T06:38:03
================================================================================
[2026-04-10T06:38:43.019+0000] {manager.py:878} INFO - 
================================================================================
DAG File Processing Stats

File Path                             PID    Runtime      # DAGs    # Errors  Last Runtime    Last Run
------------------------------------  -----  ---------  --------  ----------  --------------  -------------------
/opt/airflow/dags/flight-pipeline.py                           0           1  0.09s           2026-04-10T06:38:33
================================================================================
[2026-04-10T06:39:13.561+0000] {manager.py:878} INFO - 
================================================================================
DAG File Processing Stats

File Path                             PID    Runtime      # DAGs    # Errors  Last Runtime    Last Run
------------------------------------  -----  ---------  --------  ----------  --------------  -------------------
/opt/airflow/dags/flight-pipeline.py                           0           1  0.11s           2026-04-10T06:39:04
================================================================================
[2026-04-10T06:39:44.255+0000] {manager.py:878} INFO - 
================================================================================
DAG File Processing Stats

File Path                             PID    Runtime      # DAGs    # Errors  Last Runtime    Last Run
------------------------------------  -----  ---------  --------  ----------  --------------  -------------------
/opt/airflow/dags/flight-pipeline.py                           0           1  0.11s           2026-04-10T06:39:35
================================================================================
[2026-04-10T06:40:14.896+0000] {manager.py:878} INFO - 
================================================================================
DAG File Processing Stats

File Path                             PID    Runtime      # DAGs    # Errors  Last Runtime    Last Run
------------------------------------  -----  ---------  --------  ----------  --------------  -------------------
/opt/airflow/dags/flight-pipeline.py                           0           1  0.09s           2026-04-10T06:40:05
================================================================================
[2026-04-10T06:40:45.506+0000] {manager.py:878} INFO - 
================================================================================
DAG File Processing Stats

File Path                             PID    Runtime      # DAGs    # Errors  Last Runtime    Last Run
------------------------------------  -----  ---------  --------  ----------  --------------  -------------------
/opt/airflow/dags/flight-pipeline.py                           0           1  0.10s           2026-04-10T06:40:36
================================================================================
[2026-04-10T06:41:16.080+0000] {manager.py:878} INFO - 
================================================================================
DAG File Processing Stats

File Path                             PID    Runtime      # DAGs    # Errors  Last Runtime    Last Run
------------------------------------  -----  ---------  --------  ----------  --------------  -------------------
/opt/airflow/dags/flight-pipeline.py                           0           1  0.09s           2026-04-10T06:41:06
================================================================================
[2026-04-10T06:41:46.677+0000] {manager.py:878} INFO - 
================================================================================
DAG File Processing Stats

File Path                             PID    Runtime      # DAGs    # Errors  Last Runtime    Last Run
------------------------------------  -----  ---------  --------  ----------  --------------  -------------------
/opt/airflow/dags/flight-pipeline.py                           0           1  0.10s           2026-04-10T06:41:37
================================================================================
[2026-04-10T06:41:48.686+0000] {manager.py:737} INFO - Searching for files in /opt/airflow/dags
[2026-04-10T06:41:48.701+0000] {manager.py:740} INFO - There are 1 files in /opt/airflow/dags
[2026-04-10T06:42:17.191+0000] {manager.py:878} INFO - 
================================================================================
DAG File Processing Stats

File Path                             PID    Runtime      # DAGs    # Errors  Last Runtime    Last Run
------------------------------------  -----  ---------  --------  ----------  --------------  -------------------
/opt/airflow/dags/flight-pipeline.py                           0           1  0.09s           2026-04-10T06:42:08
================================================================================
[2026-04-10T06:42:47.538+0000] {manager.py:878} INFO - 
================================================================================
DAG File Processing Stats

File Path                             PID    Runtime      # DAGs    # Errors  Last Runtime    Last Run
------------------------------------  -----  ---------  --------  ----------  --------------  -------------------
/opt/airflow/dags/flight-pipeline.py                           0           1  0.12s           2026-04-10T06:42:38
================================================================================
[2026-04-10T06:43:17.972+0000] {manager.py:878} INFO - 
================================================================================
DAG File Processing Stats

File Path                             PID    Runtime      # DAGs    # Errors  Last Runtime    Last Run
------------------------------------  -----  ---------  --------  ----------  --------------  -------------------
/opt/airflow/dags/flight-pipeline.py                           0           1  0.10s           2026-04-10T06:43:08
================================================================================
[2026-04-10T06:43:48.434+0000] {manager.py:878} INFO - 
================================================================================
DAG File Processing Stats

File Path                             PID    Runtime      # DAGs    # Errors  Last Runtime    Last Run
------------------------------------  -----  ---------  --------  ----------  --------------  -------------------
/opt/airflow/dags/flight-pipeline.py                           0           1  0.09s           2026-04-10T06:43:39
================================================================================
[2026-04-10T06:44:18.877+0000] {manager.py:878} INFO - 
================================================================================
DAG File Processing Stats

File Path                             PID    Runtime      # DAGs    # Errors  Last Runtime    Last Run
------------------------------------  -----  ---------  --------  ----------  --------------  -------------------
/opt/airflow/dags/flight-pipeline.py                           0           1  0.11s           2026-04-10T06:44:09
================================================================================
[2026-04-10T06:44:49.368+0000] {manager.py:878} INFO - 
================================================================================
DAG File Processing Stats

File Path                             PID    Runtime      # DAGs    # Errors  Last Runtime    Last Run
------------------------------------  -----  ---------  --------  ----------  --------------  -------------------
/opt/airflow/dags/flight-pipeline.py                           0           1  0.09s           2026-04-10T06:44:40
================================================================================
[2026-04-10T06:45:19.732+0000] {manager.py:878} INFO - 
================================================================================
DAG File Processing Stats

File Path                             PID    Runtime      # DAGs    # Errors  Last Runtime    Last Run
------------------------------------  -----  ---------  --------  ----------  --------------  -------------------
/opt/airflow/dags/flight-pipeline.py                           0           1  0.10s           2026-04-10T06:45:10
================================================================================
[2026-04-10T06:45:50.094+0000] {manager.py:878} INFO - 
================================================================================
DAG File Processing Stats

File Path                             PID    Runtime      # DAGs    # Errors  Last Runtime    Last Run
------------------------------------  -----  ---------  --------  ----------  --------------  -------------------
/opt/airflow/dags/flight-pipeline.py                           0           1  0.09s           2026-04-10T06:45:41
================================================================================
[2026-04-10T06:46:20.493+0000] {manager.py:878} INFO - 
================================================================================
DAG File Processing Stats

File Path                             PID    Runtime      # DAGs    # Errors  Last Runtime    Last Run
------------------------------------  -----  ---------  --------  ----------  --------------  -------------------
/opt/airflow/dags/flight-pipeline.py                           0           1  0.09s           2026-04-10T06:46:11
================================================================================
[2026-04-10T06:46:48.874+0000] {manager.py:737} INFO - Searching for files in /opt/airflow/dags
[2026-04-10T06:46:48.886+0000] {manager.py:740} INFO - There are 1 files in /opt/airflow/dags
[2026-04-10T06:46:50.917+0000] {manager.py:878} INFO - 
================================================================================
DAG File Processing Stats

File Path                             PID    Runtime      # DAGs    # Errors  Last Runtime    Last Run
------------------------------------  -----  ---------  --------  ----------  --------------  -------------------
/opt/airflow/dags/flight-pipeline.py                           0           1  0.10s           2026-04-10T06:46:41
================================================================================
[2026-04-10T06:47:21.293+0000] {manager.py:878} INFO - 
================================================================================
DAG File Processing Stats

File Path                             PID    Runtime      # DAGs    # Errors  Last Runtime    Last Run
------------------------------------  -----  ---------  --------  ----------  --------------  -------------------
/opt/airflow/dags/flight-pipeline.py                           0           1  0.13s           2026-04-10T06:47:12
================================================================================
[2026-04-10T06:47:51.698+0000] {manager.py:878} INFO - 
================================================================================
DAG File Processing Stats

File Path                             PID    Runtime      # DAGs    # Errors  Last Runtime    Last Run
------------------------------------  -----  ---------  --------  ----------  --------------  -------------------
/opt/airflow/dags/flight-pipeline.py                           0           1  0.10s           2026-04-10T06:47:42
================================================================================
[2026-04-10T06:48:22.104+0000] {manager.py:878} INFO - 
================================================================================
DAG File Processing Stats

File Path                             PID    Runtime      # DAGs    # Errors  Last Runtime    Last Run
------------------------------------  -----  ---------  --------  ----------  --------------  -------------------
/opt/airflow/dags/flight-pipeline.py                           0           1  0.13s           2026-04-10T06:48:13
================================================================================
[2026-04-10T06:48:52.485+0000] {manager.py:878} INFO - 
================================================================================
DAG File Processing Stats

File Path                             PID    Runtime      # DAGs    # Errors  Last Runtime    Last Run
------------------------------------  -----  ---------  --------  ----------  --------------  -------------------
/opt/airflow/dags/flight-pipeline.py                           0           1  0.09s           2026-04-10T06:48:43
================================================================================
[2026-04-10T06:49:22.888+0000] {manager.py:878} INFO - 
================================================================================
DAG File Processing Stats

File Path                             PID    Runtime      # DAGs    # Errors  Last Runtime    Last Run
------------------------------------  -----  ---------  --------  ----------  --------------  -------------------
/opt/airflow/dags/flight-pipeline.py                           0           1  0.16s           2026-04-10T06:49:13
================================================================================
[2026-04-10T06:49:53.328+0000] {manager.py:878} INFO - 
================================================================================
DAG File Processing Stats

File Path                             PID    Runtime      # DAGs    # Errors  Last Runtime    Last Run
------------------------------------  -----  ---------  --------  ----------  --------------  -------------------
/opt/airflow/dags/flight-pipeline.py                           0           1  0.09s           2026-04-10T06:49:44
================================================================================
[2026-04-10T06:50:23.747+0000] {manager.py:878} INFO - 
================================================================================
DAG File Processing Stats

File Path                             PID    Runtime      # DAGs    # Errors  Last Runtime    Last Run
------------------------------------  -----  ---------  --------  ----------  --------------  -------------------
/opt/airflow/dags/flight-pipeline.py                           0           1  0.11s           2026-04-10T06:50:14
================================================================================
[2026-04-10T06:50:54.054+0000] {manager.py:878} INFO - 
================================================================================
DAG File Processing Stats

File Path                             PID    Runtime      # DAGs    # Errors  Last Runtime    Last Run
------------------------------------  -----  ---------  --------  ----------  --------------  -------------------
/opt/airflow/dags/flight-pipeline.py                           0           1  0.10s           2026-04-10T06:50:45
================================================================================
[2026-04-10T06:51:24.423+0000] {manager.py:878} INFO - 
================================================================================
DAG File Processing Stats

File Path                             PID    Runtime      # DAGs    # Errors  Last Runtime    Last Run
------------------------------------  -----  ---------  --------  ----------  --------------  -------------------
/opt/airflow/dags/flight-pipeline.py                           0           1  0.14s           2026-04-10T06:51:15
================================================================================
[2026-04-10T06:51:49.763+0000] {manager.py:737} INFO - Searching for files in /opt/airflow/dags
[2026-04-10T06:51:49.818+0000] {manager.py:740} INFO - There are 1 files in /opt/airflow/dags
[2026-04-10T06:51:54.899+0000] {manager.py:878} INFO - 
================================================================================
DAG File Processing Stats

File Path                             PID    Runtime      # DAGs    # Errors  Last Runtime    Last Run
------------------------------------  -----  ---------  --------  ----------  --------------  -------------------
/opt/airflow/dags/flight-pipeline.py                           0           1  0.15s           2026-04-10T06:51:45
================================================================================
[2026-04-10T06:52:25.265+0000] {manager.py:878} INFO - 
================================================================================
DAG File Processing Stats

File Path                             PID    Runtime      # DAGs    # Errors  Last Runtime    Last Run
------------------------------------  -----  ---------  --------  ----------  --------------  -------------------
/opt/airflow/dags/flight-pipeline.py                           0           1  0.10s           2026-04-10T06:52:16
================================================================================
[2026-04-10T06:52:55.711+0000] {manager.py:878} INFO - 
================================================================================
DAG File Processing Stats

File Path                             PID    Runtime      # DAGs    # Errors  Last Runtime    Last Run
------------------------------------  -----  ---------  --------  ----------  --------------  -------------------
/opt/airflow/dags/flight-pipeline.py                           0           1  0.09s           2026-04-10T06:52:46
================================================================================
[2026-04-10T06:53:26.274+0000] {manager.py:878} INFO - 
================================================================================
DAG File Processing Stats

File Path                             PID    Runtime      # DAGs    # Errors  Last Runtime    Last Run
------------------------------------  -----  ---------  --------  ----------  --------------  -------------------
/opt/airflow/dags/flight-pipeline.py                           0           1  0.11s           2026-04-10T06:53:17
================================================================================
[2026-04-10T06:53:56.742+0000] {manager.py:878} INFO - 
================================================================================
DAG File Processing Stats

File Path                             PID    Runtime      # DAGs    # Errors  Last Runtime    Last Run
------------------------------------  -----  ---------  --------  ----------  --------------  -------------------
/opt/airflow/dags/flight-pipeline.py                           0           1  0.11s           2026-04-10T06:53:47
================================================================================
[2026-04-10T06:54:27.205+0000] {manager.py:878} INFO - 
================================================================================
DAG File Processing Stats

File Path                             PID    Runtime      # DAGs    # Errors  Last Runtime    Last Run
------------------------------------  -----  ---------  --------  ----------  --------------  -------------------
/opt/airflow/dags/flight-pipeline.py                           0           1  0.10s           2026-04-10T06:54:18
================================================================================
[2026-04-10T06:54:57.604+0000] {manager.py:878} INFO - 
================================================================================
DAG File Processing Stats

File Path                             PID    Runtime      # DAGs    # Errors  Last Runtime    Last Run
------------------------------------  -----  ---------  --------  ----------  --------------  -------------------
/opt/airflow/dags/flight-pipeline.py                           0           1  0.11s           2026-04-10T06:54:48
================================================================================
[2026-04-10T06:55:28.000+0000] {manager.py:878} INFO - 
================================================================================
DAG File Processing Stats

File Path                             PID    Runtime      # DAGs    # Errors  Last Runtime    Last Run
------------------------------------  -----  ---------  --------  ----------  --------------  -------------------
/opt/airflow/dags/flight-pipeline.py                           0           1  0.11s           2026-04-10T06:55:18
================================================================================
[2026-04-10T06:55:58.358+0000] {manager.py:878} INFO - 
================================================================================
DAG File Processing Stats

File Path                             PID    Runtime      # DAGs    # Errors  Last Runtime    Last Run
------------------------------------  -----  ---------  --------  ----------  --------------  -------------------
/opt/airflow/dags/flight-pipeline.py                           0           1  0.09s           2026-04-10T06:55:49
================================================================================
[2026-04-10T06:56:28.738+0000] {manager.py:878} INFO - 
================================================================================
DAG File Processing Stats

File Path                             PID    Runtime      # DAGs    # Errors  Last Runtime    Last Run
------------------------------------  -----  ---------  --------  ----------  --------------  -------------------
/opt/airflow/dags/flight-pipeline.py                           0           1  0.28s           2026-04-10T06:56:19
================================================================================
[2026-04-10T06:56:49.949+0000] {manager.py:737} INFO - Searching for files in /opt/airflow/dags
[2026-04-10T06:56:49.995+0000] {manager.py:740} INFO - There are 1 files in /opt/airflow/dags
[2026-04-10T06:56:59.136+0000] {manager.py:878} INFO - 
================================================================================
DAG File Processing Stats

File Path                             PID    Runtime      # DAGs    # Errors  Last Runtime    Last Run
------------------------------------  -----  ---------  --------  ----------  --------------  -------------------
/opt/airflow/dags/flight-pipeline.py                           0           1  0.09s           2026-04-10T06:56:50
================================================================================
[2026-04-10T06:57:29.612+0000] {manager.py:878} INFO - 
================================================================================
DAG File Processing Stats

File Path                             PID    Runtime      # DAGs    # Errors  Last Runtime    Last Run
------------------------------------  -----  ---------  --------  ----------  --------------  -------------------
/opt/airflow/dags/flight-pipeline.py                           0           1  0.10s           2026-04-10T06:57:20
================================================================================
[2026-04-10T06:58:00.110+0000] {manager.py:878} INFO - 
================================================================================
DAG File Processing Stats

File Path                             PID    Runtime      # DAGs    # Errors  Last Runtime    Last Run
------------------------------------  -----  ---------  --------  ----------  --------------  -------------------
/opt/airflow/dags/flight-pipeline.py                           0           1  0.10s           2026-04-10T06:57:51
================================================================================
[2026-04-10T06:58:30.445+0000] {manager.py:878} INFO - 
================================================================================
DAG File Processing Stats

File Path                             PID    Runtime      # DAGs    # Errors  Last Runtime    Last Run
------------------------------------  -----  ---------  --------  ----------  --------------  -------------------
/opt/airflow/dags/flight-pipeline.py                           0           1  0.09s           2026-04-10T06:58:21
================================================================================
[2026-04-10T06:59:00.911+0000] {manager.py:878} INFO - 
================================================================================
DAG File Processing Stats

File Path                             PID    Runtime      # DAGs    # Errors  Last Runtime    Last Run
------------------------------------  -----  ---------  --------  ----------  --------------  -------------------
/opt/airflow/dags/flight-pipeline.py                           0           1  0.10s           2026-04-10T06:58:51
================================================================================
[2026-04-10T06:59:31.332+0000] {manager.py:878} INFO - 
================================================================================
DAG File Processing Stats

File Path                             PID    Runtime      # DAGs    # Errors  Last Runtime    Last Run
------------------------------------  -----  ---------  --------  ----------  --------------  -------------------
/opt/airflow/dags/flight-pipeline.py                           0           1  0.12s           2026-04-10T06:59:22
================================================================================
[2026-04-10T07:00:01.770+0000] {manager.py:878} INFO - 
================================================================================
DAG File Processing Stats

File Path                             PID    Runtime      # DAGs    # Errors  Last Runtime    Last Run
------------------------------------  -----  ---------  --------  ----------  --------------  -------------------
/opt/airflow/dags/flight-pipeline.py                           0           1  0.09s           2026-04-10T06:59:52
================================================================================
[2026-04-10T07:00:32.228+0000] {manager.py:878} INFO - 
================================================================================
DAG File Processing Stats

File Path                             PID    Runtime      # DAGs    # Errors  Last Runtime    Last Run
------------------------------------  -----  ---------  --------  ----------  --------------  -------------------
/opt/airflow/dags/flight-pipeline.py                           0           1  0.09s           2026-04-10T07:00:23
================================================================================
[2026-04-10T07:01:02.619+0000] {manager.py:878} INFO - 
================================================================================
DAG File Processing Stats

File Path                             PID    Runtime      # DAGs    # Errors  Last Runtime    Last Run
------------------------------------  -----  ---------  --------  ----------  --------------  -------------------
/opt/airflow/dags/flight-pipeline.py                           0           1  0.10s           2026-04-10T07:00:53
================================================================================
[2026-04-10T07:01:33.101+0000] {manager.py:878} INFO - 
================================================================================
DAG File Processing Stats

File Path                             PID    Runtime      # DAGs    # Errors  Last Runtime    Last Run
------------------------------------  -----  ---------  --------  ----------  --------------  -------------------
/opt/airflow/dags/flight-pipeline.py                           0           1  0.10s           2026-04-10T07:01:24
================================================================================
[2026-04-10T07:01:50.283+0000] {manager.py:737} INFO - Searching for files in /opt/airflow/dags
[2026-04-10T07:01:50.299+0000] {manager.py:740} INFO - There are 1 files in /opt/airflow/dags
[2026-04-10T07:02:03.525+0000] {manager.py:878} INFO - 
================================================================================
DAG File Processing Stats

File Path                             PID    Runtime      # DAGs    # Errors  Last Runtime    Last Run
------------------------------------  -----  ---------  --------  ----------  --------------  -------------------
/opt/airflow/dags/flight-pipeline.py                           0           1  0.14s           2026-04-10T07:01:54
================================================================================
[2026-04-10T07:02:33.920+0000] {manager.py:878} INFO - 
================================================================================
DAG File Processing Stats

File Path                             PID    Runtime      # DAGs    # Errors  Last Runtime    Last Run
------------------------------------  -----  ---------  --------  ----------  --------------  -------------------
/opt/airflow/dags/flight-pipeline.py                           0           1  0.09s           2026-04-10T07:02:24
================================================================================
[2026-04-10T07:03:04.323+0000] {manager.py:878} INFO - 
================================================================================
DAG File Processing Stats

File Path                             PID    Runtime      # DAGs    # Errors  Last Runtime    Last Run
------------------------------------  -----  ---------  --------  ----------  --------------  -------------------
/opt/airflow/dags/flight-pipeline.py                           0           1  0.11s           2026-04-10T07:02:55
================================================================================
[2026-04-10T07:03:34.766+0000] {manager.py:878} INFO - 
================================================================================
DAG File Processing Stats

File Path                             PID    Runtime      # DAGs    # Errors  Last Runtime    Last Run
------------------------------------  -----  ---------  --------  ----------  --------------  -------------------
/opt/airflow/dags/flight-pipeline.py                           0           1  0.18s           2026-04-10T07:03:25
================================================================================
[2026-04-10T07:04:05.305+0000] {manager.py:878} INFO - 
================================================================================
DAG File Processing Stats

File Path                             PID    Runtime      # DAGs    # Errors  Last Runtime    Last Run
------------------------------------  -----  ---------  --------  ----------  --------------  -------------------
/opt/airflow/dags/flight-pipeline.py                           0           1  0.09s           2026-04-10T07:03:56
================================================================================
[2026-04-10T07:04:35.658+0000] {manager.py:878} INFO - 
================================================================================
DAG File Processing Stats

File Path                             PID    Runtime      # DAGs    # Errors  Last Runtime    Last Run
------------------------------------  -----  ---------  --------  ----------  --------------  -------------------
/opt/airflow/dags/flight-pipeline.py                           0           1  0.10s           2026-04-10T07:04:26
================================================================================
[2026-04-10T07:05:05.941+0000] {manager.py:878} INFO - 
================================================================================
DAG File Processing Stats

File Path                             PID    Runtime      # DAGs    # Errors  Last Runtime    Last Run
------------------------------------  -----  ---------  --------  ----------  --------------  -------------------
/opt/airflow/dags/flight-pipeline.py                           0           1  0.24s           2026-04-10T07:04:57
================================================================================
[2026-04-10T07:05:36.156+0000] {manager.py:878} INFO - 
================================================================================
DAG File Processing Stats

File Path                             PID    Runtime      # DAGs    # Errors  Last Runtime    Last Run
------------------------------------  -----  ---------  --------  ----------  --------------  -------------------
/opt/airflow/dags/flight-pipeline.py                           0           1  0.13s           2026-04-10T07:05:27
================================================================================
[2026-04-10T07:06:06.510+0000] {manager.py:878} INFO - 
================================================================================
DAG File Processing Stats

File Path                             PID    Runtime      # DAGs    # Errors  Last Runtime    Last Run
------------------------------------  -----  ---------  --------  ----------  --------------  -------------------
/opt/airflow/dags/flight-pipeline.py                           0           1  0.11s           2026-04-10T07:05:57
================================================================================
[2026-04-10T07:06:36.932+0000] {manager.py:878} INFO - 
================================================================================
DAG File Processing Stats

File Path                             PID    Runtime      # DAGs    # Errors  Last Runtime    Last Run
------------------------------------  -----  ---------  --------  ----------  --------------  -------------------
/opt/airflow/dags/flight-pipeline.py                           0           1  0.09s           2026-04-10T07:06:27
================================================================================
[2026-04-10T07:06:51.099+0000] {manager.py:737} INFO - Searching for files in /opt/airflow/dags
[2026-04-10T07:06:51.116+0000] {manager.py:740} INFO - There are 1 files in /opt/airflow/dags
[2026-04-10T07:07:07.357+0000] {manager.py:878} INFO - 
================================================================================
DAG File Processing Stats

File Path                             PID    Runtime      # DAGs    # Errors  Last Runtime    Last Run
------------------------------------  -----  ---------  --------  ----------  --------------  -------------------
/opt/airflow/dags/flight-pipeline.py                           0           1  0.11s           2026-04-10T07:06:58
================================================================================
[2026-04-10T07:07:37.795+0000] {manager.py:878} INFO - 
================================================================================
DAG File Processing Stats

File Path                             PID    Runtime      # DAGs    # Errors  Last Runtime    Last Run
------------------------------------  -----  ---------  --------  ----------  --------------  -------------------
/opt/airflow/dags/flight-pipeline.py                           0           1  0.09s           2026-04-10T07:07:28
================================================================================
[2026-04-10T07:08:08.176+0000] {manager.py:878} INFO - 
================================================================================
DAG File Processing Stats

File Path                             PID    Runtime      # DAGs    # Errors  Last Runtime    Last Run
------------------------------------  -----  ---------  --------  ----------  --------------  -------------------
/opt/airflow/dags/flight-pipeline.py                           0           1  0.09s           2026-04-10T07:07:59
================================================================================
[2026-04-10T07:08:38.555+0000] {manager.py:878} INFO - 
================================================================================
DAG File Processing Stats

File Path                             PID    Runtime      # DAGs    # Errors  Last Runtime    Last Run
------------------------------------  -----  ---------  --------  ----------  --------------  -------------------
/opt/airflow/dags/flight-pipeline.py                           0           1  0.12s           2026-04-10T07:08:29
================================================================================
[2026-04-10T07:09:08.955+0000] {manager.py:878} INFO - 
================================================================================
DAG File Processing Stats

File Path                             PID    Runtime      # DAGs    # Errors  Last Runtime    Last Run
------------------------------------  -----  ---------  --------  ----------  --------------  -------------------
/opt/airflow/dags/flight-pipeline.py                           0           1  0.13s           2026-04-10T07:08:59
================================================================================
[2026-04-10T07:09:39.381+0000] {manager.py:878} INFO - 
================================================================================
DAG File Processing Stats

File Path                             PID    Runtime      # DAGs    # Errors  Last Runtime    Last Run
------------------------------------  -----  ---------  --------  ----------  --------------  -------------------
/opt/airflow/dags/flight-pipeline.py                           0           1  0.12s           2026-04-10T07:09:30
================================================================================
[2026-04-10T07:10:09.728+0000] {manager.py:878} INFO - 
================================================================================
DAG File Processing Stats

File Path                             PID    Runtime      # DAGs    # Errors  Last Runtime    Last Run
------------------------------------  -----  ---------  --------  ----------  --------------  -------------------
/opt/airflow/dags/flight-pipeline.py                           0           1  0.09s           2026-04-10T07:10:00
================================================================================
[2026-04-10T07:10:40.144+0000] {manager.py:878} INFO - 
================================================================================
DAG File Processing Stats

File Path                             PID    Runtime      # DAGs    # Errors  Last Runtime    Last Run
------------------------------------  -----  ---------  --------  ----------  --------------  -------------------
/opt/airflow/dags/flight-pipeline.py                           0           1  0.09s           2026-04-10T07:10:32
================================================================================
[2026-04-10T07:11:10.505+0000] {manager.py:878} INFO - 
================================================================================
DAG File Processing Stats

File Path                             PID    Runtime      # DAGs    # Errors  Last Runtime    Last Run
------------------------------------  -----  ---------  --------  ----------  --------------  -------------------
/opt/airflow/dags/flight-pipeline.py                           0           1  0.10s           2026-04-10T07:10:42
================================================================================
[2026-04-10T07:11:41.047+0000] {manager.py:878} INFO - 
================================================================================
DAG File Processing Stats

File Path                             PID    Runtime      # DAGs    # Errors  Last Runtime    Last Run
------------------------------------  -----  ---------  --------  ----------  --------------  -------------------
/opt/airflow/dags/flight-pipeline.py                           0           1  0.09s           2026-04-10T07:11:36
================================================================================
[2026-04-10T07:11:51.144+0000] {manager.py:737} INFO - Searching for files in /opt/airflow/dags
[2026-04-10T07:11:51.173+0000] {manager.py:740} INFO - There are 1 files in /opt/airflow/dags
[2026-04-10T07:12:11.420+0000] {manager.py:878} INFO - 
================================================================================
DAG File Processing Stats

File Path                             PID    Runtime      # DAGs    # Errors  Last Runtime    Last Run
------------------------------------  -----  ---------  --------  ----------  --------------  -------------------
/opt/airflow/dags/flight-pipeline.py                           0           1  0.09s           2026-04-10T07:11:51
================================================================================
[2026-04-10T07:12:42.066+0000] {manager.py:878} INFO - 
================================================================================
DAG File Processing Stats

File Path                             PID    Runtime      # DAGs    # Errors  Last Runtime    Last Run
------------------------------------  -----  ---------  --------  ----------  --------------  -------------------
/opt/airflow/dags/flight-pipeline.py                           0           1  0.15s           2026-04-10T07:12:37
================================================================================
[2026-04-10T07:13:12.461+0000] {manager.py:878} INFO - 
================================================================================
DAG File Processing Stats

File Path                             PID    Runtime      # DAGs    # Errors  Last Runtime    Last Run
------------------------------------  -----  ---------  --------  ----------  --------------  -------------------
/opt/airflow/dags/flight-pipeline.py                           0           1  0.15s           2026-04-10T07:13:07
================================================================================
[2026-04-10T07:13:42.973+0000] {manager.py:878} INFO - 
================================================================================
DAG File Processing Stats

File Path                             PID    Runtime      # DAGs    # Errors  Last Runtime    Last Run
------------------------------------  -----  ---------  --------  ----------  --------------  -------------------
/opt/airflow/dags/flight-pipeline.py                           0           1  0.13s           2026-04-10T07:13:37
================================================================================
[2026-04-10T07:14:13.298+0000] {manager.py:878} INFO - 
================================================================================
DAG File Processing Stats

File Path                             PID    Runtime      # DAGs    # Errors  Last Runtime    Last Run
------------------------------------  -----  ---------  --------  ----------  --------------  -------------------
/opt/airflow/dags/flight-pipeline.py                           0           1  0.11s           2026-04-10T07:14:08
================================================================================
[2026-04-10T07:14:43.745+0000] {manager.py:878} INFO - 
================================================================================
DAG File Processing Stats

File Path                             PID    Runtime      # DAGs    # Errors  Last Runtime    Last Run
------------------------------------  -----  ---------  --------  ----------  --------------  -------------------
/opt/airflow/dags/flight-pipeline.py                           0           1  0.24s           2026-04-10T07:14:38
================================================================================
[2026-04-10T07:15:14.190+0000] {manager.py:878} INFO - 
================================================================================
DAG File Processing Stats

File Path                             PID    Runtime      # DAGs    # Errors  Last Runtime    Last Run
------------------------------------  -----  ---------  --------  ----------  --------------  -------------------
/opt/airflow/dags/flight-pipeline.py                           0           1  0.20s           2026-04-10T07:15:09
================================================================================
[2026-04-10T07:15:44.618+0000] {manager.py:878} INFO - 
================================================================================
DAG File Processing Stats

File Path                             PID    Runtime      # DAGs    # Errors  Last Runtime    Last Run
------------------------------------  -----  ---------  --------  ----------  --------------  -------------------
/opt/airflow/dags/flight-pipeline.py                           0           1  0.12s           2026-04-10T07:15:39
================================================================================
[2026-04-10T07:16:15.003+0000] {manager.py:878} INFO - 
================================================================================
DAG File Processing Stats

File Path                             PID    Runtime      # DAGs    # Errors  Last Runtime    Last Run
------------------------------------  -----  ---------  --------  ----------  --------------  -------------------
/opt/airflow/dags/flight-pipeline.py                           0           1  0.15s           2026-04-10T07:16:10
================================================================================
[2026-04-10T07:16:45.201+0000] {manager.py:878} INFO - 
================================================================================
DAG File Processing Stats

File Path                             PID    Runtime      # DAGs    # Errors  Last Runtime    Last Run
------------------------------------  -----  ---------  --------  ----------  --------------  -------------------
/opt/airflow/dags/flight-pipeline.py                           1           0  0.27s           2026-04-10T07:16:40
================================================================================
[2026-04-10T07:16:51.541+0000] {manager.py:737} INFO - Searching for files in /opt/airflow/dags
[2026-04-10T07:16:51.581+0000] {manager.py:740} INFO - There are 1 files in /opt/airflow/dags
[2026-04-10T07:17:15.301+0000] {manager.py:878} INFO - 
================================================================================
DAG File Processing Stats

File Path                             PID    Runtime      # DAGs    # Errors  Last Runtime    Last Run
------------------------------------  -----  ---------  --------  ----------  --------------  -------------------
/opt/airflow/dags/flight-pipeline.py                           1           0  0.20s           2026-04-10T07:17:11
================================================================================
[2026-04-10T07:17:45.642+0000] {manager.py:878} INFO - 
================================================================================
DAG File Processing Stats

File Path                             PID    Runtime      # DAGs    # Errors  Last Runtime    Last Run
------------------------------------  -----  ---------  --------  ----------  --------------  -------------------
/opt/airflow/dags/flight-pipeline.py                           1           0  0.20s           2026-04-10T07:17:41
================================================================================
[2026-04-10T07:18:16.069+0000] {manager.py:878} INFO - 
================================================================================
DAG File Processing Stats

File Path                             PID    Runtime      # DAGs    # Errors  Last Runtime    Last Run
------------------------------------  -----  ---------  --------  ----------  --------------  -------------------
/opt/airflow/dags/flight-pipeline.py                           1           0  0.18s           2026-04-10T07:18:12
================================================================================
[2026-04-10T07:18:46.513+0000] {manager.py:878} INFO - 
================================================================================
DAG File Processing Stats

File Path                             PID    Runtime      # DAGs    # Errors  Last Runtime    Last Run
------------------------------------  -----  ---------  --------  ----------  --------------  -------------------
/opt/airflow/dags/flight-pipeline.py                           1           0  0.20s           2026-04-10T07:18:42
================================================================================
[2026-04-10T07:19:16.794+0000] {manager.py:878} INFO - 
================================================================================
DAG File Processing Stats

File Path                             PID    Runtime      # DAGs    # Errors  Last Runtime    Last Run
------------------------------------  -----  ---------  --------  ----------  --------------  -------------------
/opt/airflow/dags/flight-pipeline.py                           1           0  0.40s           2026-04-10T07:19:13
================================================================================
[2026-04-10T07:19:47.069+0000] {manager.py:878} INFO - 
================================================================================
DAG File Processing Stats

File Path                             PID    Runtime      # DAGs    # Errors  Last Runtime    Last Run
------------------------------------  -----  ---------  --------  ----------  --------------  -------------------
/opt/airflow/dags/flight-pipeline.py                           1           0  0.56s           2026-04-10T07:19:46
================================================================================
[2026-04-10T07:20:17.374+0000] {manager.py:878} INFO - 
================================================================================
DAG File Processing Stats

File Path                             PID    Runtime      # DAGs    # Errors  Last Runtime    Last Run
------------------------------------  -----  ---------  --------  ----------  --------------  -------------------
/opt/airflow/dags/flight-pipeline.py                           1           0  0.23s           2026-04-10T07:20:16
================================================================================
[2026-04-10T07:20:47.842+0000] {manager.py:878} INFO - 
================================================================================
DAG File Processing Stats

File Path                             PID    Runtime      # DAGs    # Errors  Last Runtime    Last Run
------------------------------------  -----  ---------  --------  ----------  --------------  -------------------
/opt/airflow/dags/flight-pipeline.py                           1           0  0.22s           2026-04-10T07:20:43
================================================================================
[2026-04-10T07:21:18.180+0000] {manager.py:878} INFO - 
================================================================================
DAG File Processing Stats

File Path                             PID    Runtime      # DAGs    # Errors  Last Runtime    Last Run
------------------------------------  -----  ---------  --------  ----------  --------------  -------------------
/opt/airflow/dags/flight-pipeline.py                           1           0  0.18s           2026-04-10T07:21:14
================================================================================
[2026-04-10T07:21:48.585+0000] {manager.py:878} INFO - 
================================================================================
DAG File Processing Stats

File Path                             PID    Runtime      # DAGs    # Errors  Last Runtime    Last Run
------------------------------------  -----  ---------  --------  ----------  --------------  -------------------
/opt/airflow/dags/flight-pipeline.py                           1           0  0.23s           2026-04-10T07:21:44
================================================================================
[2026-04-10T07:21:51.624+0000] {manager.py:737} INFO - Searching for files in /opt/airflow/dags
[2026-04-10T07:21:51.649+0000] {manager.py:740} INFO - There are 1 files in /opt/airflow/dags
[2026-04-10T07:22:18.964+0000] {manager.py:878} INFO - 
================================================================================
DAG File Processing Stats

File Path                             PID    Runtime      # DAGs    # Errors  Last Runtime    Last Run
------------------------------------  -----  ---------  --------  ----------  --------------  -------------------
/opt/airflow/dags/flight-pipeline.py                           1           0  0.19s           2026-04-10T07:22:15
================================================================================
[2026-04-10T07:22:49.333+0000] {manager.py:878} INFO - 
================================================================================
DAG File Processing Stats

File Path                             PID    Runtime      # DAGs    # Errors  Last Runtime    Last Run
------------------------------------  -----  ---------  --------  ----------  --------------  -------------------
/opt/airflow/dags/flight-pipeline.py                           1           0  0.21s           2026-04-10T07:22:45
================================================================================
[2026-04-10T07:23:19.654+0000] {manager.py:878} INFO - 
================================================================================
DAG File Processing Stats

File Path                             PID    Runtime      # DAGs    # Errors  Last Runtime    Last Run
------------------------------------  -----  ---------  --------  ----------  --------------  -------------------
/opt/airflow/dags/flight-pipeline.py                           1           0  0.20s           2026-04-10T07:23:15
================================================================================
[2026-04-10T07:23:50.036+0000] {manager.py:878} INFO - 
================================================================================
DAG File Processing Stats

File Path                             PID    Runtime      # DAGs    # Errors  Last Runtime    Last Run
------------------------------------  -----  ---------  --------  ----------  --------------  -------------------
/opt/airflow/dags/flight-pipeline.py                           1           0  0.20s           2026-04-10T07:23:46
================================================================================
[2026-04-10T07:24:20.317+0000] {manager.py:878} INFO - 
================================================================================
DAG File Processing Stats

File Path                             PID    Runtime      # DAGs    # Errors  Last Runtime    Last Run
------------------------------------  -----  ---------  --------  ----------  --------------  -------------------
/opt/airflow/dags/flight-pipeline.py                           1           0  0.23s           2026-04-10T07:24:16
================================================================================
[2026-04-10T07:24:51.073+0000] {manager.py:878} INFO - 
================================================================================
DAG File Processing Stats

File Path                             PID    Runtime      # DAGs    # Errors  Last Runtime    Last Run
------------------------------------  -----  ---------  --------  ----------  --------------  -------------------
/opt/airflow/dags/flight-pipeline.py                           1           0  0.23s           2026-04-10T07:24:46
================================================================================
[2026-04-10T07:25:21.488+0000] {manager.py:878} INFO - 
================================================================================
DAG File Processing Stats

File Path                             PID    Runtime      # DAGs    # Errors  Last Runtime    Last Run
------------------------------------  -----  ---------  --------  ----------  --------------  -------------------
/opt/airflow/dags/flight-pipeline.py                           1           0  0.22s           2026-04-10T07:25:13
================================================================================
[2026-04-10T07:25:51.768+0000] {manager.py:878} INFO - 
================================================================================
DAG File Processing Stats

File Path                             PID    Runtime      # DAGs    # Errors  Last Runtime    Last Run
------------------------------------  -----  ---------  --------  ----------  --------------  -------------------
/opt/airflow/dags/flight-pipeline.py                           1           0  0.20s           2026-04-10T07:25:43
================================================================================
[2026-04-10T07:26:22.270+0000] {manager.py:878} INFO - 
================================================================================
DAG File Processing Stats

File Path                             PID    Runtime      # DAGs    # Errors  Last Runtime    Last Run
------------------------------------  -----  ---------  --------  ----------  --------------  -------------------
/opt/airflow/dags/flight-pipeline.py                           1           0  0.20s           2026-04-10T07:26:14
================================================================================
[2026-04-10T07:26:51.769+0000] {manager.py:737} INFO - Searching for files in /opt/airflow/dags
[2026-04-10T07:26:51.807+0000] {manager.py:740} INFO - There are 1 files in /opt/airflow/dags
[2026-04-10T07:26:52.592+0000] {manager.py:878} INFO - 
================================================================================
DAG File Processing Stats

File Path                             PID    Runtime      # DAGs    # Errors  Last Runtime    Last Run
------------------------------------  -----  ---------  --------  ----------  --------------  -------------------
/opt/airflow/dags/flight-pipeline.py                           1           0  0.17s           2026-04-10T07:26:44
================================================================================
[2026-04-10T07:27:23.134+0000] {manager.py:878} INFO - 
================================================================================
DAG File Processing Stats

File Path                             PID    Runtime      # DAGs    # Errors  Last Runtime    Last Run
------------------------------------  -----  ---------  --------  ----------  --------------  -------------------
/opt/airflow/dags/flight-pipeline.py                           1           0  0.27s           2026-04-10T07:27:15
================================================================================
[2026-04-10T07:27:53.506+0000] {manager.py:878} INFO - 
================================================================================
DAG File Processing Stats

File Path                             PID    Runtime      # DAGs    # Errors  Last Runtime    Last Run
------------------------------------  -----  ---------  --------  ----------  --------------  -------------------
/opt/airflow/dags/flight-pipeline.py                           1           0  0.23s           2026-04-10T07:27:45
================================================================================
[2026-04-10T07:28:23.879+0000] {manager.py:878} INFO - 
================================================================================
DAG File Processing Stats

File Path                             PID    Runtime      # DAGs    # Errors  Last Runtime    Last Run
------------------------------------  -----  ---------  --------  ----------  --------------  -------------------
/opt/airflow/dags/flight-pipeline.py                           1           0  0.18s           2026-04-10T07:28:15
================================================================================
[2026-04-10T07:28:54.344+0000] {manager.py:878} INFO - 
================================================================================
DAG File Processing Stats

File Path                             PID    Runtime      # DAGs    # Errors  Last Runtime    Last Run
------------------------------------  -----  ---------  --------  ----------  --------------  -------------------
/opt/airflow/dags/flight-pipeline.py                           1           0  0.19s           2026-04-10T07:28:46
================================================================================
[2026-04-10T07:29:24.794+0000] {manager.py:878} INFO - 
================================================================================
DAG File Processing Stats

File Path                             PID    Runtime      # DAGs    # Errors  Last Runtime    Last Run
------------------------------------  -----  ---------  --------  ----------  --------------  -------------------
/opt/airflow/dags/flight-pipeline.py                           1           0  0.18s           2026-04-10T07:29:16
================================================================================
[2026-04-10T07:29:55.136+0000] {manager.py:878} INFO - 
================================================================================
DAG File Processing Stats

File Path                             PID    Runtime      # DAGs    # Errors  Last Runtime    Last Run
------------------------------------  -----  ---------  --------  ----------  --------------  -------------------
/opt/airflow/dags/flight-pipeline.py                           1           0  0.22s           2026-04-10T07:29:47
================================================================================
[2026-04-10T07:30:25.638+0000] {manager.py:878} INFO - 
================================================================================
DAG File Processing Stats

File Path                             PID    Runtime      # DAGs    # Errors  Last Runtime    Last Run
------------------------------------  -----  ---------  --------  ----------  --------------  -------------------
/opt/airflow/dags/flight-pipeline.py                           1           0  0.22s           2026-04-10T07:30:17
================================================================================
[2026-04-10T07:30:55.982+0000] {manager.py:878} INFO - 
================================================================================
DAG File Processing Stats

File Path                             PID    Runtime      # DAGs    # Errors  Last Runtime    Last Run
------------------------------------  -----  ---------  --------  ----------  --------------  -------------------
/opt/airflow/dags/flight-pipeline.py                           1           0  0.19s           2026-04-10T07:30:48
================================================================================
[2026-04-10T07:31:26.503+0000] {manager.py:878} INFO - 
================================================================================
DAG File Processing Stats

File Path                             PID    Runtime      # DAGs    # Errors  Last Runtime    Last Run
------------------------------------  -----  ---------  --------  ----------  --------------  -------------------
/opt/airflow/dags/flight-pipeline.py                           1           0  0.20s           2026-04-10T07:31:18
================================================================================
[2026-04-10T07:31:51.857+0000] {manager.py:737} INFO - Searching for files in /opt/airflow/dags
[2026-04-10T07:31:51.889+0000] {manager.py:740} INFO - There are 1 files in /opt/airflow/dags
[2026-04-10T07:31:56.969+0000] {manager.py:878} INFO - 
================================================================================
DAG File Processing Stats

File Path                             PID    Runtime      # DAGs    # Errors  Last Runtime    Last Run
------------------------------------  -----  ---------  --------  ----------  --------------  -------------------
/opt/airflow/dags/flight-pipeline.py                           1           0  0.20s           2026-04-10T07:31:33
================================================================================
[2026-04-10T07:32:27.409+0000] {manager.py:878} INFO - 
================================================================================
DAG File Processing Stats

File Path                             PID    Runtime      # DAGs    # Errors  Last Runtime    Last Run
------------------------------------  -----  ---------  --------  ----------  --------------  -------------------
/opt/airflow/dags/flight-pipeline.py                           1           0  0.18s           2026-04-10T07:32:04
================================================================================
[2026-04-10T07:32:57.835+0000] {manager.py:878} INFO - 
================================================================================
DAG File Processing Stats

File Path                             PID    Runtime      # DAGs    # Errors  Last Runtime    Last Run
------------------------------------  -----  ---------  --------  ----------  --------------  -------------------
/opt/airflow/dags/flight-pipeline.py                           1           0  0.18s           2026-04-10T07:32:34
================================================================================
[2026-04-10T07:33:28.241+0000] {manager.py:878} INFO - 
================================================================================
DAG File Processing Stats

File Path                             PID    Runtime      # DAGs    # Errors  Last Runtime    Last Run
------------------------------------  -----  ---------  --------  ----------  --------------  -------------------
/opt/airflow/dags/flight-pipeline.py                           1           0  0.17s           2026-04-10T07:33:05
================================================================================
[2026-04-10T07:33:58.863+0000] {manager.py:878} INFO - 
================================================================================
DAG File Processing Stats

File Path                             PID    Runtime      # DAGs    # Errors  Last Runtime    Last Run
------------------------------------  -----  ---------  --------  ----------  --------------  -------------------
/opt/airflow/dags/flight-pipeline.py                           1           0  0.22s           2026-04-10T07:33:52
================================================================================
[2026-04-10T07:34:29.300+0000] {manager.py:878} INFO - 
================================================================================
DAG File Processing Stats

File Path                             PID    Runtime      # DAGs    # Errors  Last Runtime    Last Run
------------------------------------  -----  ---------  --------  ----------  --------------  -------------------
/opt/airflow/dags/flight-pipeline.py                           1           0  0.21s           2026-04-10T07:34:23
================================================================================
[2026-04-10T07:34:59.628+0000] {manager.py:878} INFO - 
================================================================================
DAG File Processing Stats

File Path                             PID    Runtime      # DAGs    # Errors  Last Runtime    Last Run
------------------------------------  -----  ---------  --------  ----------  --------------  -------------------
/opt/airflow/dags/flight-pipeline.py                           1           0  0.20s           2026-04-10T07:34:53
================================================================================
[2026-04-10T07:35:30.077+0000] {manager.py:878} INFO - 
================================================================================
DAG File Processing Stats

File Path                             PID    Runtime      # DAGs    # Errors  Last Runtime    Last Run
------------------------------------  -----  ---------  --------  ----------  --------------  -------------------
/opt/airflow/dags/flight-pipeline.py                           1           0  0.22s           2026-04-10T07:35:24
================================================================================
[2026-04-10T07:36:00.778+0000] {manager.py:878} INFO - 
================================================================================
DAG File Processing Stats

File Path                             PID    Runtime      # DAGs    # Errors  Last Runtime    Last Run
------------------------------------  -----  ---------  --------  ----------  --------------  -------------------
/opt/airflow/dags/flight-pipeline.py                           0           1  0.10s           2026-04-10T07:35:58
================================================================================
[2026-04-10T07:36:31.276+0000] {manager.py:878} INFO - 
================================================================================
DAG File Processing Stats

File Path                               PID  Runtime      # DAGs    # Errors  Last Runtime    Last Run
------------------------------------  -----  ---------  --------  ----------  --------------  -------------------
/opt/airflow/dags/flight-pipeline.py    256  0.01s             0           1  0.15s           2026-04-10T07:36:25
================================================================================
[2026-04-10T07:36:52.570+0000] {manager.py:737} INFO - Searching for files in /opt/airflow/dags
[2026-04-10T07:36:52.598+0000] {manager.py:740} INFO - There are 1 files in /opt/airflow/dags
[2026-04-10T07:37:01.736+0000] {manager.py:878} INFO - 
================================================================================
DAG File Processing Stats

File Path                             PID    Runtime      # DAGs    # Errors  Last Runtime    Last Run
------------------------------------  -----  ---------  --------  ----------  --------------  -------------------
/opt/airflow/dags/flight-pipeline.py                           0           1  0.10s           2026-04-10T07:36:54
================================================================================
[2026-04-10T07:37:32.088+0000] {manager.py:878} INFO - 
================================================================================
DAG File Processing Stats

File Path                             PID    Runtime      # DAGs    # Errors  Last Runtime    Last Run
------------------------------------  -----  ---------  --------  ----------  --------------  -------------------
/opt/airflow/dags/flight-pipeline.py                           0           1  0.10s           2026-04-10T07:37:25
================================================================================
[2026-04-10T07:38:02.377+0000] {manager.py:878} INFO - 
================================================================================
DAG File Processing Stats

File Path                             PID    Runtime      # DAGs    # Errors  Last Runtime    Last Run
------------------------------------  -----  ---------  --------  ----------  --------------  -------------------
/opt/airflow/dags/flight-pipeline.py                           0           1  0.10s           2026-04-10T07:37:55
================================================================================
[2026-04-10T07:38:32.823+0000] {manager.py:878} INFO - 
================================================================================
DAG File Processing Stats

File Path                             PID    Runtime      # DAGs    # Errors  Last Runtime    Last Run
------------------------------------  -----  ---------  --------  ----------  --------------  -------------------
/opt/airflow/dags/flight-pipeline.py                           0           1  0.21s           2026-04-10T07:38:25
================================================================================
[2026-04-10T07:39:03.064+0000] {manager.py:878} INFO - 
================================================================================
DAG File Processing Stats

File Path                             PID    Runtime      # DAGs    # Errors  Last Runtime    Last Run
------------------------------------  -----  ---------  --------  ----------  --------------  -------------------
/opt/airflow/dags/flight-pipeline.py                           0           1  0.12s           2026-04-10T07:38:56
================================================================================
[2026-04-10T07:39:33.509+0000] {manager.py:878} INFO - 
================================================================================
DAG File Processing Stats

File Path                             PID    Runtime      # DAGs    # Errors  Last Runtime    Last Run
------------------------------------  -----  ---------  --------  ----------  --------------  -------------------
/opt/airflow/dags/flight-pipeline.py                           0           1  0.28s           2026-04-10T07:39:26
================================================================================
[2026-04-10T07:40:03.917+0000] {manager.py:878} INFO - 
================================================================================
DAG File Processing Stats

File Path                             PID    Runtime      # DAGs    # Errors  Last Runtime    Last Run
------------------------------------  -----  ---------  --------  ----------  --------------  -------------------
/opt/airflow/dags/flight-pipeline.py                           0           1  0.19s           2026-04-10T07:39:56
================================================================================
[2026-04-10T07:40:34.138+0000] {manager.py:878} INFO - 
================================================================================
DAG File Processing Stats

File Path                             PID    Runtime      # DAGs    # Errors  Last Runtime    Last Run
------------------------------------  -----  ---------  --------  ----------  --------------  -------------------
/opt/airflow/dags/flight-pipeline.py                           0           1  0.11s           2026-04-10T07:40:27
================================================================================
[2026-04-10T07:41:04.447+0000] {manager.py:878} INFO - 
================================================================================
DAG File Processing Stats

File Path                             PID    Runtime      # DAGs    # Errors  Last Runtime    Last Run
------------------------------------  -----  ---------  --------  ----------  --------------  -------------------
/opt/airflow/dags/flight-pipeline.py                           0           1  0.12s           2026-04-10T07:40:57
================================================================================
[2026-04-10T07:41:33.742+0000] {manager.py:1128} WARNING - Skipping processing of missing file: /opt/airflow/dags/flight-pipeline.py
[2026-04-10T07:41:52.842+0000] {manager.py:737} INFO - Searching for files in /opt/airflow/dags
[2026-04-10T07:41:52.883+0000] {manager.py:740} INFO - There are 1 files in /opt/airflow/dags
[2026-04-10T07:42:05.058+0000] {manager.py:878} INFO - 
================================================================================
DAG File Processing Stats

File Path                             PID    Runtime      # DAGs    # Errors  Last Runtime    Last Run
------------------------------------  -----  ---------  --------  ----------  --------------  -------------------
/opt/airflow/dags/flight_pipeline.py                           0           1  0.21s           2026-04-10T07:41:53
================================================================================
[2026-04-10T07:42:35.418+0000] {manager.py:878} INFO - 
================================================================================
DAG File Processing Stats

File Path                             PID    Runtime      # DAGs    # Errors  Last Runtime    Last Run
------------------------------------  -----  ---------  --------  ----------  --------------  -------------------
/opt/airflow/dags/flight_pipeline.py                           0           1  0.13s           2026-04-10T07:42:23
================================================================================
[2026-04-10T07:43:05.690+0000] {manager.py:878} INFO - 
================================================================================
DAG File Processing Stats

File Path                             PID    Runtime      # DAGs    # Errors  Last Runtime    Last Run
------------------------------------  -----  ---------  --------  ----------  --------------  -------------------
/opt/airflow/dags/flight_pipeline.py                           0           1  0.15s           2026-04-10T07:42:53
================================================================================
[2026-04-10T07:43:35.994+0000] {manager.py:878} INFO - 
================================================================================
DAG File Processing Stats

File Path                             PID    Runtime      # DAGs    # Errors  Last Runtime    Last Run
------------------------------------  -----  ---------  --------  ----------  --------------  -------------------
/opt/airflow/dags/flight_pipeline.py                           0           1  0.10s           2026-04-10T07:43:23
================================================================================
[2026-04-10T07:44:06.217+0000] {manager.py:878} INFO - 
================================================================================
DAG File Processing Stats

File Path                             PID    Runtime      # DAGs    # Errors  Last Runtime    Last Run
------------------------------------  -----  ---------  --------  ----------  --------------  -------------------
/opt/airflow/dags/flight_pipeline.py                           0           1  0.12s           2026-04-10T07:43:54
================================================================================
[2026-04-10T07:44:36.567+0000] {manager.py:878} INFO - 
================================================================================
DAG File Processing Stats

File Path                             PID    Runtime      # DAGs    # Errors  Last Runtime    Last Run
------------------------------------  -----  ---------  --------  ----------  --------------  -------------------
/opt/airflow/dags/flight_pipeline.py                           0           1  0.11s           2026-04-10T07:44:24
================================================================================
[2026-04-10T07:45:06.637+0000] {manager.py:878} INFO - 
================================================================================
DAG File Processing Stats

File Path                             PID    Runtime      # DAGs    # Errors  Last Runtime    Last Run
------------------------------------  -----  ---------  --------  ----------  --------------  -------------------
/opt/airflow/dags/flight_pipeline.py                           0           1  0.10s           2026-04-10T07:45:06
================================================================================
[2026-04-10T07:45:17.413+0000] {manager.py:452} INFO - Exiting gracefully upon receiving signal 15
[2026-04-13T01:48:41.688+0000] {manager.py:470} INFO - Processing files using up to 2 processes at a time 
[2026-04-13T01:48:41.691+0000] {manager.py:471} INFO - Process each file at most once every 30 seconds
[2026-04-13T01:48:41.694+0000] {manager.py:472} INFO - Checking for new files in /opt/airflow/dags every 300 seconds
[2026-04-13T01:48:41.697+0000] {manager.py:737} INFO - Searching for files in /opt/airflow/dags
[2026-04-13T01:48:41.805+0000] {manager.py:740} INFO - There are 1 files in /opt/airflow/dags
[2026-04-13T01:48:42.122+0000] {manager.py:878} INFO - 
================================================================================
DAG File Processing Stats

File Path                               PID  Runtime      # DAGs    # Errors  Last Runtime    Last Run
------------------------------------  -----  ---------  --------  ----------  --------------  ----------
/opt/airflow/dags/flight-pipeline.py     25  0.18s             0           0
================================================================================
[2026-04-13T01:49:12.437+0000] {manager.py:878} INFO - 
================================================================================
DAG File Processing Stats

File Path                             PID    Runtime      # DAGs    # Errors  Last Runtime    Last Run
------------------------------------  -----  ---------  --------  ----------  --------------  -------------------
/opt/airflow/dags/flight-pipeline.py                           0           1  7.38s           2026-04-13T01:48:49
================================================================================
[2026-04-13T01:49:22.782+0000] {manager.py:452} INFO - Exiting gracefully upon receiving signal 15
[2026-04-13T01:53:19.285+0000] {manager.py:470} INFO - Processing files using up to 2 processes at a time 
[2026-04-13T01:53:19.288+0000] {manager.py:471} INFO - Process each file at most once every 30 seconds
[2026-04-13T01:53:19.291+0000] {manager.py:472} INFO - Checking for new files in /opt/airflow/dags every 300 seconds
[2026-04-13T01:53:19.294+0000] {manager.py:737} INFO - Searching for files in /opt/airflow/dags
[2026-04-13T01:53:19.375+0000] {manager.py:740} INFO - There are 1 files in /opt/airflow/dags
[2026-04-13T01:53:19.568+0000] {manager.py:878} INFO - 
================================================================================
DAG File Processing Stats

File Path                               PID  Runtime      # DAGs    # Errors  Last Runtime    Last Run
------------------------------------  -----  ---------  --------  ----------  --------------  ----------
/opt/airflow/dags/flight-pipeline.py     25  0.10s             0           0
================================================================================
[2026-04-13T01:53:49.879+0000] {manager.py:878} INFO - 
================================================================================
DAG File Processing Stats

File Path                               PID  Runtime      # DAGs    # Errors  Last Runtime    Last Run
------------------------------------  -----  ---------  --------  ----------  --------------  -------------------
/opt/airflow/dags/flight-pipeline.py     26  0.01s             0           1  0.20s           2026-04-13T01:53:19
================================================================================
[2026-04-13T01:53:54.542+0000] {manager.py:452} INFO - Exiting gracefully upon receiving signal 15
[2026-04-13T01:55:09.892+0000] {manager.py:470} INFO - Processing files using up to 2 processes at a time 
[2026-04-13T01:55:09.898+0000] {manager.py:471} INFO - Process each file at most once every 30 seconds
[2026-04-13T01:55:09.908+0000] {manager.py:472} INFO - Checking for new files in /opt/airflow/dags every 300 seconds
[2026-04-13T01:55:09.917+0000] {manager.py:737} INFO - Searching for files in /opt/airflow/dags
[2026-04-13T01:55:10.031+0000] {manager.py:740} INFO - There are 1 files in /opt/airflow/dags
[2026-04-13T01:55:10.322+0000] {manager.py:878} INFO - 
================================================================================
DAG File Processing Stats

File Path                               PID  Runtime      # DAGs    # Errors  Last Runtime    Last Run
------------------------------------  -----  ---------  --------  ----------  --------------  ----------
/opt/airflow/dags/flight-pipeline.py     25  0.13s             0           0
================================================================================
[2026-04-13T01:55:40.622+0000] {manager.py:878} INFO - 
================================================================================
DAG File Processing Stats

File Path                               PID  Runtime      # DAGs    # Errors  Last Runtime    Last Run
------------------------------------  -----  ---------  --------  ----------  --------------  -------------------
/opt/airflow/dags/flight-pipeline.py     26  0.01s             0           1  0.20s           2026-04-13T01:55:10
================================================================================
[2026-04-13T01:56:10.944+0000] {manager.py:878} INFO - 
================================================================================
DAG File Processing Stats

File Path                               PID  Runtime      # DAGs    # Errors  Last Runtime    Last Run
------------------------------------  -----  ---------  --------  ----------  --------------  -------------------
/opt/airflow/dags/flight-pipeline.py     27  0.01s             0           1  0.11s           2026-04-13T01:55:40
================================================================================
[2026-04-13T01:56:41.233+0000] {manager.py:878} INFO - 
================================================================================
DAG File Processing Stats

File Path                               PID  Runtime      # DAGs    # Errors  Last Runtime    Last Run
------------------------------------  -----  ---------  --------  ----------  --------------  -------------------
/opt/airflow/dags/flight-pipeline.py     28  0.01s             0           1  0.10s           2026-04-13T01:56:11
================================================================================
[2026-04-13T01:57:11.615+0000] {manager.py:878} INFO - 
================================================================================
DAG File Processing Stats

File Path                               PID  Runtime      # DAGs    # Errors  Last Runtime    Last Run
------------------------------------  -----  ---------  --------  ----------  --------------  -------------------
/opt/airflow/dags/flight-pipeline.py     29  0.00s             0           1  0.13s           2026-04-13T01:56:41
================================================================================
[2026-04-13T01:57:42.052+0000] {manager.py:878} INFO - 
================================================================================
DAG File Processing Stats

File Path                               PID  Runtime      # DAGs    # Errors  Last Runtime    Last Run
------------------------------------  -----  ---------  --------  ----------  --------------  -------------------
/opt/airflow/dags/flight-pipeline.py     30  0.01s             0           1  0.10s           2026-04-13T01:57:11
================================================================================
[2026-04-13T01:58:12.413+0000] {manager.py:878} INFO - 
================================================================================
DAG File Processing Stats

File Path                               PID  Runtime      # DAGs    # Errors  Last Runtime    Last Run
------------------------------------  -----  ---------  --------  ----------  --------------  -------------------
/opt/airflow/dags/flight-pipeline.py     31  0.01s             0           1  0.26s           2026-04-13T01:57:42
================================================================================
[2026-04-13T01:58:42.815+0000] {manager.py:878} INFO - 
================================================================================
DAG File Processing Stats

File Path                               PID  Runtime      # DAGs    # Errors  Last Runtime    Last Run
------------------------------------  -----  ---------  --------  ----------  --------------  -------------------
/opt/airflow/dags/flight-pipeline.py     32  0.00s             0           1  0.11s           2026-04-13T01:58:12
================================================================================
[2026-04-13T01:59:13.170+0000] {manager.py:878} INFO - 
================================================================================
DAG File Processing Stats

File Path                               PID  Runtime      # DAGs    # Errors  Last Runtime    Last Run
------------------------------------  -----  ---------  --------  ----------  --------------  -------------------
/opt/airflow/dags/flight-pipeline.py     33  0.01s             0           1  0.10s           2026-04-13T01:58:42
================================================================================
[2026-04-13T01:59:43.569+0000] {manager.py:878} INFO - 
================================================================================
DAG File Processing Stats

File Path                               PID  Runtime      # DAGs    # Errors  Last Runtime    Last Run
------------------------------------  -----  ---------  --------  ----------  --------------  -------------------
/opt/airflow/dags/flight-pipeline.py     34  0.00s             0           1  0.10s           2026-04-13T01:59:13
================================================================================
[2026-04-13T02:00:09.963+0000] {manager.py:737} INFO - Searching for files in /opt/airflow/dags
[2026-04-13T02:00:10.007+0000] {manager.py:740} INFO - There are 1 files in /opt/airflow/dags
[2026-04-13T02:00:14.083+0000] {manager.py:878} INFO - 
================================================================================
DAG File Processing Stats

File Path                               PID  Runtime      # DAGs    # Errors  Last Runtime    Last Run
------------------------------------  -----  ---------  --------  ----------  --------------  -------------------
/opt/airflow/dags/flight-pipeline.py     35  0.01s             0           1  0.10s           2026-04-13T01:59:43
================================================================================
[2026-04-13T02:00:44.437+0000] {manager.py:878} INFO - 
================================================================================
DAG File Processing Stats

File Path                               PID  Runtime      # DAGs    # Errors  Last Runtime    Last Run
------------------------------------  -----  ---------  --------  ----------  --------------  -------------------
/opt/airflow/dags/flight-pipeline.py     36  0.00s             0           1  0.11s           2026-04-13T02:00:14
================================================================================
[2026-04-13T02:01:14.789+0000] {manager.py:878} INFO - 
================================================================================
DAG File Processing Stats

File Path                               PID  Runtime      # DAGs    # Errors  Last Runtime    Last Run
------------------------------------  -----  ---------  --------  ----------  --------------  -------------------
/opt/airflow/dags/flight-pipeline.py     37  0.00s             0           1  0.10s           2026-04-13T02:00:44
================================================================================
[2026-04-13T02:01:45.261+0000] {manager.py:878} INFO - 
================================================================================
DAG File Processing Stats

File Path                             PID    Runtime      # DAGs    # Errors  Last Runtime    Last Run
------------------------------------  -----  ---------  --------  ----------  --------------  -------------------
/opt/airflow/dags/flight-pipeline.py                           0           1  0.11s           2026-04-13T02:01:36
================================================================================
[2026-04-13T02:02:15.633+0000] {manager.py:878} INFO - 
================================================================================
DAG File Processing Stats

File Path                             PID    Runtime      # DAGs    # Errors  Last Runtime    Last Run
------------------------------------  -----  ---------  --------  ----------  --------------  -------------------
/opt/airflow/dags/flight-pipeline.py                           0           1  0.09s           2026-04-13T02:02:06
================================================================================
[2026-04-13T02:02:46.046+0000] {manager.py:878} INFO - 
================================================================================
DAG File Processing Stats

File Path                             PID    Runtime      # DAGs    # Errors  Last Runtime    Last Run
------------------------------------  -----  ---------  --------  ----------  --------------  -------------------
/opt/airflow/dags/flight-pipeline.py                           0           1  0.11s           2026-04-13T02:02:36
================================================================================
[2026-04-13T02:03:16.544+0000] {manager.py:878} INFO - 
================================================================================
DAG File Processing Stats

File Path                             PID    Runtime      # DAGs    # Errors  Last Runtime    Last Run
------------------------------------  -----  ---------  --------  ----------  --------------  -------------------
/opt/airflow/dags/flight-pipeline.py                           0           1  0.11s           2026-04-13T02:03:07
================================================================================
[2026-04-13T02:03:46.962+0000] {manager.py:878} INFO - 
================================================================================
DAG File Processing Stats

File Path                             PID    Runtime      # DAGs    # Errors  Last Runtime    Last Run
------------------------------------  -----  ---------  --------  ----------  --------------  -------------------
/opt/airflow/dags/flight-pipeline.py                           0           1  0.10s           2026-04-13T02:03:37
================================================================================
[2026-04-13T02:04:17.390+0000] {manager.py:878} INFO - 
================================================================================
DAG File Processing Stats

File Path                             PID    Runtime      # DAGs    # Errors  Last Runtime    Last Run
------------------------------------  -----  ---------  --------  ----------  --------------  -------------------
/opt/airflow/dags/flight-pipeline.py                           0           1  0.09s           2026-04-13T02:04:08
================================================================================
[2026-04-13T02:04:47.787+0000] {manager.py:878} INFO - 
================================================================================
DAG File Processing Stats

File Path                             PID    Runtime      # DAGs    # Errors  Last Runtime    Last Run
------------------------------------  -----  ---------  --------  ----------  --------------  -------------------
/opt/airflow/dags/flight-pipeline.py                           0           1  0.11s           2026-04-13T02:04:38
================================================================================
[2026-04-13T02:05:10.199+0000] {manager.py:737} INFO - Searching for files in /opt/airflow/dags
[2026-04-13T02:05:10.246+0000] {manager.py:740} INFO - There are 1 files in /opt/airflow/dags
[2026-04-13T02:05:18.354+0000] {manager.py:878} INFO - 
================================================================================
DAG File Processing Stats

File Path                             PID    Runtime      # DAGs    # Errors  Last Runtime    Last Run
------------------------------------  -----  ---------  --------  ----------  --------------  -------------------
/opt/airflow/dags/flight-pipeline.py                           0           1  0.11s           2026-04-13T02:05:11
================================================================================
[2026-04-13T02:05:18.366+0000] {manager.py:452} INFO - Exiting gracefully upon receiving signal 15
[2026-04-13T02:10:57.200+0000] {manager.py:470} INFO - Processing files using up to 2 processes at a time 
[2026-04-13T02:10:57.204+0000] {manager.py:471} INFO - Process each file at most once every 30 seconds
[2026-04-13T02:10:57.206+0000] {manager.py:472} INFO - Checking for new files in /opt/airflow/dags every 300 seconds
[2026-04-13T02:10:57.208+0000] {manager.py:737} INFO - Searching for files in /opt/airflow/dags
[2026-04-13T02:10:57.290+0000] {manager.py:740} INFO - There are 1 files in /opt/airflow/dags
[2026-04-13T02:10:57.612+0000] {manager.py:878} INFO - 
================================================================================
DAG File Processing Stats

File Path                               PID  Runtime      # DAGs    # Errors  Last Runtime    Last Run
------------------------------------  -----  ---------  --------  ----------  --------------  ----------
/opt/airflow/dags/flight-pipeline.py     25  0.17s             0           0
================================================================================
[2026-04-13T02:11:27.901+0000] {manager.py:878} INFO - 
================================================================================
DAG File Processing Stats

File Path                               PID  Runtime      # DAGs    # Errors  Last Runtime    Last Run
------------------------------------  -----  ---------  --------  ----------  --------------  -------------------
/opt/airflow/dags/flight-pipeline.py     26  0.00s             0           1  0.34s           2026-04-13T02:10:57
================================================================================
[2026-04-13T02:11:58.333+0000] {manager.py:878} INFO - 
================================================================================
DAG File Processing Stats

File Path                               PID  Runtime      # DAGs    # Errors  Last Runtime    Last Run
------------------------------------  -----  ---------  --------  ----------  --------------  -------------------
/opt/airflow/dags/flight-pipeline.py     27  0.00s             0           1  0.10s           2026-04-13T02:11:27
================================================================================
[2026-04-13T02:12:28.639+0000] {manager.py:878} INFO - 
================================================================================
DAG File Processing Stats

File Path                               PID  Runtime      # DAGs    # Errors  Last Runtime    Last Run
------------------------------------  -----  ---------  --------  ----------  --------------  -------------------
/opt/airflow/dags/flight-pipeline.py     28  0.00s             0           1  0.10s           2026-04-13T02:11:58
================================================================================
[2026-04-13T02:12:59.105+0000] {manager.py:878} INFO - 
================================================================================
DAG File Processing Stats

File Path                               PID  Runtime      # DAGs    # Errors  Last Runtime    Last Run
------------------------------------  -----  ---------  --------  ----------  --------------  -------------------
/opt/airflow/dags/flight-pipeline.py     29  0.00s             0           1  0.10s           2026-04-13T02:12:28
================================================================================
[2026-04-13T02:13:29.443+0000] {manager.py:878} INFO - 
================================================================================
DAG File Processing Stats

File Path                               PID  Runtime      # DAGs    # Errors  Last Runtime    Last Run
------------------------------------  -----  ---------  --------  ----------  --------------  -------------------
/opt/airflow/dags/flight-pipeline.py     30  0.00s             0           1  0.10s           2026-04-13T02:12:59
================================================================================
[2026-04-13T02:13:59.716+0000] {manager.py:878} INFO - 
================================================================================
DAG File Processing Stats

File Path                               PID  Runtime      # DAGs    # Errors  Last Runtime    Last Run
------------------------------------  -----  ---------  --------  ----------  --------------  -------------------
/opt/airflow/dags/flight-pipeline.py     31  0.00s             0           1  0.09s           2026-04-13T02:13:29
================================================================================
[2026-04-13T02:14:30.304+0000] {manager.py:878} INFO - 
================================================================================
DAG File Processing Stats

File Path                               PID  Runtime      # DAGs    # Errors  Last Runtime    Last Run
------------------------------------  -----  ---------  --------  ----------  --------------  -------------------
/opt/airflow/dags/flight-pipeline.py     32  0.00s             0           1  0.09s           2026-04-13T02:13:59
================================================================================
[2026-04-13T02:15:00.826+0000] {manager.py:878} INFO - 
================================================================================
DAG File Processing Stats

File Path                               PID  Runtime      # DAGs    # Errors  Last Runtime    Last Run
------------------------------------  -----  ---------  --------  ----------  --------------  -------------------
/opt/airflow/dags/flight-pipeline.py     33  0.00s             0           1  0.10s           2026-04-13T02:14:30
================================================================================
[2026-04-13T02:15:31.400+0000] {manager.py:878} INFO - 
================================================================================
DAG File Processing Stats

File Path                               PID  Runtime      # DAGs    # Errors  Last Runtime    Last Run
------------------------------------  -----  ---------  --------  ----------  --------------  -------------------
/opt/airflow/dags/flight-pipeline.py     34  0.01s             0           1  0.09s           2026-04-13T02:15:00
================================================================================
[2026-04-13T02:15:57.831+0000] {manager.py:737} INFO - Searching for files in /opt/airflow/dags
[2026-04-13T02:15:57.936+0000] {manager.py:740} INFO - There are 1 files in /opt/airflow/dags
[2026-04-13T02:16:02.015+0000] {manager.py:878} INFO - 
================================================================================
DAG File Processing Stats

File Path                               PID  Runtime      # DAGs    # Errors  Last Runtime    Last Run
------------------------------------  -----  ---------  --------  ----------  --------------  -------------------
/opt/airflow/dags/flight-pipeline.py     35  0.00s             0           1  0.12s           2026-04-13T02:15:31
================================================================================
[2026-04-13T02:16:32.482+0000] {manager.py:878} INFO - 
================================================================================
DAG File Processing Stats

File Path                               PID  Runtime      # DAGs    # Errors  Last Runtime    Last Run
------------------------------------  -----  ---------  --------  ----------  --------------  -------------------
/opt/airflow/dags/flight-pipeline.py     36  0.00s             0           1  0.10s           2026-04-13T02:16:02
================================================================================
[2026-04-13T02:17:02.837+0000] {manager.py:878} INFO - 
================================================================================
DAG File Processing Stats

File Path                               PID  Runtime      # DAGs    # Errors  Last Runtime    Last Run
------------------------------------  -----  ---------  --------  ----------  --------------  -------------------
/opt/airflow/dags/flight-pipeline.py     37  0.01s             0           1  0.09s           2026-04-13T02:16:32
================================================================================
[2026-04-13T02:17:33.193+0000] {manager.py:878} INFO - 
================================================================================
DAG File Processing Stats

File Path                               PID  Runtime      # DAGs    # Errors  Last Runtime    Last Run
------------------------------------  -----  ---------  --------  ----------  --------------  -------------------
/opt/airflow/dags/flight-pipeline.py     38  0.01s             0           1  0.10s           2026-04-13T02:17:02
================================================================================
[2026-04-13T02:18:03.550+0000] {manager.py:878} INFO - 
================================================================================
DAG File Processing Stats

File Path                               PID  Runtime      # DAGs    # Errors  Last Runtime    Last Run
------------------------------------  -----  ---------  --------  ----------  --------------  -------------------
/opt/airflow/dags/flight-pipeline.py     39  0.00s             0           1  0.10s           2026-04-13T02:17:33
================================================================================
[2026-04-13T02:18:33.881+0000] {manager.py:878} INFO - 
================================================================================
DAG File Processing Stats

File Path                               PID  Runtime      # DAGs    # Errors  Last Runtime    Last Run
------------------------------------  -----  ---------  --------  ----------  --------------  -------------------
/opt/airflow/dags/flight-pipeline.py     40  0.01s             0           1  0.09s           2026-04-13T02:18:03
================================================================================
[2026-04-13T02:19:04.397+0000] {manager.py:878} INFO - 
================================================================================
DAG File Processing Stats

File Path                               PID  Runtime      # DAGs    # Errors  Last Runtime    Last Run
------------------------------------  -----  ---------  --------  ----------  --------------  -------------------
/opt/airflow/dags/flight-pipeline.py     41  0.00s             0           1  0.10s           2026-04-13T02:18:33
================================================================================
[2026-04-13T02:19:34.812+0000] {manager.py:878} INFO - 
================================================================================
DAG File Processing Stats

File Path                               PID  Runtime      # DAGs    # Errors  Last Runtime    Last Run
------------------------------------  -----  ---------  --------  ----------  --------------  -------------------
/opt/airflow/dags/flight-pipeline.py     42  0.00s             0           1  0.09s           2026-04-13T02:19:04
================================================================================
[2026-04-13T02:20:05.150+0000] {manager.py:878} INFO - 
================================================================================
DAG File Processing Stats

File Path                               PID  Runtime      # DAGs    # Errors  Last Runtime    Last Run
------------------------------------  -----  ---------  --------  ----------  --------------  -------------------
/opt/airflow/dags/flight-pipeline.py     43  0.00s             0           1  0.09s           2026-04-13T02:19:34
================================================================================
[2026-04-13T02:20:35.468+0000] {manager.py:878} INFO - 
================================================================================
DAG File Processing Stats

File Path                               PID  Runtime      # DAGs    # Errors  Last Runtime    Last Run
------------------------------------  -----  ---------  --------  ----------  --------------  -------------------
/opt/airflow/dags/flight-pipeline.py     44  0.01s             0           1  0.09s           2026-04-13T02:20:05
================================================================================
[2026-04-13T02:20:58.717+0000] {manager.py:737} INFO - Searching for files in /opt/airflow/dags
[2026-04-13T02:20:58.759+0000] {manager.py:740} INFO - There are 1 files in /opt/airflow/dags
[2026-04-13T02:21:05.907+0000] {manager.py:878} INFO - 
================================================================================
DAG File Processing Stats

File Path                               PID  Runtime      # DAGs    # Errors  Last Runtime    Last Run
------------------------------------  -----  ---------  --------  ----------  --------------  -------------------
/opt/airflow/dags/flight-pipeline.py     45  0.00s             0           1  0.11s           2026-04-13T02:20:35
================================================================================
[2026-04-13T02:21:36.261+0000] {manager.py:878} INFO - 
================================================================================
DAG File Processing Stats

File Path                               PID  Runtime      # DAGs    # Errors  Last Runtime    Last Run
------------------------------------  -----  ---------  --------  ----------  --------------  -------------------
/opt/airflow/dags/flight-pipeline.py     46  0.00s             0           1  0.10s           2026-04-13T02:21:06
================================================================================
[2026-04-13T02:22:06.668+0000] {manager.py:878} INFO - 
================================================================================
DAG File Processing Stats

File Path                               PID  Runtime      # DAGs    # Errors  Last Runtime    Last Run
------------------------------------  -----  ---------  --------  ----------  --------------  -------------------
/opt/airflow/dags/flight-pipeline.py     47  0.01s             0           1  0.09s           2026-04-13T02:21:36
================================================================================
[2026-04-13T02:22:37.138+0000] {manager.py:878} INFO - 
================================================================================
DAG File Processing Stats

File Path                               PID  Runtime      # DAGs    # Errors  Last Runtime    Last Run
------------------------------------  -----  ---------  --------  ----------  --------------  -------------------
/opt/airflow/dags/flight-pipeline.py     48  0.01s             0           1  0.14s           2026-04-13T02:22:06
================================================================================
[2026-04-13T02:23:07.746+0000] {manager.py:878} INFO - 
================================================================================
DAG File Processing Stats

File Path                               PID  Runtime      # DAGs    # Errors  Last Runtime    Last Run
------------------------------------  -----  ---------  --------  ----------  --------------  -------------------
/opt/airflow/dags/flight-pipeline.py     49  0.01s             0           1  0.11s           2026-04-13T02:22:37
================================================================================
[2026-04-13T02:23:38.334+0000] {manager.py:878} INFO - 
================================================================================
DAG File Processing Stats

File Path                               PID  Runtime      # DAGs    # Errors  Last Runtime    Last Run
------------------------------------  -----  ---------  --------  ----------  --------------  -------------------
/opt/airflow/dags/flight-pipeline.py     50  0.01s             0           1  0.09s           2026-04-13T02:23:07
================================================================================
[2026-04-13T02:24:08.912+0000] {manager.py:878} INFO - 
================================================================================
DAG File Processing Stats

File Path                               PID  Runtime      # DAGs    # Errors  Last Runtime    Last Run
------------------------------------  -----  ---------  --------  ----------  --------------  -------------------
/opt/airflow/dags/flight-pipeline.py     51  0.01s             0           1  0.10s           2026-04-13T02:23:38
================================================================================
[2026-04-13T02:24:39.304+0000] {manager.py:878} INFO - 
================================================================================
DAG File Processing Stats

File Path                               PID  Runtime      # DAGs    # Errors  Last Runtime    Last Run
------------------------------------  -----  ---------  --------  ----------  --------------  -------------------
/opt/airflow/dags/flight-pipeline.py     52  0.01s             0           1  0.12s           2026-04-13T02:24:09
================================================================================
[2026-04-13T02:25:09.721+0000] {manager.py:878} INFO - 
================================================================================
DAG File Processing Stats

File Path                               PID  Runtime      # DAGs    # Errors  Last Runtime    Last Run
------------------------------------  -----  ---------  --------  ----------  --------------  -------------------
/opt/airflow/dags/flight-pipeline.py     53  0.01s             0           1  0.11s           2026-04-13T02:24:39
================================================================================
[2026-04-13T02:25:34.755+0000] {manager.py:452} INFO - Exiting gracefully upon receiving signal 15
